text,intent,
Actually Can nurse bring me a pen and paper can you help?,nurse_request,
Actually Can nurse bring me a pen and paper please,nurse_request,
Actually Can nurse help apply the cream the doctor prescribed kindly help.,nurse_request,
Actually Can someone adjust my neck collar it is rubbing please,nurse_request,
Actually Can someone adjust the curtain for privacy at the earliest please.,nurse_request,
Actually Can someone bring a washcloth and warm water kindly help.,nurse_request,
Actually Can someone bring a washcloth and warm water this is urgent.,nurse_request,
Actually Can someone change the drip bag it is almost done,nurse_request,
Actually Can someone check my wound for signs of infection can someone help?,nurse_request,
Actually Can someone check on my roommate they look unwell is that possible?,nurse_request,
Actually Can someone dim the lights in my room thank you so much,nurse_request,
Actually Can someone fix the monitor electrode on my chest,nurse_request,
Actually Can someone fix the monitor electrode on my chest at the earliest please.,nurse_request,
Actually Can someone help me get out of bed to stretch kindly help.,nurse_request,
Actually Can someone help me put on my compression stockings is that possible?,nurse_request,
Actually Can someone help me put on my compression stockings please,nurse_request,
Actually Can someone put the cooling gel on my swollen ankle,nurse_request,
Actually Can someone put the cooling gel on my swollen ankle this is urgent.,nurse_request,
Actually Can someone reset the monitor alarm,nurse_request,
Actually Can the nurse assist me with a bed bath please help.,nurse_request,
Actually Can the nurse bring an extra pillow at the earliest please.,nurse_request,
Actually Can the nurse bring the portable commode can someone help?,nurse_request,
Actually Can the nurse check if my wound is healing properly as soon as possible.,nurse_request,
Actually Can the nurse check my IV drip kindly help.,nurse_request,
Actually Can the nurse help me clean up thank you so much,nurse_request,
Actually Can the nurse please come and check on me can you help?,nurse_request,
Actually Hello is there a nurse on this floor can you help?,nurse_request,
Actually I am feeling nervous about the surgery can someone come,nurse_request,
Actually I am feeling very alone can a nurse come sit with me,nurse_request,
Actually I am in a lot of discomfort please send nurse,nurse_request,
Actually I feel restless and cannot relax can someone help this is urgent.,nurse_request,
Actually I have been waiting for a nurse for a while kindly help.,nurse_request,
Actually I keep sliding down the bed can nurse reposition me,nurse_request,
Actually I need a clean towel please as soon as possible.,nurse_request,
Actually I need help adjusting my bed position,nurse_request,
Actually I need help changing into clean clothes thank you so much,nurse_request,
Actually I need help cleaning up after using the bedpan please,nurse_request,
Actually I need help going to the bathroom please,nurse_request,
Actually I need help lying on my left side kindly help.,nurse_request,
Actually I need help putting on deodorant can you help?,nurse_request,
Actually I need help turning over in bed my back is hurting,nurse_request,
Actually I need help washing my face can you help?,nurse_request,
Actually I need my eye drops administered by the nurse can someone help?,nurse_request,
Actually I need something for this headache please I would really appreciate it.,nurse_request,
Actually I need the burn cream reapplied please is that possible?,nurse_request,
Actually I need the nurse on duty to come,nurse_request,
Actually I need the nurse to administer my injection I would really appreciate it.,nurse_request,
Actually I need the nurse to apply the ointment on my rash kindly help.,nurse_request,
Actually Is there a nurse available to come to my room,nurse_request,
Actually My IV is beeping can nurse come thank you,nurse_request,
Actually My back hurts can someone fix the bed angle,nurse_request,
Actually My catheter is uncomfortable can nurse adjust please help.,nurse_request,
Actually My drip has stopped flowing please come please help.,nurse_request,
Actually My oxygen mask is fogging up can nurse help please help.,nurse_request,
Actually My pain has not gone down can nurse come is that possible?,nurse_request,
Actually My temperature feels high can a nurse come thank you,nurse_request,
Actually My water jug is empty can nurse refill it,nurse_request,
Actually Nurse anne please come here I would really appreciate it.,nurse_request,
Actually Pain ki dawai chahiye nurse se poochho can someone help?,nurse_request,
Actually The light above my bed is bothering me can nurse fix,nurse_request,
Actually The suction machine is not working can nurse check,nurse_request,
Can I get some pain relief please is that possible?,nurse_request,
Can a nurse come and talk to me for a bit,nurse_request,
Can a nurse come the IV alarm is going off,nurse_request,
Can a nurse come the IV alarm is going off as soon as possible.,nurse_request,
Can a nurse come the IV alarm is going off please help.,nurse_request,
Can nurse apply the prescribed drops in my ear this is urgent.,nurse_request,
Can nurse come check the ECG leads they feel loose,nurse_request,
Can nurse come check the ECG leads they feel loose at the earliest please.,nurse_request,
Can nurse help apply the cream the doctor prescribed thank you so much,nurse_request,
Can nurse help me put on my support belt thank you,nurse_request,
Can someone adjust my neck collar it is rubbing as soon as possible.,nurse_request,
Can someone adjust the curtain for privacy thank you,nurse_request,
Can someone adjust the monitor settings the alarm keeps going off,nurse_request,
Can someone adjust the reading light for me I would really appreciate it.,nurse_request,
Can someone apply a fresh bandage to my arm I would really appreciate it.,nurse_request,
Can someone apply moisturizer on my dry skin,nurse_request,
Can someone apply moisturizer on my dry skin can you help?,nurse_request,
Can someone apply moisturizer on my dry skin is that possible?,nurse_request,
Can someone apply moisturizer on my dry skin thank you so much,nurse_request,
Can someone apply the healing balm on my wound edges can you help?,nurse_request,
Can someone apply the healing balm on my wound edges please,nurse_request,
Can someone bring a washcloth and warm water thank you,nurse_request,
Can someone bring me a straw for my water can someone help?,nurse_request,
Can someone bring me a warm compress can someone help?,nurse_request,
Can someone bring me a wet towel to wipe my face please help.,nurse_request,
Can someone bring me a wet towel to wipe my face thank you so much,nurse_request,
Can someone bring me an extra blanket as soon as possible.,nurse_request,
Can someone bring me the commode chair thank you,nurse_request,
Can someone bring my anti-nausea medication can someone help?,nurse_request,
Can someone bring my walking stick from the corner is that possible?,nurse_request,
Can someone check if the right fluid is in my IV please help.,nurse_request,
Can someone check my oxygen levels thank you,nurse_request,
Can someone check my wound for signs of infection,nurse_request,
Can someone check my wound for signs of infection can someone help?,nurse_request,
Can someone come I am feeling very restless thank you,nurse_request,
Can someone come I am feeling very restless this is urgent.,nurse_request,
Can someone come and check my respiratory rate thank you so much,nurse_request,
Can someone come monitor my heart rate for a bit this is urgent.,nurse_request,
Can someone come the heart monitor is beeping can someone help?,nurse_request,
Can someone come the heart monitor is beeping please,nurse_request,
Can someone come to my room please,nurse_request,
Can someone come to my room please this is urgent.,nurse_request,
Can someone flush my IV line please,nurse_request,
Can someone flush my IV line please is that possible?,nurse_request,
Can someone give me something for the cramps,nurse_request,
Can someone give me something for the cramps can you help?,nurse_request,
Can someone give me something for the cramps please help.,nurse_request,
Can someone hand me the TV remote I cannot reach it I would really appreciate it.,nurse_request,
Can someone help me get to the weighing scale,nurse_request,
Can someone help me get up I feel a bit weak can someone help?,nurse_request,
Can someone help me shave,nurse_request,
Can someone help me shave thank you,nurse_request,
Can someone help me use the restroom,nurse_request,
Can someone help me with my oxygen mask strap,nurse_request,
Can someone help me with my oxygen mask strap as soon as possible.,nurse_request,
Can someone help me with my oxygen mask strap please help.,nurse_request,
Can someone lower the TV volume I cannot reach the remote is that possible?,nurse_request,
Can someone lower the TV volume I cannot reach the remote thank you so much,nurse_request,
Can someone move the bedside table closer to me I would really appreciate it.,nurse_request,
Can someone move the bedside table closer to me please,nurse_request,
Can someone pass me my bag from the cupboard please,nurse_request,
Can someone pull the curtain around my bed thank you,nurse_request,
Can someone put a pillow between my knees as soon as possible.,nurse_request,
Can someone put the cooling gel on my swollen ankle,nurse_request,
Can someone reset the monitor alarm,nurse_request,
Can someone take my vitals please kindly help.,nurse_request,
Can the charge nurse come see me please,nurse_request,
Can the charge nurse come see me please at the earliest please.,nurse_request,
Can the duty nurse please come as soon as possible.,nurse_request,
Can the nurse adjust my pillow position please,nurse_request,
Can the nurse apply the steroid cream on my eczema,nurse_request,
Can the nurse apply the steroid cream on my eczema kindly help.,nurse_request,
Can the nurse apply the steroid cream on my eczema please,nurse_request,
Can the nurse apply the steroid cream on my eczema this is urgent.,nurse_request,
Can the nurse bring an extra pillow at the earliest please.,nurse_request,
Can the nurse bring an extra pillow kindly help.,nurse_request,
Can the nurse bring me a hot water bottle for my back thank you,nurse_request,
Can the nurse bring me some ice chips kindly help.,nurse_request,
Can the nurse bring my next dose of painkiller please,nurse_request,
Can the nurse check my oxygen levels please,nurse_request,
Can the nurse check my oxygen levels please can you help?,nurse_request,
Can the nurse check my oxygen levels please thank you,nurse_request,
Can the nurse come I need some comfort thank you,nurse_request,
Can the nurse give me my scheduled medication thank you,nurse_request,
Can the nurse help me adjust my splint,nurse_request,
Can the nurse help me adjust my splint at the earliest please.,nurse_request,
Can the nurse help me clean up please,nurse_request,
Can the nurse help me do my walking exercise I would really appreciate it.,nurse_request,
Can the nurse help me do my walking exercise can you help?,nurse_request,
Can the nurse help me put on my surgical stockings kindly help.,nurse_request,
Can the nurse help me put on my surgical stockings please,nurse_request,
Can the nurse help me sit on the edge of the bed kindly help.,nurse_request,
Can the nurse help me wash my hands,nurse_request,
Can the nurse reapply the ointment on my sore,nurse_request,
Can the nurse reconnect my IV please,nurse_request,
Can the senior nurse come check on me,nurse_request,
Can the senior nurse come check on me thank you so much,nurse_request,
Can you hear me? Can nurse apply the prescribed drops in my ear,nurse_request,
Can you hear me? Can nurse apply the prescribed drops in my ear kindly help.,nurse_request,
Can you hear me? Can someone adjust the curtain for privacy,nurse_request,
Can you hear me? Can someone adjust the monitor settings the alarm keeps going off I would really appreciate it.,nurse_request,
Can you hear me? Can someone apply moisturizer on my dry skin,nurse_request,
Can you hear me? Can someone change my wound dressing it is soaked through,nurse_request,
Can you hear me? Can someone check my blood sugar levels at the earliest please.,nurse_request,
Can you hear me? Can someone come monitor my heart rate for a bit,nurse_request,
Can you hear me? Can someone hand me the TV remote I cannot reach it as soon as possible.,nurse_request,
Can you hear me? Can someone help me get to the weighing scale,nurse_request,
Can you hear me? Can someone help me shift to the center of the bed,nurse_request,
Can you hear me? Can someone help me take a sponge bath as soon as possible.,nurse_request,
Can you hear me? Can someone help me with my oxygen mask strap is that possible?,nurse_request,
Can you hear me? Can someone lower the side rails so I can sit up I would really appreciate it.,nurse_request,
Can you hear me? Can someone put the cooling gel on my swollen ankle at the earliest please.,nurse_request,
Can you hear me? Can someone verify my pulse it seems irregular thank you,nurse_request,
Can you hear me? Can the duty nurse please come as soon as possible.,nurse_request,
Can you hear me? Can the nurse bring an extra pillow,nurse_request,
Can you hear me? Can the nurse bring me a neck pillow,nurse_request,
Can you hear me? Can the nurse bring me some ice chips as soon as possible.,nurse_request,
Can you hear me? Can the nurse change my IV bag it is empty kindly help.,nurse_request,
Can you hear me? Can the nurse check if my wound is healing properly this is urgent.,nurse_request,
Can you hear me? Can the nurse check my sugar levels before dinner I would really appreciate it.,nurse_request,
Can you hear me? Can the nurse come recheck my sugar levels thank you so much,nurse_request,
Can you hear me? Can the nurse help me put on my surgical stockings kindly help.,nurse_request,
Can you hear me? Can the nurse help me with my leg brace,nurse_request,
Can you hear me? I am feeling homesick can someone come by,nurse_request,
Can you hear me? I am feeling homesick can someone come by please,nurse_request,
Can you hear me? I am feeling very alone can a nurse come sit with me thank you,nurse_request,
Can you hear me? I am scared can someone come and be with me,nurse_request,
Can you hear me? I feel uneasy can a nurse come and check on me this is urgent.,nurse_request,
Can you hear me? I have been waiting for a nurse for a while can you help?,nurse_request,
Can you hear me? I have some pain can a nurse check on me,nurse_request,
Can you hear me? I need a bedpan please can you help?,nurse_request,
Can you hear me? I need help getting back into bed from the chair,nurse_request,
Can you hear me? I need help reaching the water on the side table I would really appreciate it.,nurse_request,
Can you hear me? I need my burn dressing replaced please thank you,nurse_request,
Can you hear me? I need someone to adjust the TV angle kindly help.,nurse_request,
Can you hear me? I need someone to adjust the TV angle this is urgent.,nurse_request,
Can you hear me? I need support to walk to the door and back,nurse_request,
Can you hear me? I need the burn cream reapplied please,nurse_request,
Can you hear me? I need the burn cream reapplied please this is urgent.,nurse_request,
Can you hear me? I need the curtain closed please,nurse_request,
Can you hear me? I need the medicated lotion applied on my back I would really appreciate it.,nurse_request,
Can you hear me? I need the nurse to clean my wound,nurse_request,
Can you hear me? I need the nurse to help me with my prosthetic this is urgent.,nurse_request,
Can you hear me? I need the tissue box moved closer please,nurse_request,
Can you hear me? I need the tissue box moved closer please as soon as possible.,nurse_request,
Can you hear me? I pressed the call bell but no one came please,nurse_request,
Can you hear me? My drip has stopped flowing please come thank you,nurse_request,
Can you hear me? My glasses are on the table can nurse hand them to me kindly help.,nurse_request,
Can you hear me? My heart rate feels fast can nurse check,nurse_request,
Can you hear me? My incision site is itching can nurse take a look thank you so much,nurse_request,
Can you hear me? My pain level is increasing can someone come thank you so much,nurse_request,
Can you hear me? My stomach is hurting can a nurse come check I would really appreciate it.,nurse_request,
Can you hear me? My water jug is empty can nurse refill it I would really appreciate it.,nurse_request,
Can you hear me? My wound is hurting a little can nurse see,nurse_request,
Can you hear me? Please check my pulse it feels weird,nurse_request,
Can you hear me? Please help me stand I have been sitting too long,nurse_request,
Can you hear me? Please lower the head of the bed I feel dizzy sitting up I would really appreciate it.,nurse_request,
Can you hear me? Please open the curtain I would like some daylight as soon as possible.,nurse_request,
Can you hear me? The alarm on my machine keeps going off thank you so much,nurse_request,
Can you hear me? The bandage on my hand is coming off I would really appreciate it.,nurse_request,
Can you hear me? The bandage on my hand is coming off thank you,nurse_request,
Can you hear me? The drip rate seems too slow can nurse check thank you,nurse_request,
Can you hear me? The machine next to me is making a loud noise can someone help?,nurse_request,
Can you hear me? The suction machine is not working can nurse check,nurse_request,
Can you hear me? The tape on my dressing is peeling off can you help?,nurse_request,
Can you hear me? The thermometer is not reading properly can nurse bring another thank you,nurse_request,
Can you hear me? The trash bin is full can someone empty it,nurse_request,
Can you hear me? The wound site is looking red can nurse check at the earliest please.,nurse_request,
Can you send the nursing staff please,nurse_request,
Excuse me Can a nurse come the IV alarm is going off,nurse_request,
Excuse me Can nurse apply the prescribed drops in my ear please,nurse_request,
Excuse me Can nurse bring me a pen and paper,nurse_request,
Excuse me Can nurse come check the ECG leads they feel loose thank you,nurse_request,
Excuse me Can nurse come reset the infusion pump alarm as soon as possible.,nurse_request,
Excuse me Can nurse come reset the infusion pump alarm thank you so much,nurse_request,
Excuse me Can nurse help apply the cream the doctor prescribed,nurse_request,
Excuse me Can nurse put the antiseptic on my cut at the earliest please.,nurse_request,
Excuse me Can nurse put the antiseptic on my cut thank you so much,nurse_request,
Excuse me Can nurse put the antiseptic on my cut this is urgent.,nurse_request,
Excuse me Can someone apply moisturizer on my dry skin is that possible?,nurse_request,
Excuse me Can someone bring me a straw for my water,nurse_request,
Excuse me Can someone bring me my muscle relaxant,nurse_request,
Excuse me Can someone come check my vitals I do not feel right,nurse_request,
Excuse me Can someone come the heart monitor is beeping,nurse_request,
Excuse me Can someone give me something for the cramps as soon as possible.,nurse_request,
Excuse me Can someone help me stand up from the bed please help.,nurse_request,
Excuse me Can someone help me with oral care,nurse_request,
Excuse me Can someone move the bedside table closer to me,nurse_request,
Excuse me Can someone pull the curtain around my bed,nurse_request,
Excuse me Can someone verify my pulse it seems irregular thank you so much,nurse_request,
Excuse me Can the nurse accompany me to the restroom can you help?,nurse_request,
Excuse me Can the nurse apply the steroid cream on my eczema,nurse_request,
Excuse me Can the nurse bring me a neck pillow kindly help.,nurse_request,
Excuse me Can the nurse bring my next dose of painkiller please,nurse_request,
Excuse me Can the nurse bring the portable commode is that possible?,nurse_request,
Excuse me Can the nurse give me my scheduled medication,nurse_request,
Excuse me Can the nurse hand me my phone from the drawer,nurse_request,
Excuse me Can the nurse hand me my phone from the drawer kindly help.,nurse_request,
Excuse me Can the nurse help me put on my surgical stockings,nurse_request,
Excuse me I am in a lot of discomfort please send nurse can someone help?,nurse_request,
Excuse me I dropped something on the floor can nurse pick it up,nurse_request,
Excuse me I feel dizzy can someone check my blood pressure,nurse_request,
Excuse me I feel moderate pain can someone come please help.,nurse_request,
Excuse me I feel restless and cannot relax can someone help is that possible?,nurse_request,
Excuse me I keep sliding down the bed can nurse reposition me,nurse_request,
Excuse me I need a bedpan please,nurse_request,
Excuse me I need another pillow for under my knees please,nurse_request,
Excuse me I need antibiotic cream applied on my wound thank you so much,nurse_request,
Excuse me I need help adjusting my arm sling,nurse_request,
Excuse me I need help changing into clean clothes thank you so much,nurse_request,
Excuse me I need help cleaning up after using the bedpan,nurse_request,
Excuse me I need help opening this medicine bottle thank you so much,nurse_request,
Excuse me I need my blood pressure checked please,nurse_request,
Excuse me I need my pain medicine please at the earliest please.,nurse_request,
Excuse me I need my pain medicine please can someone help?,nurse_request,
Excuse me I need nursing assistance thank you so much,nurse_request,
Excuse me I need support to walk to the door and back thank you,nurse_request,
Excuse me I need the burn cream reapplied please,nurse_request,
Excuse me I need the nurse to administer my injection,nurse_request,
Excuse me I need the nurse to apply the ointment on my rash as soon as possible.,nurse_request,
Excuse me I need the nurse to help me use the bedside commode thank you,nurse_request,
Excuse me I need the tissue box moved closer please is that possible?,nurse_request,
Excuse me I need to be repositioned I have pressure sore pain thank you so much,nurse_request,
Excuse me I need to use the restroom urgently can someone help,nurse_request,
Excuse me I pressed the call bell but no one came please help.,nurse_request,
Excuse me My IV is beeping can nurse come kindly help.,nurse_request,
Excuse me My IV site is swollen can a nurse look at it kindly help.,nurse_request,
Excuse me My arm is sore where the IV is can someone look at the earliest please.,nurse_request,
Excuse me My back hurts can someone fix the bed angle please help.,nurse_request,
Excuse me My catheter is causing some pain can nurse help I would really appreciate it.,nurse_request,
Excuse me My catheter tube is kinked can someone fix it can someone help?,nurse_request,
Excuse me My glasses fell under the bed can someone get them,nurse_request,
Excuse me My heart rate feels fast can nurse check as soon as possible.,nurse_request,
Excuse me My readings on the monitor look different can nurse check thank you so much,nurse_request,
Excuse me My sheets are stained can someone change them this is urgent.,nurse_request,
Excuse me My temperature feels high can a nurse come please help.,nurse_request,
Excuse me My wrist brace is too loose can nurse tighten it this is urgent.,nurse_request,
Excuse me Painkiller time achu la sister at the earliest please.,nurse_request,
Excuse me Please bring my inhaler from the nursing station this is urgent.,nurse_request,
Excuse me Please come and take my blood pressure reading thank you,nurse_request,
Excuse me Please lower my bed a little as soon as possible.,nurse_request,
Excuse me Please raise the foot end of my bed,nurse_request,
Excuse me Please send a nurse as soon as possible,nurse_request,
Excuse me Sister please come to bed 4,nurse_request,
Excuse me The monitor is beeping can nurse come check I would really appreciate it.,nurse_request,
Excuse me The pain medication is wearing off please send nurse please,nurse_request,
Excuse me The suction machine is not working can nurse check at the earliest please.,nurse_request,
Excuse me The thermometer is not reading properly can nurse bring another as soon as possible.,nurse_request,
Hello Can I get my evening pain medication now,nurse_request,
Hello Can I get my evening pain medication now I would really appreciate it.,nurse_request,
Hello Can a nurse come I am feeling disoriented is that possible?,nurse_request,
Hello Can a nurse come the IV alarm is going off,nurse_request,
Hello Can a nurse come the IV alarm is going off thank you,nurse_request,
Hello Can nurse apply the prescribed drops in my ear this is urgent.,nurse_request,
Hello Can nurse come reset the infusion pump alarm I would really appreciate it.,nurse_request,
Hello Can nurse help me put on my support belt this is urgent.,nurse_request,
Hello Can someone adjust the curtain for privacy kindly help.,nurse_request,
Hello Can someone adjust the reading light for me kindly help.,nurse_request,
Hello Can someone bring me a straw for my water thank you so much,nurse_request,
Hello Can someone bring me a toothbrush and paste,nurse_request,
Hello Can someone bring me a warm compress,nurse_request,
Hello Can someone bring me a warm compress please help.,nurse_request,
Hello Can someone bring me a wet towel to wipe my face thank you so much,nurse_request,
Hello Can someone bring me the commode chair this is urgent.,nurse_request,
Hello Can someone bring my antibiotics it is time can you help?,nurse_request,
Hello Can someone bring my antibiotics it is time kindly help.,nurse_request,
Hello Can someone check on my roommate they look unwell,nurse_request,
Hello Can someone come I am having a panic moment this is urgent.,nurse_request,
Hello Can someone come check my vitals I do not feel right kindly help.,nurse_request,
Hello Can someone hand me the TV remote I cannot reach it kindly help.,nurse_request,
Hello Can someone help me get into a comfortable position,nurse_request,
Hello Can someone help me get out of bed to stretch,nurse_request,
Hello Can someone help me get to the weighing scale at the earliest please.,nurse_request,
Hello Can someone help me take a sponge bath this is urgent.,nurse_request,
Hello Can someone help me with my hearing aid at the earliest please.,nurse_request,
Hello Can someone take my vitals please is that possible?,nurse_request,
Hello Can someone tilt my bed up a bit this is urgent.,nurse_request,
Hello Can someone verify my pulse it seems irregular can someone help?,nurse_request,
Hello Can the charge nurse come see me please help.,nurse_request,
Hello Can the charge nurse come see me please this is urgent.,nurse_request,
Hello Can the night nurse please check on me,nurse_request,
Hello Can the nurse apply fresh dressing to my wound at the earliest please.,nurse_request,
Hello Can the nurse apply the steroid cream on my eczema,nurse_request,
Hello Can the nurse bring the portable commode,nurse_request,
Hello Can the nurse check if my oxygen is okay at the earliest please.,nurse_request,
Hello Can the nurse check my pain medication at the earliest please.,nurse_request,
Hello Can the nurse check my pain medication is that possible?,nurse_request,
Hello Can the nurse come I need some comfort,nurse_request,
Hello Can the nurse come and check my vitals,nurse_request,
Hello Can the nurse help me clean up please,nurse_request,
Hello Can the nurse help me do my walking exercise as soon as possible.,nurse_request,
Hello Can the nurse help me practice walking with crutches,nurse_request,
Hello Can the nurse help me practice walking with crutches please help.,nurse_request,
Hello Can the nurse please come and check on me,nurse_request,
Hello Can the nurse put calamine on my itchy spots at the earliest please.,nurse_request,
Hello Can the nurse put calamine on my itchy spots thank you,nurse_request,
Hello Can the nurse reapply the ointment on my sore please,nurse_request,
Hello Can the senior nurse come check on me,nurse_request,
Hello Can the senior nurse come check on me as soon as possible.,nurse_request,
Hello Can you send the nursing staff please this is urgent.,nurse_request,
Hello I am feeling anxious please send the nurse,nurse_request,
Hello I am feeling homesick can someone come by,nurse_request,
Hello I am feeling homesick can someone come by at the earliest please.,nurse_request,
Hello I am feeling nervous about the surgery can someone come can you help?,nurse_request,
Hello I am feeling overwhelmed can someone sit with me is that possible?,nurse_request,
Hello I am having trouble sleeping can a nurse come please,nurse_request,
Hello I am missing my family can a nurse come talk kindly help.,nurse_request,
Hello I dropped my book can nurse pick it up,nurse_request,
Hello I dropped my book can nurse pick it up as soon as possible.,nurse_request,
Hello I feel restless and cannot relax can someone help,nurse_request,
Hello I need a footrest or pillow for my feet,nurse_request,
Hello I need a footrest or pillow for my feet is that possible?,nurse_request,
Hello I need a fresh gown this one is soiled,nurse_request,
Hello I need a lighter blanket this one is too heavy,nurse_request,
Hello I need a lighter blanket this one is too heavy this is urgent.,nurse_request,
Hello I need antibiotic cream applied on my wound,nurse_request,
Hello I need help adjusting my arm sling,nurse_request,
Hello I need help changing into clean clothes,nurse_request,
Hello I need help cleaning up after using the bedpan please help.,nurse_request,
Hello I need help opening this medicine bottle,nurse_request,
Hello I need help putting on my glasses they fell please help.,nurse_request,
Hello I need help reaching the water on the side table thank you,nurse_request,
Hello I need help turning to the other side,nurse_request,
Hello I need help washing my face is that possible?,nurse_request,
Hello I need my blood pressure checked please can someone help?,nurse_request,
Hello I need my eye drops administered by the nurse please,nurse_request,
Hello I need my oxygen saturation checked I would really appreciate it.,nurse_request,
Hello I need petroleum jelly on my chapped lips this is urgent.,nurse_request,
Hello I need sunscreen applied before I sit by the window,nurse_request,
Hello I need sunscreen applied before I sit by the window thank you so much,nurse_request,
Hello I need the bed raised higher for eating as soon as possible.,nurse_request,
Hello I need the burn cream reapplied please is that possible?,nurse_request,
Hello I need the nurse on duty to come,nurse_request,
Hello I need the nurse on duty to come as soon as possible.,nurse_request,
Hello I need the nurse to help me use the bedside commode please,nurse_request,
Hello I need the nurse to help me with my prosthetic can someone help?,nurse_request,
Hello I need the tissue box moved closer please,nurse_request,
Hello I need to be repositioned my hip is hurting,nurse_request,
Hello I pressed the call bell but no one came I would really appreciate it.,nurse_request,
Hello I really need a nurse can someone come is that possible?,nurse_request,
Hello I think I have a fever can nurse check,nurse_request,
Hello My IV is beeping can nurse come at the earliest please.,nurse_request,
Hello My arm is sore where the IV is can someone look,nurse_request,
Hello My call button is not working can someone come is that possible?,nurse_request,
Hello My catheter is causing some pain can nurse help thank you,nurse_request,
Hello My knee is throbbing can a nurse check on it please help.,nurse_request,
Hello My nebulizer mask does not fit properly can nurse adjust is that possible?,nurse_request,
Hello My oxygen mask is fogging up can nurse help can someone help?,nurse_request,
Hello My pain has not gone down can nurse come,nurse_request,
Hello My sheets are stained can someone change them can someone help?,nurse_request,
Hello My stitches feel tight can the nurse look,nurse_request,
Hello My temperature feels high can a nurse come,nurse_request,
Hello My wound is leaking fluid can someone come please,nurse_request,
Hello Nurse anne please come here please help.,nurse_request,
Hello Please bring my inhaler from the nursing station,nurse_request,
Hello Please bring my inhaler from the nursing station this is urgent.,nurse_request,
Hello Please call the nurse I need some help thank you,nurse_request,
Hello Please help me turn onto my stomach,nurse_request,
Hello Please help me turn onto my stomach can someone help?,nurse_request,
Hello Sister yahan aaiye please,nurse_request,
Hello Sister yahan aaiye please thank you,nurse_request,
Hello The IV line seems blocked can someone check,nurse_request,
Hello The blanket is scratchy can I get a softer one,nurse_request,
Hello The blood pressure cuff is too tight can nurse fix I would really appreciate it.,nurse_request,
Hello The machine next to me is making a loud noise,nurse_request,
Hello The trash bin is full can someone empty it thank you,nurse_request,
Hello is there a nurse on this floor can someone help?,nurse_request,
Hello is there a nurse on this floor kindly help.,nurse_request,
Hi Can nurse apply the prescribed drops in my ear thank you,nurse_request,
Hi Can someone adjust the drip speed it is too fast,nurse_request,
Hi Can someone bring me my muscle relaxant,nurse_request,
Hi Can someone check my oxygen levels this is urgent.,nurse_request,
Hi Can someone come I am having a panic moment kindly help.,nurse_request,
Hi Can someone dim the lights in my room,nurse_request,
Hi Can someone help me use the restroom kindly help.,nurse_request,
Hi Can someone lower the side rails so I can sit up can you help?,nurse_request,
Hi Can someone redress the wound on my leg,nurse_request,
Hi Can someone reset the monitor alarm is that possible?,nurse_request,
Hi Can the nurse change my IV bag it is empty can someone help?,nurse_request,
Hi Can the nurse check my pain medication,nurse_request,
Hi Can the nurse come recheck my sugar levels this is urgent.,nurse_request,
Hi Can the nurse help me practice walking with crutches at the earliest please.,nurse_request,
Hi Can the nurse help me wash my hands please,nurse_request,
Hi Can the nurse reapply the ointment on my sore I would really appreciate it.,nurse_request,
Hi Can you raise the head of my bed please as soon as possible.,nurse_request,
Hi I dropped something on the floor can nurse pick it up as soon as possible.,nurse_request,
Hi I feel restless and cannot relax can someone help thank you so much,nurse_request,
Hi I feel sore all over can the nurse come,nurse_request,
Hi I feel uneasy can a nurse come and check on me I would really appreciate it.,nurse_request,
Hi I need a lighter blanket this one is too heavy I would really appreciate it.,nurse_request,
Hi I need an ice pack for my swelling can someone help?,nurse_request,
Hi I need help adjusting my arm sling please help.,nurse_request,
Hi I need help cleaning up after using the bedpan this is urgent.,nurse_request,
Hi I need help opening this medicine bottle as soon as possible.,nurse_request,
Hi I need help putting on deodorant is that possible?,nurse_request,
Hi I need my dentures cleaned can nurse help thank you,nurse_request,
Hi I need something for this headache please,nurse_request,
Hi I need sunscreen applied before I sit by the window thank you,nurse_request,
Hi I need the antifungal cream applied on my feet can you help?,nurse_request,
Hi I need the medicated lotion applied on my back please,nurse_request,
Hi I need the nurse to administer my injection,nurse_request,
Hi I need the nurse to help me use the bedside commode is that possible?,nurse_request,
Hi I need the nurse to help me with my prosthetic,nurse_request,
Hi I need the nurse to help me with my prosthetic is that possible?,nurse_request,
Hi My glasses fell under the bed can someone get them,nurse_request,
Hi My hearing aid battery is dead can nurse help please,nurse_request,
Hi My oxygen mask is fogging up can nurse help thank you,nurse_request,
Hi My surgical wound is oozing can nurse check please help.,nurse_request,
Hi My temperature feels high can a nurse come thank you,nurse_request,
Hi My wound dressing is loose please fix,nurse_request,
Hi My wrist brace is too loose can nurse tighten it I would really appreciate it.,nurse_request,
Hi Please bring my inhaler from the nursing station as soon as possible.,nurse_request,
Hi Please check my blood oxygen I feel breathless thank you so much,nurse_request,
Hi Please lower my bed a little can you help?,nurse_request,
Hi Please send a nurse as soon as possible please help.,nurse_request,
Hi Please take my temperature I feel warm,nurse_request,
Hi Sister yahan aaiye please at the earliest please.,nurse_request,
Hi The IV fluid is not dripping can someone check,nurse_request,
Hi The IV is leaking near the needle site,nurse_request,
Hi The alarm on my machine keeps going off,nurse_request,
Hi The gauze is sticking to my wound can nurse help please,nurse_request,
Hi The light above my bed is bothering me can nurse fix,nurse_request,
Hi The plaster on my cut has come off can nurse fix it is that possible?,nurse_request,
Hi The tape on my dressing is peeling off can you help?,nurse_request,
I am feeling anxious please send the nurse,nurse_request,
I am feeling cold can someone bring a heated blanket,nurse_request,
I am feeling homesick can someone come by can someone help?,nurse_request,
I am feeling nervous about the surgery can someone come this is urgent.,nurse_request,
I am feeling overwhelmed can someone sit with me I would really appreciate it.,nurse_request,
I am feeling overwhelmed can someone sit with me please,nurse_request,
I am feeling very alone can a nurse come sit with me thank you so much,nurse_request,
I am in a lot of discomfort please send nurse is that possible?,nurse_request,
I am scared of the procedure tomorrow can someone talk kindly help.,nurse_request,
I cannot lie down comfortably can someone help please help.,nurse_request,
I dropped something on the floor can nurse pick it up thank you,nurse_request,
I feel dizzy can someone check my blood pressure is that possible?,nurse_request,
I feel so lonely can the nurse come by is that possible?,nurse_request,
I feel so lonely can the nurse come by please,nurse_request,
I feel uneasy can a nurse come and check on me please,nurse_request,
I feel very low today can someone check on me,nurse_request,
I feel very low today can someone check on me this is urgent.,nurse_request,
I had a bad dream can someone come check on me,nurse_request,
I have been lying in the same position too long can someone help,nurse_request,
I have been lying in the same position too long can someone help kindly help.,nurse_request,
I have been waiting for a nurse for a while,nurse_request,
I have been waiting for a nurse for a while thank you so much,nurse_request,
I have some pain can a nurse check on me this is urgent.,nurse_request,
I just need someone to hold my hand for a bit,nurse_request,
I just need someone to hold my hand for a bit as soon as possible.,nurse_request,
I keep sliding down the bed can nurse reposition me,nurse_request,
I keep sliding down the bed can nurse reposition me thank you,nurse_request,
I need a footrest or pillow for my feet at the earliest please.,nurse_request,
I need a fresh gown this one is soiled,nurse_request,
I need a nurse to check my pulse rate can you help?,nurse_request,
I need a urinal bottle please,nurse_request,
I need a urinal bottle please is that possible?,nurse_request,
I need a vitals check before my next medication,nurse_request,
I need another pillow for under my knees,nurse_request,
I need antibiotic cream applied on my wound,nurse_request,
I need assistance standing up my legs are shaky,nurse_request,
I need help adjusting my arm sling,nurse_request,
I need help adjusting my bed position thank you so much,nurse_request,
I need help changing into clean clothes,nurse_request,
I need help combing my hair,nurse_request,
I need help lying on my left side,nurse_request,
I need help lying on my left side as soon as possible.,nurse_request,
I need help opening this medicine bottle thank you,nurse_request,
I need help opening this medicine bottle this is urgent.,nurse_request,
I need help propping up with pillows,nurse_request,
I need help propping up with pillows please help.,nurse_request,
I need help propping up with pillows thank you so much,nurse_request,
I need help putting my dentures in at the earliest please.,nurse_request,
I need help putting my dentures in thank you so much,nurse_request,
I need help putting on my glasses they fell,nurse_request,
I need help putting on my glasses they fell can someone help?,nurse_request,
I need help transferring to the chair,nurse_request,
I need help turning over in bed my back is hurting please help.,nurse_request,
I need help turning to the other side,nurse_request,
I need help with my knee brace it is too tight,nurse_request,
I need my blood pressure checked please,nurse_request,
I need my dentures cleaned can nurse help can you help?,nurse_request,
I need my dressing changed,nurse_request,
I need my oxygen saturation checked can you help?,nurse_request,
I need my oxygen saturation checked please,nurse_request,
I need my oxygen saturation checked thank you so much,nurse_request,
I need my temperature taken it keeps going up,nurse_request,
I need petroleum jelly on my chapped lips,nurse_request,
I need petroleum jelly on my chapped lips as soon as possible.,nurse_request,
I need petroleum jelly on my chapped lips please help.,nurse_request,
I need socks my feet are cold,nurse_request,
I need socks my feet are cold can you help?,nurse_request,
I need someone to adjust the TV angle at the earliest please.,nurse_request,
I need someone to plug in my phone charger,nurse_request,
I need sunscreen applied before I sit by the window as soon as possible.,nurse_request,
I need sunscreen applied before I sit by the window please help.,nurse_request,
I need support to walk to the door and back,nurse_request,
I need support to walk to the door and back this is urgent.,nurse_request,
I need the antifungal cream applied on my feet I would really appreciate it.,nurse_request,
I need the bed raised higher for eating can you help?,nurse_request,
I need the curtain closed please,nurse_request,
I need the curtain closed please is that possible?,nurse_request,
I need the curtain closed please thank you so much,nurse_request,
I need the medicated lotion applied on my back,nurse_request,
I need the muscle rub applied on my shoulders,nurse_request,
I need the nurse on duty to come as soon as possible.,nurse_request,
I need the nurse on duty to come thank you,nurse_request,
I need the nurse to administer my injection,nurse_request,
I need the nurse to administer my injection kindly help.,nurse_request,
I need the nurse to apply the ointment on my rash,nurse_request,
I need the nurse to apply the ointment on my rash as soon as possible.,nurse_request,
I need the nurse to bring me a glass of water as soon as possible.,nurse_request,
I need the nurse to bring me a glass of water please,nurse_request,
I need the nurse to clean my wound,nurse_request,
I need the nurse to clean my wound please help.,nurse_request,
I need the nurse to help me with my prosthetic at the earliest please.,nurse_request,
I need the nurse to remove the old dressing,nurse_request,
I need the nurse urgently,nurse_request,
I need to be turned to prevent bed sores,nurse_request,
I need to be turned to prevent bed sores thank you so much,nurse_request,
I spilled something on the floor can nurse call housekeeping,nurse_request,
I spilled something on the floor can nurse call housekeeping kindly help.,nurse_request,
I want to talk to a nurse thank you so much,nurse_request,
I want to talk to a nurse this is urgent.,nurse_request,
Is there a nurse available to come to my room,nurse_request,
Just wanted to say Can I get my evening pain medication now thank you so much,nurse_request,
Just wanted to say Can a nurse come and talk to me for a bit kindly help.,nurse_request,
Just wanted to say Can nurse help apply the cream the doctor prescribed please help.,nurse_request,
Just wanted to say Can nurse help me put on my support belt,nurse_request,
Just wanted to say Can nurse help me put on my support belt I would really appreciate it.,nurse_request,
Just wanted to say Can someone bring me an extra blanket,nurse_request,
Just wanted to say Can someone check my oxygen levels please help.,nurse_request,
Just wanted to say Can someone come I am feeling very restless,nurse_request,
Just wanted to say Can someone dim the lights in my room please help.,nurse_request,
Just wanted to say Can someone help me with my elastic bandage thank you,nurse_request,
Just wanted to say Can someone pass me my bag from the cupboard,nurse_request,
Just wanted to say Can someone put a pillow between my knees can someone help?,nurse_request,
Just wanted to say Can someone take my vitals please,nurse_request,
Just wanted to say Can someone verify my pulse it seems irregular please help.,nurse_request,
Just wanted to say Can the nurse adjust my pillow position I would really appreciate it.,nurse_request,
Just wanted to say Can the nurse apply the steroid cream on my eczema,nurse_request,
Just wanted to say Can the nurse bring me a neck pillow,nurse_request,
Just wanted to say Can the nurse check my sugar levels before dinner thank you,nurse_request,
Just wanted to say Can the nurse come I need some comfort,nurse_request,
Just wanted to say Can the nurse come and check my vitals is that possible?,nurse_request,
Just wanted to say Can the nurse come recheck my sugar levels at the earliest please.,nurse_request,
Just wanted to say Can the nurse help me practice walking with crutches this is urgent.,nurse_request,
Just wanted to say Can you raise the head of my bed please,nurse_request,
Just wanted to say Hello is there a nurse on this floor,nurse_request,
Just wanted to say I am feeling overwhelmed can someone sit with me as soon as possible.,nurse_request,
Just wanted to say I am in a lot of discomfort please send nurse please help.,nurse_request,
Just wanted to say I am missing my family can a nurse come talk at the earliest please.,nurse_request,
Just wanted to say I cannot stop crying can a nurse please come please,nurse_request,
Just wanted to say I dropped my book can nurse pick it up,nurse_request,
Just wanted to say I feel sore all over can the nurse come please help.,nurse_request,
Just wanted to say I had a bad dream can someone come check on me can you help?,nurse_request,
Just wanted to say I had a bad dream can someone come check on me is that possible?,nurse_request,
Just wanted to say I need a bedpan please thank you,nurse_request,
Just wanted to say I need a urinal bottle please,nurse_request,
Just wanted to say I need a urinal bottle please this is urgent.,nurse_request,
Just wanted to say I need a vitals check before my next medication as soon as possible.,nurse_request,
Just wanted to say I need another pillow for under my knees,nurse_request,
Just wanted to say I need antibiotic cream applied on my wound,nurse_request,
Just wanted to say I need antibiotic cream applied on my wound as soon as possible.,nurse_request,
Just wanted to say I need assistance getting to the bathroom safely can someone help?,nurse_request,
Just wanted to say I need help adjusting my bed position at the earliest please.,nurse_request,
Just wanted to say I need help lying on my left side please,nurse_request,
Just wanted to say I need help putting my dentures in this is urgent.,nurse_request,
Just wanted to say I need help putting on my glasses they fell please,nurse_request,
Just wanted to say I need my blood pressure checked please thank you so much,nurse_request,
Just wanted to say I need my dentures cleaned can nurse help,nurse_request,
Just wanted to say I need my temperature taken it keeps going up,nurse_request,
Just wanted to say I need support to walk to the door and back thank you so much,nurse_request,
Just wanted to say I need the muscle rub applied on my shoulders,nurse_request,
Just wanted to say I need the nurse to apply the ointment on my rash thank you,nurse_request,
Just wanted to say I need the nurse to bring me a glass of water as soon as possible.,nurse_request,
Just wanted to say I need the nurse to help me use the bedside commode,nurse_request,
Just wanted to say I need the nurse to remove the old dressing,nurse_request,
Just wanted to say I need the nurse urgently kindly help.,nurse_request,
Just wanted to say I need to use the toilet please help me walk,nurse_request,
Just wanted to say I need to use the toilet please help me walk kindly help.,nurse_request,
Just wanted to say I pressed the call bell but no one came is that possible?,nurse_request,
Just wanted to say I think it is time for my next dose of medicine at the earliest please.,nurse_request,
Just wanted to say I think my IV has come out can someone come I would really appreciate it.,nurse_request,
Just wanted to say My bandage is too tight can someone loosen it thank you so much,nurse_request,
Just wanted to say My blanket fell on the floor can someone pick it up,nurse_request,
Just wanted to say My call button is not working can someone come can someone help?,nurse_request,
Just wanted to say My heart rate feels fast can nurse check this is urgent.,nurse_request,
Just wanted to say My incision site is itching can nurse take a look,nurse_request,
Just wanted to say My wound is leaking fluid can someone come at the earliest please.,nurse_request,
Just wanted to say Pain ki dawai chahiye nurse se poochho,nurse_request,
Just wanted to say Please come and check the monitor alarm as soon as possible.,nurse_request,
Just wanted to say Please raise the foot end of my bed,nurse_request,
Just wanted to say The alarm on my machine keeps going off kindly help.,nurse_request,
Just wanted to say The bandage on my hand is coming off can someone help?,nurse_request,
Just wanted to say The drip rate seems too slow can nurse check can someone help?,nurse_request,
Just wanted to say The room is cold can the nurse bring a warmer blanket please,nurse_request,
Just wanted to say The suction machine is not working can nurse check,nurse_request,
My blood pressure cuff is not working can nurse check manually I would really appreciate it.,nurse_request,
My blood pressure cuff is not working can nurse check manually please,nurse_request,
My call button is not working can someone come at the earliest please.,nurse_request,
My catheter is causing some pain can nurse help,nurse_request,
My catheter is causing some pain can nurse help at the earliest please.,nurse_request,
My catheter is uncomfortable can nurse adjust thank you so much,nurse_request,
My glasses are on the table can nurse hand them to me please help.,nurse_request,
My glasses fell under the bed can someone get them,nurse_request,
My glasses fell under the bed can someone get them please,nurse_request,
My heart rate feels fast can nurse check at the earliest please.,nurse_request,
My incision site is itching can nurse take a look I would really appreciate it.,nurse_request,
My knee is throbbing can a nurse check on it,nurse_request,
My nebulizer mask does not fit properly can nurse adjust,nurse_request,
My oxygen mask is fogging up can nurse help,nurse_request,
My oxygen mask is fogging up can nurse help this is urgent.,nurse_request,
My oxygen tube came off can someone fix it,nurse_request,
My oxygen tube came off can someone fix it this is urgent.,nurse_request,
My pain has not gone down can nurse come,nurse_request,
My pain has not gone down can nurse come can someone help?,nurse_request,
My pain level is increasing can someone come thank you so much,nurse_request,
My pillow cover is dirty can someone replace it at the earliest please.,nurse_request,
My readings on the monitor look different can nurse check thank you,nurse_request,
My sheets are stained can someone change them at the earliest please.,nurse_request,
My stitches feel tight can the nurse look,nurse_request,
My stitches feel tight can the nurse look can you help?,nurse_request,
My stomach is hurting can a nurse come check at the earliest please.,nurse_request,
My surgical wound is oozing can nurse check,nurse_request,
My surgical wound is oozing can nurse check is that possible?,nurse_request,
My water jug is empty can nurse refill it,nurse_request,
My wound is hurting a little can nurse see can you help?,nurse_request,
My wound is leaking fluid can someone come,nurse_request,
My wound is leaking fluid can someone come I would really appreciate it.,nurse_request,
My wrist brace is too loose can nurse tighten it,nurse_request,
My wrist brace is too loose can nurse tighten it kindly help.,nurse_request,
Nurse ku sollunga varalai can someone help?,nurse_request,
Nurse ku sollunga varalai is that possible?,nurse_request,
Please Can I get my evening pain medication now can you help?,nurse_request,
Please Can nurse bring me a pen and paper,nurse_request,
Please Can nurse help apply the cream the doctor prescribed this is urgent.,nurse_request,
Please Can nurse help me put on my support belt,nurse_request,
Please Can nurse put the antiseptic on my cut can you help?,nurse_request,
Please Can someone adjust the monitor settings the alarm keeps going off this is urgent.,nurse_request,
Please Can someone bring me a warm compress please,nurse_request,
Please Can someone check my blood sugar levels as soon as possible.,nurse_request,
Please Can someone help me with oral care as soon as possible.,nurse_request,
Please Can someone lower the side rails so I can sit up kindly help.,nurse_request,
Please Can someone move the bedside table closer to me,nurse_request,
Please Can someone pass me my bag from the cupboard can someone help?,nurse_request,
Please Can someone recline the bed slightly,nurse_request,
Please Can the night nurse please check on me,nurse_request,
Please Can the nurse adjust my pillow position at the earliest please.,nurse_request,
Please Can the nurse bring me a neck pillow I would really appreciate it.,nurse_request,
Please Can the nurse check my blood pressure as soon as possible.,nurse_request,
Please Can the nurse check my oxygen levels please I would really appreciate it.,nurse_request,
Please Can the nurse check my sugar levels before dinner thank you,nurse_request,
Please Can the nurse help me practice walking with crutches please help.,nurse_request,
Please Can the nurse please come and check on me can you help?,nurse_request,
Please Hello is there a nurse on this floor thank you,nurse_request,
Please I am not feeling well in general please come,nurse_request,
Please I am scared can someone come and be with me please,nurse_request,
Please I am stuck in this position can nurse help can you help?,nurse_request,
Please I dropped something on the floor can nurse pick it up is that possible?,nurse_request,
Please I feel uneasy can a nurse come and check on me,nurse_request,
Please I feel very low today can someone check on me is that possible?,nurse_request,
Please I need a footrest or pillow for my feet thank you so much,nurse_request,
Please I need assistance getting to the bathroom safely I would really appreciate it.,nurse_request,
Please I need assistance with my back brace,nurse_request,
Please I need help adjusting my arm sling,nurse_request,
Please I need help propping up with pillows thank you,nurse_request,
Please I need help putting on my glasses they fell thank you so much,nurse_request,
Please I need help washing my face,nurse_request,
Please I need my blood pressure checked please,nurse_request,
Please I need my blood pressure checked please is that possible?,nurse_request,
Please I need something for this headache please can you help?,nurse_request,
Please I need the bed raised higher for eating,nurse_request,
Please I need the bed raised higher for eating as soon as possible.,nurse_request,
Please I need the burn cream reapplied please can you help?,nurse_request,
Please I need the nurse to bring me a glass of water thank you,nurse_request,
Please I need to use the toilet please help me walk as soon as possible.,nurse_request,
Please I really need a nurse can someone come kindly help.,nurse_request,
Please I think my IV has come out can someone come thank you,nurse_request,
Please My IV site is swollen can a nurse look at it thank you so much,nurse_request,
Please My blanket fell on the floor can someone pick it up,nurse_request,
Please My heart rate feels fast can nurse check I would really appreciate it.,nurse_request,
Please My pillow cover is dirty can someone replace it I would really appreciate it.,nurse_request,
Please My pillow cover is dirty can someone replace it can someone help?,nurse_request,
Please My pillow has slipped can someone fix it,nurse_request,
Please My pulse oximeter fell off can nurse reattach can you help?,nurse_request,
Please My stitches feel tight can the nurse look,nurse_request,
Please Pain ki dawai chahiye nurse se poochho,nurse_request,
Please The IV fluid is not dripping can someone check,nurse_request,
Please The IV is leaking near the needle site please,nurse_request,
Please The catheter bag is full can someone empty it,nurse_request,
Please The dressing has blood on it can nurse change it,nurse_request,
Please The drip rate seems too slow can nurse check,nurse_request,
Please The light above my bed is bothering me can nurse fix at the earliest please.,nurse_request,
Please The monitor is beeping can nurse come check at the earliest please.,nurse_request,
Please The monitor is beeping can nurse come check please help.,nurse_request,
Please The saline bag needs to be replaced please,nurse_request,
Please The trash bin is full can someone empty it can you help?,nurse_request,
Please bring a basin I need to wash I would really appreciate it.,nurse_request,
Please bring me the walking frame,nurse_request,
Please bring me the walking frame at the earliest please.,nurse_request,
Please bring my inhaler from the nursing station can someone help?,nurse_request,
Please change my bedsheet it is damp,nurse_request,
Please change my bedsheet it is damp kindly help.,nurse_request,
Please check my pulse it feels weird,nurse_request,
Please come and check the monitor alarm,nurse_request,
Please come and take my blood pressure reading,nurse_request,
Please come quickly I need assistance,nurse_request,
Please help me sit up in the bed please help.,nurse_request,
Please help me sit up in the bed this is urgent.,nurse_request,
Please help me turn onto my stomach,nurse_request,
Please help me turn onto my stomach this is urgent.,nurse_request,
Please lower my bed a little can you help?,nurse_request,
Please lower the head of the bed I feel dizzy sitting up,nurse_request,
Please lower the head of the bed I feel dizzy sitting up please,nurse_request,
Please raise the foot end of my bed,nurse_request,
Please raise the foot end of my bed thank you so much,nurse_request,
Please raise the foot end of my bed this is urgent.,nurse_request,
Please send a nurse as soon as possible thank you so much,nurse_request,
Please send someone from the nursing station,nurse_request,
Please send someone from the nursing station can someone help?,nurse_request,
Please turn off the light it is too bright,nurse_request,
Please turn off the light it is too bright thank you so much,nurse_request,
Sister please come to bed 4 I would really appreciate it.,nurse_request,
The IV fluid is not dripping can someone check I would really appreciate it.,nurse_request,
The IV is leaking near the needle site,nurse_request,
The IV is leaking near the needle site as soon as possible.,nurse_request,
The IV pump is making a noise can nurse check,nurse_request,
The alarm on my machine keeps going off please help.,nurse_request,
The bandage on my hand is coming off,nurse_request,
The bed is too flat can nurse adjust it please,nurse_request,
The blanket is scratchy can I get a softer one,nurse_request,
The blanket is scratchy can I get a softer one kindly help.,nurse_request,
The catheter bag is full can someone empty it,nurse_request,
The drip rate seems too slow can nurse check as soon as possible.,nurse_request,
The drip seems to be running out can you help?,nurse_request,
The fan is blowing directly on me can nurse adjust,nurse_request,
The fan is blowing directly on me can nurse adjust thank you so much,nurse_request,
The gauze is sticking to my wound can nurse help,nurse_request,
The light above my bed is bothering me can nurse fix please,nurse_request,
The machine next to me is making a loud noise is that possible?,nurse_request,
The monitor is beeping can nurse come check,nurse_request,
The monitor is beeping can nurse come check thank you,nurse_request,
The pain medication is wearing off please send nurse,nurse_request,
The plaster on my cut has come off can nurse fix it kindly help.,nurse_request,
The suction machine is not working can nurse check can you help?,nurse_request,
The tape on my dressing is peeling off at the earliest please.,nurse_request,
The thermometer is not reading properly can nurse bring another I would really appreciate it.,nurse_request,
The thermometer is not reading properly can nurse bring another can you help?,nurse_request,
The trash bin is full can someone empty it I would really appreciate it.,nurse_request,
Um Can I get my evening pain medication now can you help?,nurse_request,
Um Can a nurse come and talk to me for a bit,nurse_request,
Um Can nurse come check the ECG leads they feel loose,nurse_request,
Um Can someone adjust my neck collar it is rubbing at the earliest please.,nurse_request,
Um Can someone bring me a warm compress is that possible?,nurse_request,
Um Can someone bring me a warm compress this is urgent.,nurse_request,
Um Can someone bring me the commode chair kindly help.,nurse_request,
Um Can someone check my blood sugar levels thank you so much,nurse_request,
Um Can someone come I am feeling very restless,nurse_request,
Um Can someone come check my vitals I do not feel right,nurse_request,
Um Can someone come check my vitals I do not feel right this is urgent.,nurse_request,
Um Can someone come to my room please,nurse_request,
Um Can someone put a pillow between my knees can you help?,nurse_request,
Um Can someone put the cooling gel on my swollen ankle,nurse_request,
Um Can the night nurse please check on me as soon as possible.,nurse_request,
Um Can the nurse apply the steroid cream on my eczema can someone help?,nurse_request,
Um Can the nurse assist me with a bed bath thank you,nurse_request,
Um Can the nurse bring an extra pillow can someone help?,nurse_request,
Um Can the nurse bring me a neck pillow thank you,nurse_request,
Um Can the nurse bring me some ice chips can you help?,nurse_request,
Um Can the nurse check my pain medication,nurse_request,
Um Can the nurse come I need some comfort,nurse_request,
Um Can the nurse help me put on my surgical stockings thank you so much,nurse_request,
Um I am feeling nervous about the surgery can someone come can someone help?,nurse_request,
Um I need a wedge pillow for my back,nurse_request,
Um I need assistance getting to the bathroom safely kindly help.,nurse_request,
Um I need help putting my dentures in,nurse_request,
Um I need help putting my dentures in thank you so much,nurse_request,
Um I need help transferring to the chair kindly help.,nurse_request,
Um I need help with my walker to go to the window please help.,nurse_request,
Um I need my burn dressing replaced please can someone help?,nurse_request,
Um I need my oxygen saturation checked,nurse_request,
Um I need the curtain closed please this is urgent.,nurse_request,
Um I need the nurse on duty to come as soon as possible.,nurse_request,
Um I need the nurse to help me with my prosthetic,nurse_request,
Um My bandage is too tight can someone loosen it kindly help.,nurse_request,
Um My catheter tube is kinked can someone fix it,nurse_request,
Um My catheter tube is kinked can someone fix it at the earliest please.,nurse_request,
Um My pillow cover is dirty can someone replace it,nurse_request,
Um My surgical wound is oozing can nurse check please help.,nurse_request,
Um Please ask the nurse to come when she is free can you help?,nurse_request,
Um Please change my bedsheet it is damp please help.,nurse_request,
Um Please help me brush my teeth,nurse_request,
Um Please help me clean up I had an accident please help.,nurse_request,
Um Please help me clean up I had an accident thank you so much,nurse_request,
Um Please open the curtain I would like some daylight,nurse_request,
Um Please raise the foot end of my bed,nurse_request,
Um Please take my temperature I feel warm please help.,nurse_request,
Um The blanket is scratchy can I get a softer one can you help?,nurse_request,
Um The drip seems to be running out I would really appreciate it.,nurse_request,
Um The gauze is sticking to my wound can nurse help,nurse_request,
Um The light above my bed is bothering me can nurse fix,nurse_request,
pls Can a nurse come the IV alarm is going off please help.,nurse_request,
pls Can nurse come reset the infusion pump alarm this is urgent.,nurse_request,
pls Can nurse put the antiseptic on my cut,nurse_request,
pls Can someone adjust my neck collar it is rubbing,nurse_request,
pls Can someone bring me my muscle relaxant,nurse_request,
pls Can someone bring my walking stick from the corner,nurse_request,
pls Can someone dim the lights in my room as soon as possible.,nurse_request,
pls Can someone give me something for the cramps thank you so much,nurse_request,
pls Can someone help me get up I feel a bit weak,nurse_request,
pls Can someone help me with oral care,nurse_request,
pls Can someone help me with oral care can you help?,nurse_request,
pls Can the nurse help me do my walking exercise,nurse_request,
pls Can the nurse put calamine on my itchy spots thank you so much,nurse_request,
pls Can the nurse reapply the ointment on my sore this is urgent.,nurse_request,
pls Can you send the nursing staff please thank you so much,nurse_request,
pls I am feeling homesick can someone come by please,nurse_request,
pls I am feeling very alone can a nurse come sit with me kindly help.,nurse_request,
pls I am stuck in this position can nurse help,nurse_request,
pls I cannot lie down comfortably can someone help,nurse_request,
pls I dropped my book can nurse pick it up please,nurse_request,
pls I dropped something on the floor can nurse pick it up at the earliest please.,nurse_request,
pls I need a new IV line the current one is not working,nurse_request,
pls I need help combing my hair as soon as possible.,nurse_request,
pls I need help opening this medicine bottle is that possible?,nurse_request,
pls I need help transferring to the chair thank you,nurse_request,
pls I need help washing my face kindly help.,nurse_request,
pls I need help with my knee brace it is too tight thank you so much,nurse_request,
pls I need my dentures cleaned can nurse help,nurse_request,
pls I need my pain medicine please,nurse_request,
pls I need petroleum jelly on my chapped lips,nurse_request,
pls I need socks my feet are cold kindly help.,nurse_request,
pls I need some reassurance from a nurse please thank you,nurse_request,
pls I need someone to steady me while I walk,nurse_request,
pls I need sunscreen applied before I sit by the window at the earliest please.,nurse_request,
pls I need the antifungal cream applied on my feet as soon as possible.,nurse_request,
pls I need the nurse to apply the ointment on my rash,nurse_request,
pls I need to use the restroom urgently can someone help,nurse_request,
pls My IV site is swollen can a nurse look at it,nurse_request,
pls My blanket fell on the floor can someone pick it up is that possible?,nurse_request,
pls My call button is not working can someone come,nurse_request,
pls My call button is not working can someone come thank you so much,nurse_request,
pls My drip stand needs to be moved closer to the bed,nurse_request,
pls My hearing aid battery is dead can nurse help thank you so much,nurse_request,
pls My pain has not gone down can nurse come this is urgent.,nurse_request,
pls My pain is about a 7 right now can someone help can you help?,nurse_request,
pls Pain ki dawai chahiye nurse se poochho this is urgent.,nurse_request,
pls Please call the nurse I need some help kindly help.,nurse_request,
pls Please call the nurse I need some help thank you so much,nurse_request,
pls Please come and check my temperature,nurse_request,
pls Please help me stand I have been sitting too long I would really appreciate it.,nurse_request,
pls Please help me walk a few steps by the bed can someone help?,nurse_request,
pls Please lower my bed a little as soon as possible.,nurse_request,
pls Please monitor my blood pressure it was high earlier is that possible?,nurse_request,
pls Sister yahan aaiye please,nurse_request,
pls The IV fluid is not dripping can someone check can someone help?,nurse_request,
pls The alarm on my machine keeps going off can someone help?,nurse_request,
pls The catheter bag is full can someone empty it kindly help.,nurse_request,
pls The machine next to me is making a loud noise thank you,nurse_request,
um Can a nurse come and talk to me for a bit,nurse_request,
um Can nurse apply the prescribed drops in my ear,nurse_request,
um Can nurse help apply the cream the doctor prescribed,nurse_request,
um Can someone adjust the monitor settings the alarm keeps going off please help.,nurse_request,
um Can someone adjust the reading light for me,nurse_request,
um Can someone apply a fresh bandage to my arm as soon as possible.,nurse_request,
um Can someone apply the healing balm on my wound edges thank you,nurse_request,
um Can someone change my wound dressing it is soaked through thank you,nurse_request,
um Can someone check if the right fluid is in my IV I would really appreciate it.,nurse_request,
um Can someone come I am feeling very restless,nurse_request,
um Can someone help me reach the call bell it fell,nurse_request,
um Can someone help me with my elastic bandage,nurse_request,
um Can someone take my vitals please I would really appreciate it.,nurse_request,
um Can the nurse accompany me to the restroom thank you so much,nurse_request,
um Can the nurse bring an extra pillow,nurse_request,
um Can the nurse check my blood pressure,nurse_request,
um Can the nurse close the window it is drafty thank you so much,nurse_request,
um Can the nurse give me my scheduled medication can you help?,nurse_request,
um Can the nurse help me wash my hands,nurse_request,
um Can the nurse put calamine on my itchy spots,nurse_request,
um Can the nurse reapply the ointment on my sore thank you,nurse_request,
um Hello is there a nurse on this floor I would really appreciate it.,nurse_request,
um I am feeling cold can someone bring a heated blanket,nurse_request,
um I am feeling overwhelmed can someone sit with me at the earliest please.,nurse_request,
um I am feeling overwhelmed can someone sit with me can you help?,nurse_request,
um I am having trouble sleeping can a nurse come as soon as possible.,nurse_request,
um I am missing my family can a nurse come talk,nurse_request,
um I am not feeling well in general please come,nurse_request,
um I am stuck in this position can nurse help,nurse_request,
um I am very worried about my test results can someone talk please help.,nurse_request,
um I dropped my book can nurse pick it up please help.,nurse_request,
um I feel moderate pain can someone come kindly help.,nurse_request,
um I feel so lonely can the nurse come by,nurse_request,
um I feel uneasy can a nurse come and check on me,nurse_request,
um I need a bedpan please,nurse_request,
um I need help adjusting my arm sling,nurse_request,
um I need help changing my sleeping position,nurse_request,
um I need help cleaning up after using the bedpan,nurse_request,
um I need help putting on my glasses they fell,nurse_request,
um I need my pain medicine please kindly help.,nurse_request,
um I need my temperature taken it keeps going up,nurse_request,
um I need socks my feet are cold,nurse_request,
um I need some reassurance from a nurse please as soon as possible.,nurse_request,
um I need sunscreen applied before I sit by the window,nurse_request,
um I need support to walk to the door and back,nurse_request,
um I need the antifungal cream applied on my feet,nurse_request,
um I need the burn cream reapplied please,nurse_request,
um I need the nurse on duty to come as soon as possible.,nurse_request,
um I need the nurse on duty to come please help.,nurse_request,
um I need the nurse to help me with my prosthetic can someone help?,nurse_request,
um I need the nurse to remove the old dressing,nurse_request,
um I need to be turned to prevent bed sores thank you,nurse_request,
um I need to use the restroom urgently can someone help,nurse_request,
um I think my IV has come out can someone come this is urgent.,nurse_request,
um My blood pressure cuff is not working can nurse check manually,nurse_request,
um My catheter tube is kinked can someone fix it is that possible?,nurse_request,
um My drip has stopped flowing please come I would really appreciate it.,nurse_request,
um My gown is wet can nurse help change can you help?,nurse_request,
um My hearing aid battery is dead can nurse help this is urgent.,nurse_request,
um My pain has not gone down can nurse come,nurse_request,
um My pillow has slipped can someone fix it can you help?,nurse_request,
um My pulse oximeter fell off can nurse reattach please help.,nurse_request,
um My stomach is hurting can a nurse come check kindly help.,nurse_request,
um My surgical wound is oozing can nurse check please help.,nurse_request,
um My temperature feels high can a nurse come thank you so much,nurse_request,
um My wound is leaking fluid can someone come is that possible?,nurse_request,
um Please bring me the walking frame kindly help.,nurse_request,
um Please bring my inhaler from the nursing station,nurse_request,
um Please check my pulse it feels weird can someone help?,nurse_request,
um Please come and check my temperature can you help?,nurse_request,
um Please help me sit up in the bed as soon as possible.,nurse_request,
um Please raise the foot end of my bed,nurse_request,
um Please raise the foot end of my bed is that possible?,nurse_request,
um Please send a nurse as soon as possible this is urgent.,nurse_request,
um Sister please come to bed 4 as soon as possible.,nurse_request,
um The IV line seems blocked can someone check is that possible?,nurse_request,
um The feeding pump is alarming can nurse come please,nurse_request,
um The suction machine is not working can nurse check,nurse_request,
um The tape on my dressing is peeling off is that possible?,nurse_request,
um The trash bin is full can someone empty it please,nurse_request,
,,
Actually Am I allowed to drink water before the test,doctor_query,
Actually Am I allowed to eat solid food now this is urgent.,doctor_query,
Actually Can doctor come and explain the surgery risks please,doctor_query,
Actually Can the doctor explain the procedure step by step,doctor_query,
Actually Can the doctor explain to my mother what medication I am on this is urgent.,doctor_query,
Actually Can the doctor explain what will happen during the procedure,doctor_query,
Actually Can the doctor give dietary guidelines for recovery thank you,doctor_query,
Actually Can the doctor review my pain medication please help.,doctor_query,
Actually Can the doctor speak with my health insurance coordinator,doctor_query,
Actually Can the doctor speak with my health insurance coordinator please help.,doctor_query,
Actually Can the doctor switch me to a different painkiller,doctor_query,
Actually Can the doctor tell me if the infection markers are down thank you,doctor_query,
Actually Can the doctor tell me if the treatment is working thank you so much,doctor_query,
Actually Can the orthopedic doctor come see me is that possible?,doctor_query,
Actually Can you ask the doctor if I can start eating normally,doctor_query,
Actually Can you page the doctor for me please as soon as possible.,doctor_query,
Actually Doctor ko bolo aaj aa jayein please,doctor_query,
Actually Doctor told me to let them know if I have fever after surgery this is urgent.,doctor_query,
Actually How long will the operation take this is urgent.,doctor_query,
Actually How often do I need to change the dressing at home,doctor_query,
Actually How soon after surgery can I eat,doctor_query,
Actually I am having trouble breathing after the chest procedure can someone help?,doctor_query,
Actually I cannot move my arm properly after the surgery kindly help.,doctor_query,
Actually I feel a burning sensation when I pass urine,doctor_query,
Actually I feel a lump near the incision site can you help?,doctor_query,
Actually I feel very weak and dizzy since the medicine started is that possible?,doctor_query,
Actually I have been on this drip for long is it still needed,doctor_query,
Actually I have been vomiting since the morning please send doctor,doctor_query,
Actually I have questions for my doctor please,doctor_query,
Actually I need the doctor to review my pain management plan please,doctor_query,
Actually I need the oncologist to discuss my report,doctor_query,
Actually I noticed a lump under my arm please have doctor check thank you so much,doctor_query,
Actually I want to ask the doctor about alternative treatments,doctor_query,
Actually I want to know how many stitches I will need I would really appreciate it.,doctor_query,
Actually I want to know how many stitches I will need can you help?,doctor_query,
Actually I want to know how many stitches I will need kindly help.,doctor_query,
Actually I want to know if my biopsy results are ready can someone help?,doctor_query,
Actually I want to know if my condition is improving can you help?,doctor_query,
Actually I want to know what my cholesterol numbers mean please,doctor_query,
Actually I want to meet the head doctor of this ward kindly help.,doctor_query,
Actually I want to speak to my doctor I would really appreciate it.,doctor_query,
Actually I want to speak with the anesthesiologist kindly help.,doctor_query,
Actually I want to talk to the specialist doctor please thank you,doctor_query,
Actually I want to understand why this treatment was chosen,doctor_query,
Actually Is it safe for me to climb stairs when I go home this is urgent.,doctor_query,
Actually Is there a less invasive treatment option for me,doctor_query,
Actually Is there a less invasive treatment option for me at the earliest please.,doctor_query,
Actually My skin has turned yellowish can doctor come see please help.,doctor_query,
Actually Please arrange for the doctor to come,doctor_query,
Actually The medication side effect is bothering me,doctor_query,
Actually The ultrasound was done yesterday any results yet,doctor_query,
Actually There is redness spreading around my surgical wound,doctor_query,
Actually There is some discharge from the wound,doctor_query,
Actually What are the next steps in my treatment,doctor_query,
Actually What are the possible complications of this surgery,doctor_query,
Actually What warning signs should I watch for at home please help.,doctor_query,
Actually When can I go back to eating non-vegetarian food,doctor_query,
Actually When can I take a shower after discharge I would really appreciate it.,doctor_query,
Actually Will I be awake during the procedure,doctor_query,
Actually Will I need a blood transfusion during surgery,doctor_query,
Actually Will I need a blood transfusion during surgery this is urgent.,doctor_query,
Actually Will I need physiotherapy after this at the earliest please.,doctor_query,
After the procedure I feel very uncomfortable please call doctor as soon as possible.,doctor_query,
Am I allowed to drink water before the test,doctor_query,
Am I allowed to drink water before the test at the earliest please.,doctor_query,
Am I allowed to exercise lightly during recovery,doctor_query,
Am I allowed to exercise lightly during recovery can you help?,doctor_query,
Can I ask the doctor about my test results,doctor_query,
Can I ask the doctor about my test results can someone help?,doctor_query,
Can I ask the doctor about my test results please help.,doctor_query,
Can I eat breakfast before the operation,doctor_query,
Can I take this medicine with food or not,doctor_query,
Can I take this medicine with food or not I would really appreciate it.,doctor_query,
Can I take this medicine with food or not kindly help.,doctor_query,
Can doctor come and explain the surgery risks,doctor_query,
Can doctor come and explain the surgery risks can someone help?,doctor_query,
Can doctor explain the bone density test results is that possible?,doctor_query,
Can doctor explain what the scan showed please help.,doctor_query,
Can doctor prescribe home care instructions,doctor_query,
Can doctor talk to my wife about post-discharge care,doctor_query,
Can my doctor come and see me,doctor_query,
Can someone find out when the doctor will come,doctor_query,
Can the doctor advise on alcohol consumption after treatment as soon as possible.,doctor_query,
Can the doctor advise on my fluid intake,doctor_query,
Can the doctor advise on protein intake for healing,doctor_query,
Can the doctor advise on protein intake for healing as soon as possible.,doctor_query,
Can the doctor advise what diet I should follow,doctor_query,
Can the doctor advise what diet I should follow can you help?,doctor_query,
Can the doctor advise what diet I should follow thank you,doctor_query,
Can the doctor call my daughter and update her,doctor_query,
Can the doctor check if my medicines have any interactions,doctor_query,
Can the doctor check if my medicines have any interactions please help.,doctor_query,
Can the doctor come and check my stitches,doctor_query,
Can the doctor discuss my rehabilitation plan,doctor_query,
Can the doctor discuss my rehabilitation plan as soon as possible.,doctor_query,
Can the doctor discuss my rehabilitation plan is that possible?,doctor_query,
Can the doctor discuss my thyroid test results at the earliest please.,doctor_query,
Can the doctor discuss my thyroid test results kindly help.,doctor_query,
Can the doctor discuss the long-term prognosis with me is that possible?,doctor_query,
Can the doctor explain how long recovery will take,doctor_query,
Can the doctor explain how long recovery will take at the earliest please.,doctor_query,
Can the doctor explain how long recovery will take kindly help.,doctor_query,
Can the doctor explain my X-ray results as soon as possible.,doctor_query,
Can the doctor explain the meaning of my platelet count can you help?,doctor_query,
Can the doctor explain the procedure step by step is that possible?,doctor_query,
Can the doctor explain the procedure step by step please,doctor_query,
Can the doctor explain to my mother what medication I am on,doctor_query,
Can the doctor explain to my mother what medication I am on I would really appreciate it.,doctor_query,
Can the doctor explain to my mother what medication I am on can someone help?,doctor_query,
Can the doctor explain to my mother what medication I am on can you help?,doctor_query,
Can the doctor explain what happens after discharge can someone help?,doctor_query,
Can the doctor explain what happens after discharge this is urgent.,doctor_query,
Can the doctor explain what kind of implant will be used is that possible?,doctor_query,
Can the doctor explain what my ECG report means,doctor_query,
Can the doctor explain what will happen during the procedure,doctor_query,
Can the doctor explain what will happen during the procedure at the earliest please.,doctor_query,
Can the doctor explain why I need this new medication thank you so much,doctor_query,
Can the doctor explain why my white cell count is high is that possible?,doctor_query,
Can the doctor explain why my white cell count is high thank you,doctor_query,
Can the doctor give a written update for my family can someone help?,doctor_query,
Can the doctor give dietary guidelines for recovery,doctor_query,
Can the doctor give me a discharge summary is that possible?,doctor_query,
Can the doctor go over my CT scan findings as soon as possible.,doctor_query,
Can the doctor go over my CT scan findings kindly help.,doctor_query,
Can the doctor go over my CT scan findings please,doctor_query,
Can the doctor go over my CT scan findings thank you so much,doctor_query,
Can the doctor prescribe medicines for home,doctor_query,
Can the doctor prescribe medicines for home thank you,doctor_query,
Can the doctor provide a return-to-work note,doctor_query,
Can the doctor reassure my family I am doing okay,doctor_query,
Can the doctor recommend a diet plan for my condition,doctor_query,
Can the doctor recommend a diet plan for my condition this is urgent.,doctor_query,
Can the doctor reduce the dosage of my sleeping pill at the earliest please.,doctor_query,
Can the doctor reduce the dosage of my sleeping pill this is urgent.,doctor_query,
Can the doctor refer me to a specialist for follow-up please help.,doctor_query,
Can the doctor schedule a post-discharge phone consultation can you help?,doctor_query,
Can the doctor schedule a post-discharge phone consultation thank you,doctor_query,
Can the doctor speak to my family about my condition can you help?,doctor_query,
Can the doctor speak with my health insurance coordinator,doctor_query,
Can the doctor speak with my health insurance coordinator as soon as possible.,doctor_query,
Can the doctor switch me to a different painkiller,doctor_query,
Can the doctor tell me about the anesthesia options,doctor_query,
Can the doctor tell me if I can eat fruits now is that possible?,doctor_query,
Can the doctor tell me if I need another surgery,doctor_query,
Can the doctor tell me if I need another surgery at the earliest please.,doctor_query,
Can the doctor tell me if I need another surgery can you help?,doctor_query,
Can the doctor tell me if I need another surgery please help.,doctor_query,
Can the doctor tell me if the infection markers are down can you help?,doctor_query,
Can the doctor tell me if the infection markers are down kindly help.,doctor_query,
Can the doctor tell me if the infection markers are down please,doctor_query,
Can the doctor tell me if the surgery can be postponed this is urgent.,doctor_query,
Can the doctor tell me if the treatment is working,doctor_query,
Can the doctor tell me when I can drive again please,doctor_query,
Can the doctor tell me when I can drive again please help.,doctor_query,
Can the neurologist come and examine me,doctor_query,
Can the orthopedic doctor come see me is that possible?,doctor_query,
Can the pulmonologist visit me today can you help?,doctor_query,
Can the surgeon check if the stitches need to be removed I would really appreciate it.,doctor_query,
Can you ask the doctor if I can start eating normally,doctor_query,
Can you hear me? Can doctor talk to my wife about post-discharge care I would really appreciate it.,doctor_query,
Can you hear me? Can doctor talk to my wife about post-discharge care thank you so much,doctor_query,
Can you hear me? Can the cardiologist be called please,doctor_query,
Can you hear me? Can the doctor advise on my fluid intake at the earliest please.,doctor_query,
Can you hear me? Can the doctor advise what diet I should follow,doctor_query,
Can you hear me? Can the doctor check if my medicines have any interactions can you help?,doctor_query,
Can you hear me? Can the doctor discuss my rehabilitation plan can someone help?,doctor_query,
Can you hear me? Can the doctor tell me when I can drive again,doctor_query,
Can you hear me? Can the gynecologist come and check on me thank you,doctor_query,
Can you hear me? Can the surgeon check if the stitches need to be removed is that possible?,doctor_query,
Can you hear me? Can you ask the doctor if I can start eating normally can you help?,doctor_query,
Can you hear me? Doctor varaliya enna aachi as soon as possible.,doctor_query,
Can you hear me? I am having difficulty swallowing after the throat surgery kindly help.,doctor_query,
Can you hear me? I feel something popping near the wound when I cough I would really appreciate it.,doctor_query,
Can you hear me? I have questions for my doctor I would really appreciate it.,doctor_query,
Can you hear me? I need to speak to the psychiatrist please thank you,doctor_query,
Can you hear me? I think my condition is getting worse as soon as possible.,doctor_query,
Can you hear me? I want to know if my condition is improving please,doctor_query,
Can you hear me? I want to speak with the anesthesiologist kindly help.,doctor_query,
Can you hear me? Is it okay to have spicy food after the surgery as soon as possible.,doctor_query,
Can you hear me? Is it safe for me to climb stairs when I go home can you help?,doctor_query,
Can you hear me? My family wants to know how long the hospital stay will be,doctor_query,
Can you hear me? My father wants to discuss alternative treatments with the doctor,doctor_query,
Can you hear me? Please ask the doctor if I can eat normally before the procedure,doctor_query,
Can you hear me? Please ask the doctor if I can eat normally before the procedure at the earliest please.,doctor_query,
Can you hear me? Post operation pain is very high please inform doctor at the earliest please.,doctor_query,
Can you hear me? The drainage from my wound has changed color is that possible?,doctor_query,
Can you hear me? The injection site is very sore is that normal is that possible?,doctor_query,
Can you hear me? The medication side effect is bothering me is that possible?,doctor_query,
Can you hear me? When is the doctor doing rounds today can someone help?,doctor_query,
Can you hear me? When should I come back to get my stitches removed as soon as possible.,doctor_query,
Can you hear me? Will I need to come back for more tests please help.,doctor_query,
Do I need bed rest at home after leaving at the earliest please.,doctor_query,
Doctor I have been feeling nauseous since morning is that possible?,doctor_query,
Doctor I have been feeling nauseous since morning please help.,doctor_query,
Doctor ne report dekha kya abhi tak thank you so much,doctor_query,
Doctor told me to let them know if I have fever after surgery,doctor_query,
Doctor told me to let them know if I have fever after surgery I would really appreciate it.,doctor_query,
Excuse me Can I take this medicine with food or not,doctor_query,
Excuse me Can doctor explain what the scan showed,doctor_query,
Excuse me Can doctor prescribe home care instructions,doctor_query,
Excuse me Can doctor prescribe wound care supplies for home can you help?,doctor_query,
Excuse me Can someone tell the doctor I have had a reaction to the antibiotic,doctor_query,
Excuse me Can the cardiologist be called please,doctor_query,
Excuse me Can the doctor advise on alcohol consumption after treatment please help.,doctor_query,
Excuse me Can the doctor advise on protein intake for healing please,doctor_query,
Excuse me Can the doctor call my daughter and update her can you help?,doctor_query,
Excuse me Can the doctor discuss my thyroid test results,doctor_query,
Excuse me Can the doctor explain what happens after discharge,doctor_query,
Excuse me Can the doctor explain what my ECG report means,doctor_query,
Excuse me Can the doctor explain why I need this new medication I would really appreciate it.,doctor_query,
Excuse me Can the doctor reassure my family I am doing okay thank you so much,doctor_query,
Excuse me Can the doctor reduce the dosage of my sleeping pill this is urgent.,doctor_query,
Excuse me Can the doctor speak to my family about my condition thank you,doctor_query,
Excuse me Can the doctor tell me about lifestyle changes I need to make,doctor_query,
Excuse me Can the doctor tell me about the success rate of this treatment,doctor_query,
Excuse me Can the doctor tell me if I can have coffee kindly help.,doctor_query,
Excuse me Can the doctor tell me if I should avoid certain foods at the earliest please.,doctor_query,
Excuse me Can the doctor write a fitness certificate for me as soon as possible.,doctor_query,
Excuse me Can the neurologist come and examine me please help.,doctor_query,
Excuse me Do I need someone at home to help me after discharge,doctor_query,
Excuse me Doctor kab aayenge mujhe batayein,doctor_query,
Excuse me How long will I need to stay in the hospital thank you,doctor_query,
Excuse me How often do I need to change the dressing at home I would really appreciate it.,doctor_query,
Excuse me I am having difficulty swallowing after the throat surgery,doctor_query,
Excuse me I am having trouble breathing after the chest procedure,doctor_query,
Excuse me I feel the current treatment is not helping please tell doctor can someone help?,doctor_query,
Excuse me I forgot to mention I take blood thinners at home,doctor_query,
Excuse me I forgot to mention I take blood thinners at home thank you so much,doctor_query,
Excuse me I have been having night sweats should I report this I would really appreciate it.,doctor_query,
Excuse me I have fever after the operation is that normal can someone help?,doctor_query,
Excuse me I have questions for my doctor I would really appreciate it.,doctor_query,
Excuse me I have questions for my doctor kindly help.,doctor_query,
Excuse me I want to discuss my treatment options with the doctor,doctor_query,
Excuse me I want to know how many stitches I will need,doctor_query,
Excuse me I want to know if I need follow-up visits after this,doctor_query,
Excuse me I want to know if my condition is improving,doctor_query,
Excuse me I want to know what foods to avoid after going home I would really appreciate it.,doctor_query,
Excuse me I want to know what my cholesterol numbers mean,doctor_query,
Excuse me I want to see the doctor before my family visit,doctor_query,
Excuse me I want to understand my liver function test results,doctor_query,
Excuse me I want to understand my liver function test results thank you so much,doctor_query,
Excuse me My drain tube output has increased please inform doctor at the earliest please.,doctor_query,
Excuse me My husband wants to know if I can go home this week please,doctor_query,
Excuse me My joints are very stiff and painful in the morning kindly help.,doctor_query,
Excuse me My wound looks a bit red can doctor come check as soon as possible.,doctor_query,
Excuse me My wound looks a bit red can doctor come check at the earliest please.,doctor_query,
Excuse me The injection site is very sore is that normal kindly help.,doctor_query,
Excuse me The steroid is causing mood swings please tell doctor,doctor_query,
Excuse me The ultrasound was done yesterday any results yet I would really appreciate it.,doctor_query,
Excuse me What precautions should I take after going home thank you,doctor_query,
Excuse me What preparation do I need before the procedure,doctor_query,
Excuse me When can I start eating rice and chapati again,doctor_query,
Excuse me When will I be discharged please ask the doctor thank you,doctor_query,
Excuse me When will the pathology report be available can you help?,doctor_query,
Excuse me Will I need a catheter during the surgery,doctor_query,
Excuse me Will I need to continue the IV medication at home,doctor_query,
Has my culture sensitivity report come back thank you so much,doctor_query,
Hello After the biopsy the area is very painful thank you so much,doctor_query,
Hello Am I allowed to eat solid food now,doctor_query,
Hello Am I allowed to exercise lightly during recovery please,doctor_query,
Hello Can I ask the doctor about my test results can someone help?,doctor_query,
Hello Can I speak to the doctor on duty,doctor_query,
Hello Can I speak to the doctor on duty please,doctor_query,
Hello Can doctor explain the bone density test results this is urgent.,doctor_query,
Hello Can doctor prescribe wound care supplies for home please help.,doctor_query,
Hello Can doctor talk to my wife about post-discharge care as soon as possible.,doctor_query,
Hello Can someone tell me what my blood sugar levels mean as soon as possible.,doctor_query,
Hello Can the doctor advise on alcohol consumption after treatment thank you,doctor_query,
Hello Can the doctor check if my medicines have any interactions thank you,doctor_query,
Hello Can the doctor check if the plate in my leg has shifted at the earliest please.,doctor_query,
Hello Can the doctor come and check my stitches at the earliest please.,doctor_query,
Hello Can the doctor discuss my rehabilitation plan this is urgent.,doctor_query,
Hello Can the doctor discuss the long-term prognosis with me at the earliest please.,doctor_query,
Hello Can the doctor discuss the long-term prognosis with me thank you so much,doctor_query,
Hello Can the doctor explain the meaning of my platelet count please,doctor_query,
Hello Can the doctor explain what my ECG report means,doctor_query,
Hello Can the doctor explain why I need this new medication thank you so much,doctor_query,
Hello Can the doctor explain why my white cell count is high,doctor_query,
Hello Can the doctor give a written update for my family can someone help?,doctor_query,
Hello Can the doctor prescribe medicines for home,doctor_query,
Hello Can the doctor prescribe something stronger for the pain,doctor_query,
Hello Can the doctor reassure my family I am doing okay please,doctor_query,
Hello Can the doctor recommend a diet plan for my condition this is urgent.,doctor_query,
Hello Can the doctor speak with my health insurance coordinator this is urgent.,doctor_query,
Hello Can the doctor tell me about lifestyle changes I need to make can someone help?,doctor_query,
Hello Can the doctor tell me if I can have coffee as soon as possible.,doctor_query,
Hello Can the doctor tell me if the surgery can be postponed kindly help.,doctor_query,
Hello Can the doctor tell me when I can go back to work at the earliest please.,doctor_query,
Hello Can the pulmonologist visit me today thank you,doctor_query,
Hello Can you ask the doctor if I can start eating normally please help.,doctor_query,
Hello Can you ask the doctor if I can start eating normally thank you so much,doctor_query,
Hello Doctor se milna hai mujhe at the earliest please.,doctor_query,
Hello Doctor se milna hai mujhe can someone help?,doctor_query,
Hello Doctor varaliya enna aachi,doctor_query,
Hello Has the doctor reviewed my urine test report,doctor_query,
Hello How long will I need to stay in the hospital I would really appreciate it.,doctor_query,
Hello How soon after surgery can I eat,doctor_query,
Hello How soon after surgery can I eat this is urgent.,doctor_query,
Hello I am allergic to one of the tablets please tell doctor can someone help?,doctor_query,
Hello I am experiencing a new symptom I want the doctor to know as soon as possible.,doctor_query,
Hello I am not sure if this is normal after surgery at the earliest please.,doctor_query,
Hello I am worried about the anesthesia side effects please help.,doctor_query,
Hello I feel a lump near the incision site at the earliest please.,doctor_query,
Hello I feel a lump near the incision site please,doctor_query,
Hello I feel a pulling sensation near my stitches,doctor_query,
Hello I feel a pulling sensation near my stitches thank you,doctor_query,
Hello I feel the current treatment is not helping please tell doctor I would really appreciate it.,doctor_query,
Hello I had the procedure yesterday and still feel very weak please help.,doctor_query,
Hello I had the test this morning and I have questions,doctor_query,
Hello I have a concern about the medicine dosage,doctor_query,
Hello I have a question about my medication is that possible?,doctor_query,
Hello I have been coughing up phlegm since last night please,doctor_query,
Hello I have been on this drip for long is it still needed as soon as possible.,doctor_query,
Hello I have been vomiting since the morning please send doctor,doctor_query,
Hello I have been waiting for the doctor since morning,doctor_query,
Hello I have bruising that is spreading after the surgery,doctor_query,
Hello I have bruising that is spreading after the surgery is that possible?,doctor_query,
Hello I have pain behind my eyes that will not go away,doctor_query,
Hello I have ringing in my ears since the new medicine started this is urgent.,doctor_query,
Hello I have swelling in my legs please send the doctor,doctor_query,
Hello I need the doctor to review my pain management plan,doctor_query,
Hello I need the doctor to review my pain management plan as soon as possible.,doctor_query,
Hello I need to see the ENT specialist,doctor_query,
Hello I think my condition is getting worse thank you so much,doctor_query,
Hello I want to know what my cholesterol numbers mean thank you,doctor_query,
Hello I want to meet the head doctor of this ward,doctor_query,
Hello I want to speak to my doctor thank you,doctor_query,
Hello I want to speak to my doctor thank you so much,doctor_query,
Hello I want to understand the timeline for my recovery,doctor_query,
Hello I want to understand what the angiogram showed as soon as possible.,doctor_query,
Hello Is it safe for me to climb stairs when I go home this is urgent.,doctor_query,
Hello Is the surgery going to be laparoscopic or open,doctor_query,
Hello Is this medicine safe with my other conditions can you help?,doctor_query,
Hello My family is coming in the evening can doctor meet them,doctor_query,
Hello My hemoglobin was low last time has it improved can you help?,doctor_query,
Hello My incision is more swollen today can doctor look thank you,doctor_query,
Hello My parents are worried can doctor explain my condition to them,doctor_query,
Hello My skin has turned yellowish can doctor come see please,doctor_query,
Hello Please arrange for the doctor to come,doctor_query,
Hello Please ask the surgeon to come and check my wound,doctor_query,
Hello Please call the dermatologist I have a skin issue can you help?,doctor_query,
Hello Since the injection I feel very unwell can someone help?,doctor_query,
Hello The area around the operation site feels hot as soon as possible.,doctor_query,
Hello The new tablet is making me nauseous can doctor change it,doctor_query,
Hello The pain after surgery is worse today than yesterday can someone help?,doctor_query,
Hello The steroid is causing mood swings please tell doctor,doctor_query,
Hello The surgical site is leaking fluid please tell doctor,doctor_query,
Hello The ultrasound was done yesterday any results yet as soon as possible.,doctor_query,
Hello There is redness spreading around my surgical wound thank you so much,doctor_query,
Hello There is some discharge from the wound please,doctor_query,
Hello What precautions should I take after going home,doctor_query,
Hello What preparation do I need before the procedure,doctor_query,
Hello What preparation do I need before the procedure at the earliest please.,doctor_query,
Hello What preparation do I need before the procedure can you help?,doctor_query,
Hello What time is my surgery scheduled for thank you so much,doctor_query,
Hello When can I be discharged,doctor_query,
Hello When can I resume my regular diet can you help?,doctor_query,
Hello When can I take a shower after discharge,doctor_query,
Hello When will the doctor visit me today kindly help.,doctor_query,
Hello Will I be awake during the procedure,doctor_query,
Hello Will I be awake during the procedure can someone help?,doctor_query,
Hello Will I need to continue the IV medication at home,doctor_query,
Hi Am I allowed to eat solid food now can someone help?,doctor_query,
Hi Can I eat breakfast before the operation kindly help.,doctor_query,
Hi Can doctor talk to my wife about post-discharge care,doctor_query,
Hi Can the doctor advise on alcohol consumption after treatment kindly help.,doctor_query,
Hi Can the doctor advise what diet I should follow,doctor_query,
Hi Can the doctor arrange a follow-up scan kindly help.,doctor_query,
Hi Can the doctor explain how long recovery will take please,doctor_query,
Hi Can the doctor explain my diagnosis to me,doctor_query,
Hi Can the doctor explain my diagnosis to me thank you,doctor_query,
Hi Can the doctor explain the meaning of my platelet count,doctor_query,
Hi Can the doctor explain to my mother what medication I am on kindly help.,doctor_query,
Hi Can the doctor explain what happens after discharge please,doctor_query,
Hi Can the doctor explain what the scope procedure involves,doctor_query,
Hi Can the doctor give a written update for my family please help.,doctor_query,
Hi Can the doctor go over my CT scan findings,doctor_query,
Hi Can the doctor meet my family after rounds at the earliest please.,doctor_query,
Hi Can the doctor reassure my family I am doing okay please,doctor_query,
Hi Can the doctor recommend a diet plan for my condition,doctor_query,
Hi Can the doctor schedule a post-discharge phone consultation thank you so much,doctor_query,
Hi Can the doctor speak with my health insurance coordinator,doctor_query,
Hi Can the doctor tell me about the success rate of this treatment,doctor_query,
Hi Can the neurologist come and examine me this is urgent.,doctor_query,
Hi Can the orthopedic doctor come see me,doctor_query,
Hi Can the surgeon check if the stitches need to be removed please help.,doctor_query,
Hi Can you ask the doctor if I can start eating normally,doctor_query,
Hi Doctor I have been feeling nauseous since morning thank you,doctor_query,
Hi Doctor varaliya enna aachi please,doctor_query,
Hi How many more days do I have to stay here,doctor_query,
Hi How soon after surgery can I eat,doctor_query,
Hi How soon can I start walking after the procedure I would really appreciate it.,doctor_query,
Hi How soon can I start walking after the procedure thank you so much,doctor_query,
Hi I am not sure if this is normal after surgery kindly help.,doctor_query,
Hi I feel a lump near the incision site thank you so much,doctor_query,
Hi I feel a pulling sensation near my stitches this is urgent.,doctor_query,
Hi I have been waiting for the doctor since morning this is urgent.,doctor_query,
Hi I need the oncologist to discuss my report this is urgent.,doctor_query,
Hi I want to know how long I need to take this medication is that possible?,doctor_query,
Hi I want to know if I need follow-up visits after this,doctor_query,
Hi I want to know if there are other treatment options available can someone help?,doctor_query,
Hi I want to speak to my doctor is that possible?,doctor_query,
Hi I want to talk to the specialist doctor please,doctor_query,
Hi I want to understand the timeline for my recovery is that possible?,doctor_query,
Hi Is it okay for me to walk around the ward as soon as possible.,doctor_query,
Hi Is the surgery going to be laparoscopic or open this is urgent.,doctor_query,
Hi Is this medicine safe with my other conditions can someone help?,doctor_query,
Hi My blood pressure medicine is making me dizzy,doctor_query,
Hi My family is coming in the evening can doctor meet them thank you,doctor_query,
Hi My husband wants to know if I can go home this week,doctor_query,
Hi My kidney function test was done when will results come please help.,doctor_query,
Hi My spouse wants to understand the risks of the procedure this is urgent.,doctor_query,
Hi My wife has questions can the doctor talk to her as soon as possible.,doctor_query,
Hi Please ask the doctor about an alternative medicine,doctor_query,
Hi The area around the operation site feels hot thank you,doctor_query,
Hi The medication side effect is bothering me thank you,doctor_query,
Hi The steroid is causing mood swings please tell doctor,doctor_query,
Hi The ultrasound was done yesterday any results yet,doctor_query,
Hi What exercises should I do at home after discharge,doctor_query,
Hi What time is my surgery scheduled for is that possible?,doctor_query,
Hi What time is my surgery scheduled for thank you so much,doctor_query,
Hi When is my follow-up appointment,doctor_query,
Hi When is the doctor doing rounds today,doctor_query,
Hi When will I be discharged please ask the doctor thank you,doctor_query,
How long will I need to stay in the hospital,doctor_query,
How long will I need to stay in the hospital kindly help.,doctor_query,
How long will the operation take can someone help?,doctor_query,
How many more days do I have to stay here can someone help?,doctor_query,
How many more days do I have to stay here please,doctor_query,
How often do I need to change the dressing at home please help.,doctor_query,
How soon can I start walking after the procedure this is urgent.,doctor_query,
I am experiencing a new symptom I want the doctor to know,doctor_query,
I am having difficulty swallowing after the throat surgery,doctor_query,
I am having difficulty swallowing after the throat surgery please help.,doctor_query,
I am having trouble breathing after the chest procedure,doctor_query,
I am taking too many tablets can the doctor simplify is that possible?,doctor_query,
I am taking too many tablets can the doctor simplify please,doctor_query,
I cannot move my arm properly after the surgery,doctor_query,
I feel very cold and shivering doctor said to report this,doctor_query,
I feel very weak and dizzy since the medicine started thank you so much,doctor_query,
I forgot to mention I take blood thinners at home,doctor_query,
I had the procedure yesterday and still feel very weak,doctor_query,
I had the procedure yesterday and still feel very weak this is urgent.,doctor_query,
I had the test this morning and I have questions,doctor_query,
I have a headache that is not going can doctor see please help.,doctor_query,
I have a rash that appeared please send the doctor,doctor_query,
I have been having night sweats should I report this,doctor_query,
I have been having night sweats should I report this this is urgent.,doctor_query,
I have been vomiting since the morning please send doctor,doctor_query,
I have been waiting for the doctor since morning can you help?,doctor_query,
I have bruising that is spreading after the surgery,doctor_query,
I have fever after the operation is that normal please,doctor_query,
I have questions for my doctor,doctor_query,
I have ringing in my ears since the new medicine started thank you so much,doctor_query,
I have sharp pain in my chest when I breathe deeply I would really appreciate it.,doctor_query,
I have swelling in my legs please send the doctor,doctor_query,
I need a medical certificate from the doctor,doctor_query,
I need a medical certificate from the doctor as soon as possible.,doctor_query,
I need a medical certificate from the doctor can someone help?,doctor_query,
I need the doctor to review my pain management plan,doctor_query,
I need to see a physician please,doctor_query,
I need to see the ENT specialist,doctor_query,
I need to speak to the psychiatrist please can you help?,doctor_query,
I need to speak to the psychiatrist please thank you,doctor_query,
I want to ask the doctor about alternative treatments,doctor_query,
I want to discuss my blood report with the doctor thank you so much,doctor_query,
I want to discuss my treatment options with the doctor please,doctor_query,
I want to know how many stitches I will need,doctor_query,
I want to know how many stitches I will need this is urgent.,doctor_query,
I want to know if I can resume normal activities soon,doctor_query,
I want to know if I need follow-up visits after this as soon as possible.,doctor_query,
I want to know if my biopsy results are ready,doctor_query,
I want to know if my condition is improving,doctor_query,
I want to know if there are other treatment options available is that possible?,doctor_query,
I want to know more about my treatment plan please help.,doctor_query,
I want to know the side effects of this medication,doctor_query,
I want to know what my cholesterol numbers mean,doctor_query,
I want to see my test results can doctor explain them as soon as possible.,doctor_query,
I want to speak with the anesthesiologist,doctor_query,
I want to talk to the specialist doctor please,doctor_query,
I want to understand the timeline for my recovery I would really appreciate it.,doctor_query,
I want to understand the timeline for my recovery thank you,doctor_query,
I want to understand what the MRI showed I would really appreciate it.,doctor_query,
Is it okay for me to walk around the ward can someone help?,doctor_query,
Is it okay to have spicy food after the surgery please help.,doctor_query,
Is there a less invasive treatment option for me thank you,doctor_query,
Is this medicine safe with my other conditions,doctor_query,
Just wanted to say After the biopsy the area is very painful I would really appreciate it.,doctor_query,
Just wanted to say Am I allowed to exercise lightly during recovery is that possible?,doctor_query,
Just wanted to say Can doctor come and explain the surgery risks can someone help?,doctor_query,
Just wanted to say Can doctor prescribe home care instructions can someone help?,doctor_query,
Just wanted to say Can the cardiologist be called please as soon as possible.,doctor_query,
Just wanted to say Can the doctor advise on alcohol consumption after treatment as soon as possible.,doctor_query,
Just wanted to say Can the doctor advise on alcohol consumption after treatment this is urgent.,doctor_query,
Just wanted to say Can the doctor explain to my mother what medication I am on as soon as possible.,doctor_query,
Just wanted to say Can the doctor explain what caused my condition,doctor_query,
Just wanted to say Can the doctor explain what the scope procedure involves is that possible?,doctor_query,
Just wanted to say Can the doctor give a written update for my family I would really appreciate it.,doctor_query,
Just wanted to say Can the doctor speak to my family about my condition,doctor_query,
Just wanted to say Can the doctor tell me about the success rate of this treatment thank you,doctor_query,
Just wanted to say Can the doctor tell me about the success rate of this treatment thank you so much,doctor_query,
Just wanted to say Can the doctor tell me if I should avoid certain foods please help.,doctor_query,
Just wanted to say Can the doctor write a fitness certificate for me please help.,doctor_query,
Just wanted to say Can the orthopedic doctor come see me this is urgent.,doctor_query,
Just wanted to say Do I need bed rest at home after leaving,doctor_query,
Just wanted to say Do I need bed rest at home after leaving please help.,doctor_query,
Just wanted to say Do I need someone at home to help me after discharge,doctor_query,
Just wanted to say How long will the operation take,doctor_query,
Just wanted to say How soon after surgery can I eat,doctor_query,
Just wanted to say I am not sure if this is normal after surgery,doctor_query,
Just wanted to say I cannot move my arm properly after the surgery,doctor_query,
Just wanted to say I feel very cold and shivering doctor said to report this please help.,doctor_query,
Just wanted to say I have bruising that is spreading after the surgery kindly help.,doctor_query,
Just wanted to say I have fever after the operation is that normal is that possible?,doctor_query,
Just wanted to say I need the doctor to review my pain management plan,doctor_query,
Just wanted to say I noticed a lump under my arm please have doctor check,doctor_query,
Just wanted to say I want to discuss my blood report with the doctor,doctor_query,
Just wanted to say I want to discuss my treatment options with the doctor,doctor_query,
Just wanted to say I want to know how long I need to take this medication is that possible?,doctor_query,
Just wanted to say I want to know if I need follow-up visits after this thank you so much,doctor_query,
Just wanted to say I want to know what my cholesterol numbers mean please help.,doctor_query,
Just wanted to say I want to understand what the MRI showed,doctor_query,
Just wanted to say I want to understand why this treatment was chosen,doctor_query,
Just wanted to say I want to understand why this treatment was chosen is that possible?,doctor_query,
Just wanted to say Is it safe for me to climb stairs when I go home kindly help.,doctor_query,
Just wanted to say My brother has some questions about my surgery,doctor_query,
Just wanted to say My father wants to discuss alternative treatments with the doctor please help.,doctor_query,
Just wanted to say My wound is not closing properly doctor should see this can you help?,doctor_query,
Just wanted to say The drainage from my wound has changed color thank you,doctor_query,
Just wanted to say The injection site is very sore is that normal,doctor_query,
Just wanted to say The medication side effect is bothering me,doctor_query,
Just wanted to say What are the possible complications of this surgery kindly help.,doctor_query,
Just wanted to say When can I go back to eating non-vegetarian food thank you,doctor_query,
Just wanted to say When is my follow-up appointment please help.,doctor_query,
Just wanted to say When should I come back to get my stitches removed,doctor_query,
Just wanted to say Will I be awake during the procedure at the earliest please.,doctor_query,
Just wanted to say Will I need a blood transfusion during surgery,doctor_query,
My appetite has completely gone please let doctor know is that possible?,doctor_query,
My blood pressure medicine is making me dizzy can someone help?,doctor_query,
My brother has some questions about my surgery as soon as possible.,doctor_query,
My caregiver needs instructions from the doctor,doctor_query,
My drain tube output has increased please inform doctor at the earliest please.,doctor_query,
My family is coming in the evening can doctor meet them,doctor_query,
My family wants to know the prognosis please ask,doctor_query,
My family wants to know the prognosis please ask I would really appreciate it.,doctor_query,
My family wants to know the prognosis please ask can someone help?,doctor_query,
My family wants to know the prognosis please ask thank you so much,doctor_query,
My hemoglobin was low last time has it improved can you help?,doctor_query,
My hemoglobin was low last time has it improved kindly help.,doctor_query,
My incision is more swollen today can doctor look can someone help?,doctor_query,
My lab results are back can doctor discuss them,doctor_query,
My old medication worked better can we go back to it at the earliest please.,doctor_query,
My parents are worried can doctor explain my condition to them please help.,doctor_query,
My skin has turned yellowish can doctor come see,doctor_query,
My son wants to understand the treatment plan can you help?,doctor_query,
My son wants to understand the treatment plan please,doctor_query,
My son wants to understand the treatment plan thank you so much,doctor_query,
My spouse wants to understand the risks of the procedure,doctor_query,
My stitches feel like they might be opening please call doctor,doctor_query,
My stomach is hurting a lot please ask the doctor,doctor_query,
My vision is blurry since the medication started thank you so much,doctor_query,
My wound looks a bit red can doctor come check please,doctor_query,
Please After the procedure I feel very uncomfortable please call doctor,doctor_query,
Please Am I allowed to drink water before the test please,doctor_query,
Please Can I speak to the doctor on duty,doctor_query,
Please Can I speak to the doctor on duty thank you,doctor_query,
Please Can someone find out when the doctor will come,doctor_query,
Please Can someone find out when the doctor will come please,doctor_query,
Please Can someone tell me what my blood sugar levels mean can you help?,doctor_query,
Please Can someone tell the doctor I have had a reaction to the antibiotic I would really appreciate it.,doctor_query,
Please Can the doctor call my daughter and update her,doctor_query,
Please Can the doctor discuss the long-term prognosis with me,doctor_query,
Please Can the doctor give a written update for my family is that possible?,doctor_query,
Please Can the doctor meet my family after rounds can someone help?,doctor_query,
Please Can the doctor meet my family after rounds is that possible?,doctor_query,
Please Can the doctor prescribe medicines for home can someone help?,doctor_query,
Please Can the doctor speak with my health insurance coordinator thank you so much,doctor_query,
Please Can the doctor tell me about lifestyle changes I need to make please help.,doctor_query,
Please Can the doctor tell me about the success rate of this treatment can you help?,doctor_query,
Please Can the doctor tell me if I can eat fruits now can someone help?,doctor_query,
Please Can the doctor tell me if I can have milk at the earliest please.,doctor_query,
Please Can the doctor tell me if I need another surgery kindly help.,doctor_query,
Please Can the doctor tell me when I can drive again,doctor_query,
Please Doctor kab aayenge mujhe batayein,doctor_query,
Please Doctor kab aayenge mujhe batayein thank you so much,doctor_query,
Please Doctor se milna hai mujhe,doctor_query,
Please I am experiencing a new symptom I want the doctor to know,doctor_query,
Please I am nervous about the surgery can doctor come and talk as soon as possible.,doctor_query,
Please I feel a lump near the incision site,doctor_query,
Please I feel my heartbeat is irregular please tell the doctor can you help?,doctor_query,
Please I feel very cold and shivering doctor said to report this kindly help.,doctor_query,
Please I have a rash that appeared please send the doctor,doctor_query,
Please I have been having night sweats should I report this,doctor_query,
Please I have pain behind my eyes that will not go away,doctor_query,
Please I have questions for my doctor thank you so much,doctor_query,
Please I need to see a physician thank you so much,doctor_query,
Please I need to see the ENT specialist I would really appreciate it.,doctor_query,
Please I want to discuss my treatment options with the doctor can you help?,doctor_query,
Please I would like a second opinion on my condition please,doctor_query,
Please Is it okay to have spicy food after the surgery,doctor_query,
Please Is it safe for me to climb stairs when I go home this is urgent.,doctor_query,
Please My blood pressure medicine is making me dizzy,doctor_query,
Please My caregiver needs instructions from the doctor can someone help?,doctor_query,
Please My old medication worked better can we go back to it I would really appreciate it.,doctor_query,
Please My spouse wants to understand the risks of the procedure can you help?,doctor_query,
Please Post surgery I cannot feel my toes properly can you help?,doctor_query,
Please The surgical site is leaking fluid please tell doctor kindly help.,doctor_query,
Please The ultrasound was done yesterday any results yet,doctor_query,
Please There is some discharge from the wound,doctor_query,
Please When will the pathology report be available,doctor_query,
Please Will I need to continue the IV medication at home please,doctor_query,
Please arrange for the doctor to come,doctor_query,
Please ask the doctor about an alternative medicine kindly help.,doctor_query,
Please ask the doctor if I can eat normally before the procedure,doctor_query,
Please call the dermatologist I have a skin issue kindly help.,doctor_query,
Please tell the doctor I need to talk to him,doctor_query,
Please tell the doctor I need to talk to him at the earliest please.,doctor_query,
Please tell the doctor I need to talk to him can you help?,doctor_query,
Please tell the doctor I need to talk to him is that possible?,doctor_query,
Please tell the doctor I need to talk to him this is urgent.,doctor_query,
Post operation pain is very high please inform doctor thank you,doctor_query,
Post surgery I cannot feel my toes properly at the earliest please.,doctor_query,
Test result vandha doctor kita kelu can someone help?,doctor_query,
The drainage from my wound has changed color,doctor_query,
The injection site is very sore is that normal at the earliest please.,doctor_query,
The medication side effect is bothering me at the earliest please.,doctor_query,
The medication side effect is bothering me can you help?,doctor_query,
The surgical site is leaking fluid please tell doctor,doctor_query,
The ultrasound was done yesterday any results yet,doctor_query,
The ultrasound was done yesterday any results yet kindly help.,doctor_query,
The ultrasound was done yesterday any results yet thank you so much,doctor_query,
There is some discharge from the wound,doctor_query,
There is some discharge from the wound please,doctor_query,
There is some discharge from the wound thank you so much,doctor_query,
This antibiotic is giving me stomach cramps,doctor_query,
This antibiotic is giving me stomach cramps I would really appreciate it.,doctor_query,
This antibiotic is giving me stomach cramps can you help?,doctor_query,
Um After the biopsy the area is very painful,doctor_query,
Um Am I allowed to drink water before the test is that possible?,doctor_query,
Um Can doctor prescribe wound care supplies for home is that possible?,doctor_query,
Um Can doctor prescribe wound care supplies for home kindly help.,doctor_query,
Um Can the doctor advise on my fluid intake,doctor_query,
Um Can the doctor advise on protein intake for healing,doctor_query,
Um Can the doctor explain my X-ray results,doctor_query,
Um Can the doctor explain the meaning of my platelet count please help.,doctor_query,
Um Can the doctor explain the procedure step by step is that possible?,doctor_query,
Um Can the doctor explain what happens after discharge,doctor_query,
Um Can the doctor explain what kind of implant will be used is that possible?,doctor_query,
Um Can the doctor explain what will happen during the procedure at the earliest please.,doctor_query,
Um Can the doctor give dietary guidelines for recovery kindly help.,doctor_query,
Um Can the doctor go over my CT scan findings please,doctor_query,
Um Can the doctor recommend a diet plan for my condition,doctor_query,
Um Can the doctor tell me about the anesthesia options is that possible?,doctor_query,
Um Can the doctor tell me if I can have coffee thank you so much,doctor_query,
Um Can the doctor tell me if I can have milk at the earliest please.,doctor_query,
Um Can the doctor tell me if I should avoid certain foods this is urgent.,doctor_query,
Um Can the gynecologist come and check on me can you help?,doctor_query,
Um Can you page the doctor for me please,doctor_query,
Um Do I need bed rest at home after leaving,doctor_query,
Um Doctor I have been feeling nauseous since morning can you help?,doctor_query,
Um Doctor varaliya enna aachi thank you,doctor_query,
Um How often do I need to change the dressing at home as soon as possible.,doctor_query,
Um How soon can I start walking after the procedure,doctor_query,
Um I am worried about the anesthesia side effects,doctor_query,
Um I feel a pulling sensation near my stitches,doctor_query,
Um I feel something popping near the wound when I cough this is urgent.,doctor_query,
Um I feel very cold and shivering doctor said to report this,doctor_query,
Um I had the test this morning and I have questions,doctor_query,
Um I have a concern about the medicine dosage,doctor_query,
Um I have been having night sweats should I report this this is urgent.,doctor_query,
Um I have been running a low fever since last night thank you so much,doctor_query,
Um I have been waiting for the doctor since morning thank you,doctor_query,
Um I have questions for my doctor kindly help.,doctor_query,
Um I have ringing in my ears since the new medicine started is that possible?,doctor_query,
Um I have sharp pain in my chest when I breathe deeply can someone help?,doctor_query,
Um I need to speak to the psychiatrist please thank you,doctor_query,
Um I noticed a lump under my arm please have doctor check can you help?,doctor_query,
Um I want to discuss my treatment options with the doctor at the earliest please.,doctor_query,
Um I want to know if my condition is improving,doctor_query,
Um I want to understand what the MRI showed I would really appreciate it.,doctor_query,
Um Is the surgery going to be laparoscopic or open can someone help?,doctor_query,
Um Is the surgery going to be laparoscopic or open kindly help.,doctor_query,
Um My blood pressure medicine is making me dizzy,doctor_query,
Um My father wants to discuss alternative treatments with the doctor kindly help.,doctor_query,
Um My hemoglobin was low last time has it improved,doctor_query,
Um My parents are worried can doctor explain my condition to them kindly help.,doctor_query,
Um My parents are worried can doctor explain my condition to them this is urgent.,doctor_query,
Um Please ask the surgeon to come and check my wound,doctor_query,
Um Please call the dermatologist I have a skin issue thank you so much,doctor_query,
Um There is tingling in my left arm please tell the doctor,doctor_query,
Um What are the next steps in my treatment can you help?,doctor_query,
Um What is the expected outcome of this treatment thank you,doctor_query,
Um What time is my surgery scheduled for please,doctor_query,
Um When can I take a shower after discharge kindly help.,doctor_query,
Um When is my follow-up appointment at the earliest please.,doctor_query,
Um Will I need a blood transfusion during surgery,doctor_query,
Um Will I need to come back for more tests,doctor_query,
What are the next steps in my treatment,doctor_query,
What are the possible complications of this surgery can someone help?,doctor_query,
What is the expected outcome of this treatment this is urgent.,doctor_query,
What is the plan for my treatment as soon as possible.,doctor_query,
What is the plan for my treatment can you help?,doctor_query,
What is the plan for my treatment thank you so much,doctor_query,
What precautions should I take after going home I would really appreciate it.,doctor_query,
What preparation do I need before the procedure,doctor_query,
What time is my surgery scheduled for thank you,doctor_query,
What warning signs should I watch for at home please,doctor_query,
What warning signs should I watch for at home thank you,doctor_query,
When can I be discharged can you help?,doctor_query,
When can I be discharged please help.,doctor_query,
When can I start eating rice and chapati again,doctor_query,
When can I start eating rice and chapati again thank you,doctor_query,
When can I take a shower after discharge kindly help.,doctor_query,
When is my follow-up appointment,doctor_query,
When is my follow-up appointment kindly help.,doctor_query,
When is my follow-up appointment thank you so much,doctor_query,
When should I come back to get my stitches removed,doctor_query,
When should I come back to get my stitches removed can you help?,doctor_query,
When will my blood test results come back,doctor_query,
When will the pathology report be available,doctor_query,
When will the pathology report be available is that possible?,doctor_query,
Will I be awake during the procedure is that possible?,doctor_query,
Will I be under general anesthesia or local,doctor_query,
Will I need a blood transfusion during surgery,doctor_query,
Will I need a catheter during the surgery,doctor_query,
Will I need home nursing care after leaving,doctor_query,
Will I need to come back for more tests,doctor_query,
actually After the biopsy the area is very painful,doctor_query,
actually After the biopsy the area is very painful this is urgent.,doctor_query,
actually Am I allowed to drink water before the test,doctor_query,
actually Am I allowed to eat solid food now please help.,doctor_query,
actually Can doctor prescribe home care instructions thank you so much,doctor_query,
actually Can the doctor advise on alcohol consumption after treatment,doctor_query,
actually Can the doctor advise on my fluid intake can you help?,doctor_query,
actually Can the doctor advise on protein intake for healing is that possible?,doctor_query,
actually Can the doctor check if the plate in my leg has shifted,doctor_query,
actually Can the doctor come and check my stitches,doctor_query,
actually Can the doctor discuss my rehabilitation plan can you help?,doctor_query,
actually Can the doctor explain why I need this new medication at the earliest please.,doctor_query,
actually Can the doctor explain why I need this new medication this is urgent.,doctor_query,
actually Can the doctor meet my family after rounds please,doctor_query,
actually Can the doctor reassure my family I am doing okay can you help?,doctor_query,
actually Can the doctor tell me about lifestyle changes I need to make I would really appreciate it.,doctor_query,
actually Can the doctor tell me if I can have coffee,doctor_query,
actually Can the doctor tell me if the surgery can be postponed,doctor_query,
actually Can the gynecologist come and check on me kindly help.,doctor_query,
actually Can the pulmonologist visit me today,doctor_query,
actually Doctor ko bolo aaj aa jayein please,doctor_query,
actually Doctor ne report dekha kya abhi tak,doctor_query,
actually How long will I need to stay in the hospital can you help?,doctor_query,
actually How long will the operation take I would really appreciate it.,doctor_query,
actually How long will the operation take kindly help.,doctor_query,
actually How many more days do I have to stay here please,doctor_query,
actually I am nervous about the surgery can doctor come and talk at the earliest please.,doctor_query,
actually I am taking too many tablets can the doctor simplify thank you,doctor_query,
actually I feel a lump near the incision site at the earliest please.,doctor_query,
actually I have a headache that is not going can doctor see,doctor_query,
actually I have been running a low fever since last night thank you,doctor_query,
actually I have bruising that is spreading after the surgery I would really appreciate it.,doctor_query,
actually I have bruising that is spreading after the surgery thank you so much,doctor_query,
actually I have numbness in my fingers should I tell the doctor,doctor_query,
actually I need to speak to the psychiatrist please,doctor_query,
actually I want to know if I can resume normal activities soon,doctor_query,
actually I want to speak with the anesthesiologist thank you so much,doctor_query,
actually My family wants to know the prognosis please ask,doctor_query,
actually My father wants to discuss alternative treatments with the doctor,doctor_query,
actually My father wants to discuss alternative treatments with the doctor please help.,doctor_query,
actually My parents are worried can doctor explain my condition to them at the earliest please.,doctor_query,
actually My skin has turned yellowish can doctor come see as soon as possible.,doctor_query,
actually My vision is blurry since the medication started,doctor_query,
actually Please arrange for the doctor to come,doctor_query,
actually There is blood in my urine please inform the doctor this is urgent.,doctor_query,
actually What is the expected outcome of this treatment,doctor_query,
actually What is the plan for my treatment is that possible?,doctor_query,
actually What time is my surgery scheduled for kindly help.,doctor_query,
actually When will my blood test results come back as soon as possible.,doctor_query,
actually Will I be awake during the procedure please,doctor_query,
actually Will I need a blood transfusion during surgery please,doctor_query,
excuse me After the biopsy the area is very painful at the earliest please.,doctor_query,
excuse me Am I allowed to eat solid food now please,doctor_query,
excuse me Can doctor explain what the scan showed this is urgent.,doctor_query,
excuse me Can doctor talk to my wife about post-discharge care at the earliest please.,doctor_query,
excuse me Can someone tell me what my blood sugar levels mean,doctor_query,
excuse me Can someone tell the doctor I have had a reaction to the antibiotic,doctor_query,
excuse me Can the doctor advise on my fluid intake,doctor_query,
excuse me Can the doctor check if there is internal bleeding please help.,doctor_query,
excuse me Can the doctor come and check my stitches can someone help?,doctor_query,
excuse me Can the doctor discuss my thyroid test results please help.,doctor_query,
excuse me Can the doctor discuss the long-term prognosis with me,doctor_query,
excuse me Can the doctor discuss the long-term prognosis with me I would really appreciate it.,doctor_query,
excuse me Can the doctor explain to my mother what medication I am on,doctor_query,
excuse me Can the doctor explain what my ECG report means thank you,doctor_query,
excuse me Can the doctor explain what the scope procedure involves thank you so much,doctor_query,
excuse me Can the doctor explain what will happen during the procedure,doctor_query,
excuse me Can the doctor explain why I need this new medication thank you,doctor_query,
excuse me Can the doctor prescribe medicines for home can you help?,doctor_query,
excuse me Can the doctor prescribe something for my anxiety,doctor_query,
excuse me Can the doctor tell me if the surgery can be postponed thank you so much,doctor_query,
excuse me How long will the operation take please,doctor_query,
excuse me I am having trouble breathing after the chest procedure as soon as possible.,doctor_query,
excuse me I am not sure if this is normal after surgery is that possible?,doctor_query,
excuse me I am worried about the anesthesia side effects is that possible?,doctor_query,
excuse me I feel a pulling sensation near my stitches,doctor_query,
excuse me I have a question about my medication kindly help.,doctor_query,
excuse me I have been coughing up phlegm since last night thank you so much,doctor_query,
excuse me I have sharp pain in my chest when I breathe deeply please help.,doctor_query,
excuse me I keep getting dizzy when I stand up,doctor_query,
excuse me I keep getting dizzy when I stand up thank you so much,doctor_query,
excuse me I need to see the ENT specialist this is urgent.,doctor_query,
excuse me I want to ask the doctor about alternative treatments I would really appreciate it.,doctor_query,
excuse me I want to discuss my blood report with the doctor can you help?,doctor_query,
excuse me I want to discuss my treatment options with the doctor,doctor_query,
excuse me I want to know how long I need to take this medication I would really appreciate it.,doctor_query,
excuse me I want to know how many stitches I will need please,doctor_query,
excuse me I want to know what my cholesterol numbers mean,doctor_query,
excuse me I want to know what my cholesterol numbers mean please help.,doctor_query,
excuse me I want to meet the head doctor of this ward thank you,doctor_query,
excuse me I want to understand the timeline for my recovery please help.,doctor_query,
excuse me Is it okay to have spicy food after the surgery can you help?,doctor_query,
excuse me Is it safe for me to climb stairs when I go home,doctor_query,
excuse me Is the surgery going to be laparoscopic or open this is urgent.,doctor_query,
excuse me My ankle is swollen more than yesterday can someone help?,doctor_query,
excuse me My family wants to know the prognosis please ask can someone help?,doctor_query,
excuse me My father wants to discuss alternative treatments with the doctor thank you,doctor_query,
excuse me My joints are very stiff and painful in the morning please help.,doctor_query,
excuse me My spouse wants to understand the risks of the procedure is that possible?,doctor_query,
excuse me Please arrange for the doctor to come,doctor_query,
excuse me Please ask the surgeon to come and check my wound,doctor_query,
excuse me Please ask the surgeon to come and check my wound is that possible?,doctor_query,
excuse me Please tell the doctor I need to talk to him I would really appreciate it.,doctor_query,
excuse me Since the injection I feel very unwell please,doctor_query,
excuse me The area around the operation site feels hot,doctor_query,
excuse me The steroid is causing mood swings please tell doctor can you help?,doctor_query,
excuse me There is some discharge from the wound kindly help.,doctor_query,
excuse me This antibiotic is giving me stomach cramps,doctor_query,
excuse me What warning signs should I watch for at home,doctor_query,
excuse me When will my blood test results come back,doctor_query,
excuse me Will I be under general anesthesia or local please help.,doctor_query,
excuse me Will I need a catheter during the surgery as soon as possible.,doctor_query,
hi After the biopsy the area is very painful,doctor_query,
hi Can doctor prescribe home care instructions thank you so much,doctor_query,
hi Can the doctor advise on alcohol consumption after treatment thank you,doctor_query,
hi Can the doctor advise on my fluid intake,doctor_query,
hi Can the doctor check if my medicines have any interactions I would really appreciate it.,doctor_query,
hi Can the doctor come and check my stitches at the earliest please.,doctor_query,
hi Can the doctor discuss my rehabilitation plan,doctor_query,
hi Can the doctor explain why my white cell count is high,doctor_query,
hi Can the doctor give a written update for my family kindly help.,doctor_query,
hi Can the doctor give dietary guidelines for recovery as soon as possible.,doctor_query,
hi Can the doctor prescribe something stronger for the pain thank you so much,doctor_query,
hi Can the doctor speak with my health insurance coordinator,doctor_query,
hi Can the doctor tell me about the anesthesia options as soon as possible.,doctor_query,
hi Can the doctor tell me if I should avoid certain foods I would really appreciate it.,doctor_query,
hi Can the doctor update my emergency contact about my progress,doctor_query,
hi Can the doctor write a fitness certificate for me,doctor_query,
hi Can the orthopedic doctor come see me can someone help?,doctor_query,
hi Do I need bed rest at home after leaving please,doctor_query,
hi Doctor I have been feeling nauseous since morning,doctor_query,
hi Doctor I have been feeling nauseous since morning can someone help?,doctor_query,
hi Doctor ne report dekha kya abhi tak,doctor_query,
hi How long will I need to stay in the hospital can someone help?,doctor_query,
hi I am allergic to one of the tablets please tell doctor please,doctor_query,
hi I am experiencing a new symptom I want the doctor to know at the earliest please.,doctor_query,
hi I cannot move my arm properly after the surgery can you help?,doctor_query,
hi I feel my heartbeat is irregular please tell the doctor please,doctor_query,
hi I feel something popping near the wound when I cough kindly help.,doctor_query,
hi I have a concern about the medicine dosage kindly help.,doctor_query,
hi I have a question about my medication,doctor_query,
hi I have been running a low fever since last night as soon as possible.,doctor_query,
hi I have pain behind my eyes that will not go away is that possible?,doctor_query,
hi I have questions for my doctor please help.,doctor_query,
hi I need the doctor to review my pain management plan can someone help?,doctor_query,
hi I want to discuss my blood report with the doctor can you help?,doctor_query,
hi I want to know if I need follow-up visits after this,doctor_query,
hi I want to understand what the MRI showed kindly help.,doctor_query,
hi Is it safe for me to climb stairs when I go home,doctor_query,
hi My blood pressure medicine is making me dizzy please help.,doctor_query,
hi My brother has some questions about my surgery I would really appreciate it.,doctor_query,
hi My husband wants to know if I can go home this week kindly help.,doctor_query,
hi My parents are worried can doctor explain my condition to them,doctor_query,
hi My skin has turned yellowish can doctor come see I would really appreciate it.,doctor_query,
hi My stitches feel like they might be opening please call doctor,doctor_query,
hi My wound is not closing properly doctor should see this please,doctor_query,
hi Post operation pain is very high please inform doctor please,doctor_query,
hi Post surgery I cannot feel my toes properly,doctor_query,
hi The medication side effect is bothering me,doctor_query,
hi What are the possible complications of this surgery this is urgent.,doctor_query,
hi What is the expected outcome of this treatment,doctor_query,
hi When can I resume my regular diet,doctor_query,
hi When can I start eating rice and chapati again please,doctor_query,
hi Will I need home nursing care after leaving kindly help.,doctor_query,
pls Can the doctor advise on protein intake for healing thank you so much,doctor_query,
pls Can the doctor call my daughter and update her,doctor_query,
pls Can the doctor call my daughter and update her thank you,doctor_query,
pls Can the doctor clarify the risks of the surgery I need,doctor_query,
pls Can the doctor come and check my stitches please help.,doctor_query,
pls Can the doctor discuss my rehabilitation plan please,doctor_query,
pls Can the doctor discuss my thyroid test results,doctor_query,
pls Can the doctor explain my diagnosis to me please,doctor_query,
pls Can the doctor explain what will happen during the procedure thank you,doctor_query,
pls Can the doctor give a written update for my family can someone help?,doctor_query,
pls Can the doctor prescribe medicines for home,doctor_query,
pls Can the doctor prescribe something for my anxiety thank you,doctor_query,
pls Can the doctor prescribe something stronger for the pain thank you,doctor_query,
pls Can the doctor provide a return-to-work note can someone help?,doctor_query,
pls Can the doctor speak with my health insurance coordinator can someone help?,doctor_query,
pls Can the doctor tell me about the anesthesia options,doctor_query,
pls Can the doctor tell me about the success rate of this treatment this is urgent.,doctor_query,
pls Can the doctor tell me if I can eat fruits now thank you so much,doctor_query,
pls Can the doctor tell me if the infection markers are down,doctor_query,
pls Can the doctor update my emergency contact about my progress,doctor_query,
pls Can the neurologist come and examine me can someone help?,doctor_query,
pls Can you ask the doctor if I can start eating normally is that possible?,doctor_query,
pls Doctor I have been feeling nauseous since morning,doctor_query,
pls Doctor told me to let them know if I have fever after surgery,doctor_query,
pls I am allergic to one of the tablets please tell doctor kindly help.,doctor_query,
pls I am worried about the anesthesia side effects can someone help?,doctor_query,
pls I feel a pulling sensation near my stitches please,doctor_query,
pls I have a concern about the medicine dosage please help.,doctor_query,
pls I have been running a low fever since last night,doctor_query,
pls I have been vomiting since the morning please send doctor,doctor_query,
pls I have been waiting for the doctor since morning,doctor_query,
pls I think my condition is getting worse,doctor_query,
pls I want to ask the doctor about alternative treatments as soon as possible.,doctor_query,
pls I want to know how long I need to take this medication as soon as possible.,doctor_query,
pls I want to know if I can resume normal activities soon this is urgent.,doctor_query,
pls I want to know if there are other treatment options available this is urgent.,doctor_query,
pls I want to know what my cholesterol numbers mean can someone help?,doctor_query,
pls I want to see my test results can doctor explain them this is urgent.,doctor_query,
pls I want to speak to my doctor this is urgent.,doctor_query,
pls I want to talk to the specialist doctor please kindly help.,doctor_query,
pls I would like a second opinion on my condition can someone help?,doctor_query,
pls Is the surgery going to be laparoscopic or open,doctor_query,
pls My ankle is swollen more than yesterday,doctor_query,
pls My appetite has completely gone please let doctor know,doctor_query,
pls My family is coming in the evening can doctor meet them,doctor_query,
pls My family wants to know how long the hospital stay will be please,doctor_query,
pls My joints are very stiff and painful in the morning I would really appreciate it.,doctor_query,
pls My vision is blurry since the medication started as soon as possible.,doctor_query,
pls My wife has questions can the doctor talk to her,doctor_query,
pls My wound looks a bit red can doctor come check can you help?,doctor_query,
pls The area around the operation site feels hot please,doctor_query,
pls The new tablet is making me nauseous can doctor change it,doctor_query,
pls There is some discharge from the wound please,doctor_query,
pls Will I be awake during the procedure,doctor_query,
pls Will I need a catheter during the surgery at the earliest please.,doctor_query,
um Can I ask the doctor about my test results can you help?,doctor_query,
um Can doctor prescribe home care instructions I would really appreciate it.,doctor_query,
um Can doctor prescribe home care instructions thank you,doctor_query,
um Can doctor prescribe wound care supplies for home thank you so much,doctor_query,
um Can the doctor advise what diet I should follow I would really appreciate it.,doctor_query,
um Can the doctor check if the plate in my leg has shifted,doctor_query,
um Can the doctor clarify the risks of the surgery I need,doctor_query,
um Can the doctor come and check my stitches,doctor_query,
um Can the doctor explain to my mother what medication I am on please help.,doctor_query,
um Can the doctor explain what happens after discharge,doctor_query,
um Can the doctor give dietary guidelines for recovery at the earliest please.,doctor_query,
um Can the doctor tell me if I can eat fruits now kindly help.,doctor_query,
um Can the doctor tell me if I can have coffee,doctor_query,
um Can the doctor tell me if the infection markers are down this is urgent.,doctor_query,
um Can the neurologist come and examine me I would really appreciate it.,doctor_query,
um Doctor se milna hai mujhe kindly help.,doctor_query,
um Doctor se milna hai mujhe thank you,doctor_query,
um Doctor varaliya enna aachi,doctor_query,
um Has the consultant seen my latest scan results,doctor_query,
um Has the doctor reviewed my urine test report,doctor_query,
um How soon after surgery can I eat,doctor_query,
um How soon after surgery can I eat is that possible?,doctor_query,
um I am nervous about the surgery can doctor come and talk,doctor_query,
um I feel very weak and dizzy since the medicine started this is urgent.,doctor_query,
um I have been waiting for the doctor since morning as soon as possible.,doctor_query,
um I have been waiting for the doctor since morning thank you so much,doctor_query,
um I have bruising that is spreading after the surgery,doctor_query,
um I think my condition is getting worse,doctor_query,
um I want to discuss my treatment options with the doctor,doctor_query,
um I want to know how many stitches I will need thank you,doctor_query,
um I want to know if there are other treatment options available please help.,doctor_query,
um I want to know more about my treatment plan I would really appreciate it.,doctor_query,
um I want to see my test results can doctor explain them I would really appreciate it.,doctor_query,
um I want to speak with the anesthesiologist,doctor_query,
um I want to talk to the specialist doctor please,doctor_query,
um I want to talk to the specialist doctor please thank you so much,doctor_query,
um I want to understand my liver function test results,doctor_query,
um I want to understand my liver function test results thank you,doctor_query,
um I want to understand the timeline for my recovery,doctor_query,
um I would like a second opinion on my condition,doctor_query,
um Is it safe for me to climb stairs when I go home please,doctor_query,
um My drain tube output has increased please inform doctor,doctor_query,
um My family wants to know how long the hospital stay will be,doctor_query,
um My family wants to know how long the hospital stay will be can someone help?,doctor_query,
um My husband wants to know if I can go home this week kindly help.,doctor_query,
um My wife has questions can the doctor talk to her,doctor_query,
um My wife has questions can the doctor talk to her this is urgent.,doctor_query,
um The pain after surgery is worse today than yesterday as soon as possible.,doctor_query,
um There is redness spreading around my surgical wound as soon as possible.,doctor_query,
um What dietary restrictions will I have after treatment can someone help?,doctor_query,
um When should I come back to get my stitches removed is that possible?,doctor_query,
um When will my blood test results come back,doctor_query,
um When will my blood test results come back thank you,doctor_query,
um Will I be awake during the procedure,doctor_query,
,,
Actually Can my attendant come inside the ICU,status_query,
Actually Can someone tell me the plan for the rest of the day,status_query,
Actually Can you find out if my stool test report is ready please,status_query,
Actually Can you tell me when I will be moved to a private room,status_query,
Actually Has my MRI appointment been booked,status_query,
Actually Has my insurance company responded to the request,status_query,
Actually Has my insurance company responded to the request this is urgent.,status_query,
Actually Has the TPA approved my claim,status_query,
Actually Has the dietitian consultation been booked kindly help.,status_query,
Actually Has the doctor seen my report yet can someone help?,status_query,
Actually Has the doctor signed my discharge papers I would really appreciate it.,status_query,
Actually Has the duty doctor been told about my request,status_query,
Actually Has the insurance pre-authorization for transfer been done,status_query,
Actually Has the lipid profile report come in is that possible?,status_query,
Actually Has the occupational therapy session been scheduled as soon as possible.,status_query,
Actually Has the pharmacy prepared my take-home medicines,status_query,
Actually Has the pharmacy prepared my take-home medicines kindly help.,status_query,
Actually Has the room change been arranged please,status_query,
Actually How long more will it take for the nurse to come can you help?,status_query,
Actually I pressed the call bell twenty minutes ago and no response thank you so much,status_query,
Actually I requested a nurse visit has it been assigned at the earliest please.,status_query,
Actually I want to know the progress of my treatment kindly help.,status_query,
Actually Is my bill ready,status_query,
Actually Is my bill ready please,status_query,
Actually Is my discharge process started please,status_query,
Actually Is my doctor query still pending kindly help.,status_query,
Actually Is my insurance covering the surgery cost please help.,status_query,
Actually Is my physiotherapy session today please help.,status_query,
Actually Is my scan report ready,status_query,
Actually Is there an update on my cashless claim please,status_query,
Actually Is there any change in my diet plan,status_query,
Actually Is there any feedback from the lab about my samples can someone help?,status_query,
Actually Is there any new information about my treatment thank you,status_query,
Actually My meal request was made an hour ago any update,status_query,
Actually Status check on my earlier request please as soon as possible.,status_query,
Actually Status check on my earlier request please can someone help?,status_query,
Actually What is the status of my request,status_query,
Actually What time is the blood draw in the morning please,status_query,
Actually What time will the occupational therapist visit me can you help?,status_query,
Actually When is my dialysis session,status_query,
Actually When is my next ECG scheduled can someone help?,status_query,
Actually When is my spirometry test booked as soon as possible.,status_query,
Actually When is my surgery scheduled,status_query,
Actually When is my surgery scheduled kindly help.,status_query,
Actually When is the anesthesiologist coming for the pre-op check is that possible?,status_query,
Actually When will I get the PET scan results thank you so much,status_query,
Actually When will I hear back about the second opinion kindly help.,status_query,
Actually When will I hear back about the second opinion thank you,status_query,
Actually When will I know if the treatment is working I would really appreciate it.,status_query,
Actually When will I receive the itemized bill thank you,status_query,
Actually When will my attendant be called for discharge briefing please help.,status_query,
Actually When will my attendant be called for discharge briefing thank you,status_query,
Actually When will the discharge nurse come to brief me thank you so much,status_query,
Actually When will the neurologist visit my ward,status_query,
Actually When will the porter come to shift me,status_query,
Actually Will the nutritionist visit me today can you help?,status_query,
Actually Will the orthopedic doctor come today as soon as possible.,status_query,
Am I being transferred to another ward as soon as possible.,status_query,
Am I scheduled for any tests today,status_query,
Am I scheduled for any tests today this is urgent.,status_query,
Can I get an interim bill statement,status_query,
Can I get an interim bill statement at the earliest please.,status_query,
Can I get an interim bill statement is that possible?,status_query,
Can I get an interim bill statement this is urgent.,status_query,
Can I know the estimate of my bill so far,status_query,
Can I know when the nurse will come can someone help?,status_query,
Can I know when the nurse will come kindly help.,status_query,
Can I know when the nurse will come please help.,status_query,
Can my attendant come inside the ICU,status_query,
Can my family come in now or do they need to wait this is urgent.,status_query,
Can someone check if my thyroid report is out,status_query,
Can someone check if my thyroid report is out please help.,status_query,
Can someone check on my biopsy result,status_query,
Can someone explain the next steps in my care,status_query,
Can someone give me an update on what is next can someone help?,status_query,
Can someone give me an update on what is next please,status_query,
Can someone tell me the balance amount pending at the earliest please.,status_query,
Can someone tell me the balance amount pending thank you,status_query,
Can someone tell me what is expected to happen today can someone help?,status_query,
Can someone tell me what is expected to happen today can you help?,status_query,
Can someone update me on what tests are remaining as soon as possible.,status_query,
Can someone update my family in the waiting hall can you help?,status_query,
Can you check if my MRI report is ready,status_query,
Can you check if my MRI report is ready as soon as possible.,status_query,
Can you check if my discharge paperwork is ready,status_query,
Can you check if my discharge paperwork is ready I would really appreciate it.,status_query,
Can you check if my discharge paperwork is ready please,status_query,
Can you check if my family received the update call can someone help?,status_query,
Can you check if my family received the update call kindly help.,status_query,
Can you check if my request is being processed I would really appreciate it.,status_query,
Can you check if the chest X-ray report is done,status_query,
Can you check if the ultrasound report is ready is that possible?,status_query,
Can you check if there are any pending charges on my bill,status_query,
Can you hear me? Can I get an interim bill statement thank you,status_query,
Can you hear me? Can my attendant come inside the ICU can you help?,status_query,
Can you hear me? Can my family come in now or do they need to wait,status_query,
Can you hear me? Can my family come in now or do they need to wait thank you so much,status_query,
Can you hear me? Can you check if my request is being processed is that possible?,status_query,
Can you hear me? Can you tell me when I will be moved to a private room,status_query,
Can you hear me? Did the specialist review my case can someone help?,status_query,
Can you hear me? Has my case been discussed in the team meeting,status_query,
Can you hear me? Has my daughter been given the entry pass,status_query,
Can you hear me? Has my insurance company responded to the request thank you,status_query,
Can you hear me? Has my pre-op assessment been scheduled,status_query,
Can you hear me? Has the bed been arranged in the new ward,status_query,
Can you hear me? Has the bed been arranged in the new ward please help.,status_query,
Can you hear me? Has the billing department cleared my discharge,status_query,
Can you hear me? Has the billing department cleared my discharge thank you so much,status_query,
Can you hear me? Has the consultant been informed about my case kindly help.,status_query,
Can you hear me? Has the insurance pre-authorization for transfer been done,status_query,
Can you hear me? Has the insurance team approved my discharge,status_query,
Can you hear me? Has the insurance team approved my discharge thank you,status_query,
Can you hear me? Has the kidney function test result come back,status_query,
Can you hear me? Has the psychiatrist been called to see me at the earliest please.,status_query,
Can you hear me? Has the utility team received my request can you help?,status_query,
Can you hear me? Has the visitor limit been changed today at the earliest please.,status_query,
Can you hear me? I want to know the progress of my treatment thank you,status_query,
Can you hear me? Is anyone monitoring my situation as soon as possible.,status_query,
Can you hear me? Is my CT scan report available now as soon as possible.,status_query,
Can you hear me? Is my family aware of the discharge time can you help?,status_query,
Can you hear me? Is my medicine prescription ready for discharge,status_query,
Can you hear me? Is my medicine prescription ready for discharge please,status_query,
Can you hear me? Is the bone density scan report available,status_query,
Can you hear me? Is the transport arranged for going home can you help?,status_query,
Can you hear me? Is there any change in my diet plan please,status_query,
Can you hear me? Is there any feedback from the lab about my samples,status_query,
Can you hear me? Is there any new instruction from the doctor,status_query,
Can you hear me? What happened to my nurse request from before,status_query,
Can you hear me? What time does the morning round start,status_query,
Can you hear me? What time does the morning round start as soon as possible.,status_query,
Can you hear me? What time is the blood transfusion starting thank you,status_query,
Can you hear me? When is my discharge time approximately,status_query,
Can you hear me? When is the anesthesiologist coming for the pre-op check can you help?,status_query,
Can you hear me? When is the next visiting window,status_query,
Can you hear me? When is the physiotherapist expected to come can someone help?,status_query,
Can you hear me? When will I be moved to a private room,status_query,
Can you hear me? When will I get my test results can you help?,status_query,
Can you hear me? When will I receive the itemized bill please,status_query,
Can you hear me? When will the biopsy results be finalized,status_query,
Can you hear me? When will the biopsy results be finalized as soon as possible.,status_query,
Can you hear me? When will the blood culture results be out,status_query,
Can you hear me? When will the blood culture results be out please help.,status_query,
Can you hear me? When will the surgeon come to check on me this is urgent.,status_query,
Can you tell me how long the wait will be,status_query,
Can you tell me how long the wait will be at the earliest please.,status_query,
Did the nurse get my message,status_query,
Did the nurse get my message this is urgent.,status_query,
Did the specialist review my case thank you so much,status_query,
Excuse me Am I being transferred to another ward,status_query,
Excuse me Am I scheduled for any tests today thank you,status_query,
Excuse me Can I know the estimate of my bill so far kindly help.,status_query,
Excuse me Can I know when the discharge formalities will be done,status_query,
Excuse me Can I know when the discharge formalities will be done please,status_query,
Excuse me Can someone check if my thyroid report is out,status_query,
Excuse me Can someone tell me the balance amount pending is that possible?,status_query,
Excuse me Can you check if my request is being processed please help.,status_query,
Excuse me Can you check if the chest X-ray report is done,status_query,
Excuse me Can you check if there are any pending charges on my bill this is urgent.,status_query,
Excuse me Can you tell me the current bill amount,status_query,
Excuse me Has anyone acted on my earlier request can someone help?,status_query,
Excuse me Has insurance approval come for my treatment,status_query,
Excuse me Has insurance approval come for my treatment kindly help.,status_query,
Excuse me Has my case been discussed in the team meeting this is urgent.,status_query,
Excuse me Has my daughter been given the entry pass as soon as possible.,status_query,
Excuse me Has my family been informed about my surgery time,status_query,
Excuse me Has my final bill been generated please,status_query,
Excuse me Has my request for a different room been approved,status_query,
Excuse me Has my room cleaning request been noted kindly help.,status_query,
Excuse me Has the kidney function test result come back please help.,status_query,
Excuse me Has the occupational therapy session been scheduled as soon as possible.,status_query,
Excuse me Has the pharmacy prepared my take-home medicines is that possible?,status_query,
Excuse me Has the referral to the other hospital been processed,status_query,
Excuse me Has the room change been arranged,status_query,
Excuse me Has the step-down unit bed been confirmed at the earliest please.,status_query,
Excuse me Has the visitor limit been changed today,status_query,
Excuse me Has the visitor limit been changed today thank you,status_query,
Excuse me I asked for a charger has someone found one as soon as possible.,status_query,
Excuse me I want to know the progress of my treatment,status_query,
Excuse me Is anyone working on the TV repair I reported,status_query,
Excuse me Is my CT scan report available now I would really appreciate it.,status_query,
Excuse me Is my CT scan report available now thank you so much,status_query,
Excuse me Is my doctor query still pending thank you,status_query,
Excuse me Is my physiotherapy session today can someone help?,status_query,
Excuse me Is my radiation session at the usual time today thank you,status_query,
Excuse me Is the angiogram report available yet please help.,status_query,
Excuse me Is the bone density scan report available I would really appreciate it.,status_query,
Excuse me Is the nurse coming soon I have been waiting,status_query,
Excuse me Is the stress test happening today is that possible?,status_query,
Excuse me Is there a waiting area update for my family,status_query,
Excuse me Is there a waiting area update for my family at the earliest please.,status_query,
Excuse me Is there a waiting area update for my family can you help?,status_query,
Excuse me Is there an update on my cashless claim please help.,status_query,
Excuse me Is there any new information about my treatment please help.,status_query,
Excuse me Is there any progress update on my recovery,status_query,
Excuse me Is there any test planned for me today I would really appreciate it.,status_query,
Excuse me Is there any test planned for me today kindly help.,status_query,
Excuse me Is there any test planned for me today thank you,status_query,
Excuse me My family is waiting outside has the pass been given at the earliest please.,status_query,
Excuse me What is the plan for tonight regarding my medication can you help?,status_query,
Excuse me What is the status of my request I would really appreciate it.,status_query,
Excuse me What time is the blood draw in the morning as soon as possible.,status_query,
Excuse me What time will the occupational therapist visit me as soon as possible.,status_query,
Excuse me When can my children visit me,status_query,
Excuse me When is my x-ray result expected,status_query,
Excuse me When is the next visiting window as soon as possible.,status_query,
Excuse me When is the on-call doctor expected this is urgent.,status_query,
Excuse me When is the pulmonologist expected,status_query,
Excuse me When will my attendant be called for discharge briefing,status_query,
Excuse me When will the final bill be ready I would really appreciate it.,status_query,
Excuse me When will the final bill be ready can you help?,status_query,
Has anyone acted on my earlier request please,status_query,
Has anyone followed up on my complaint I would really appreciate it.,status_query,
Has anyone followed up on my complaint thank you so much,status_query,
Has my MRI appointment been booked can someone help?,status_query,
Has my blood test result come back yet,status_query,
Has my blood test result come back yet kindly help.,status_query,
Has my blood test result come yet,status_query,
Has my culture sensitivity report come back,status_query,
Has my daughter been given the entry pass I would really appreciate it.,status_query,
Has my final bill been generated,status_query,
Has my hemoglobin report been updated kindly help.,status_query,
Has my hemoglobin report been updated thank you so much,status_query,
Has my insurance company responded to the request I would really appreciate it.,status_query,
Has my insurance company responded to the request is that possible?,status_query,
Has my insurance company responded to the request please,status_query,
Has my request for an ice pack been seen this is urgent.,status_query,
Has my room cleaning request been noted as soon as possible.,status_query,
Has my wife been informed about the room change as soon as possible.,status_query,
Has my wife been informed about the room change can someone help?,status_query,
Has my wife been informed about the room change please help.,status_query,
Has my wife been informed about the room change thank you so much,status_query,
Has the ICU visiting time been announced I would really appreciate it.,status_query,
Has the advance payment been recorded,status_query,
Has the advance payment been recorded thank you,status_query,
Has the bed been arranged in the new ward thank you,status_query,
Has the bed been arranged in the new ward thank you so much,status_query,
Has the billing department cleared my discharge please,status_query,
Has the consultant been informed about my case,status_query,
Has the consultant been informed about my case can someone help?,status_query,
Has the deposit been adjusted in my bill kindly help.,status_query,
Has the doctor reviewed my latest blood work,status_query,
Has the doctor reviewed my latest blood work please help.,status_query,
Has the doctor signed my discharge papers this is urgent.,status_query,
Has the endoscopy been scheduled thank you so much,status_query,
Has the hospital called my emergency contact,status_query,
Has the hospital called my emergency contact can you help?,status_query,
Has the hospital called my emergency contact please,status_query,
Has the housekeeping request been forwarded,status_query,
Has the insurance claim been submitted,status_query,
Has the insurance claim been submitted can you help?,status_query,
Has the lipid profile report come in kindly help.,status_query,
Has the lipid profile report come in thank you so much,status_query,
Has the maintenance team received my plumbing complaint,status_query,
Has the night shift doctor been briefed about me,status_query,
Has the occupational therapy session been scheduled as soon as possible.,status_query,
Has the oncologist reviewed my file yet is that possible?,status_query,
Has the pharmacy bill been added to my account I would really appreciate it.,status_query,
Has the pharmacy bill been added to my account thank you so much,status_query,
Has the pharmacy prepared my take-home medicines thank you,status_query,
Has the pharmacy prepared my take-home medicines thank you so much,status_query,
Has the psychiatrist been called to see me,status_query,
Has the psychiatrist been called to see me thank you so much,status_query,
Has the room change been arranged at the earliest please.,status_query,
Has the senior doctor given any new instructions,status_query,
Has the utility team received my request,status_query,
Has the visitor limit been changed today,status_query,
Has the visitor limit been changed today is that possible?,status_query,
Has there been any change in my medication plan thank you,status_query,
Hello Am I scheduled for any tests today can someone help?,status_query,
Hello Can I get an interim bill statement I would really appreciate it.,status_query,
Hello Can my family come in now or do they need to wait,status_query,
Hello Can my family come in now or do they need to wait kindly help.,status_query,
Hello Can someone tell me the balance amount pending as soon as possible.,status_query,
Hello Can someone tell me the plan for the rest of the day,status_query,
Hello Can someone tell me the plan for the rest of the day kindly help.,status_query,
Hello Can someone tell me the plan for the rest of the day please,status_query,
Hello Can someone tell me what is expected to happen today please help.,status_query,
Hello Can someone update me on what tests are remaining thank you so much,status_query,
Hello Can someone update my family in the waiting hall,status_query,
Hello Can you check if my MRI report is ready please help.,status_query,
Hello Can you check if my discharge paperwork is ready,status_query,
Hello Can you check if my request is being processed,status_query,
Hello Can you check if my request is being processed thank you,status_query,
Hello Did the lab send my report,status_query,
Hello Did the specialist review my case,status_query,
Hello Has my MRI appointment been booked,status_query,
Hello Has my daughter been given the entry pass,status_query,
Hello Has my pre-op assessment been scheduled,status_query,
Hello Has my pre-op assessment been scheduled at the earliest please.,status_query,
Hello Has my pre-op assessment been scheduled this is urgent.,status_query,
Hello Has my request for a different room been approved can you help?,status_query,
Hello Has my request for an ice pack been seen,status_query,
Hello Has my room cleaning request been noted at the earliest please.,status_query,
Hello Has my wife been informed about the room change I would really appreciate it.,status_query,
Hello Has my wife been informed about the room change can someone help?,status_query,
Hello Has the ICU visiting time been announced,status_query,
Hello Has the ICU visiting time been announced as soon as possible.,status_query,
Hello Has the ICU visiting time been announced at the earliest please.,status_query,
Hello Has the advance payment been recorded please help.,status_query,
Hello Has the bed been arranged in the new ward is that possible?,status_query,
Hello Has the billing department cleared my discharge as soon as possible.,status_query,
Hello Has the cashless approval come from insurance thank you,status_query,
Hello Has the doctor signed my discharge papers please,status_query,
Hello Has the duty doctor been told about my request at the earliest please.,status_query,
Hello Has the hospital called my emergency contact,status_query,
Hello Has the housekeeping request been forwarded I would really appreciate it.,status_query,
Hello Has the lipid profile report come in,status_query,
Hello Has the multidisciplinary team reviewed my case,status_query,
Hello Has the pharmacy prepared my take-home medicines thank you,status_query,
Hello Has the pharmacy prepared my take-home medicines this is urgent.,status_query,
Hello Has the psychiatrist been called to see me thank you so much,status_query,
Hello Has the referral to the other hospital been processed kindly help.,status_query,
Hello Has the room change been arranged at the earliest please.,status_query,
Hello Has the visitor pass been arranged for my family,status_query,
Hello Has the visitor pass been arranged for my family kindly help.,status_query,
Hello How long more will it take for the nurse to come at the earliest please.,status_query,
Hello How long more will it take for the nurse to come please help.,status_query,
Hello I asked for a heating pad has it been arranged I would really appreciate it.,status_query,
Hello I asked for fresh towels when will they arrive,status_query,
Hello I requested a nurse visit has it been assigned,status_query,
Hello I requested a nurse visit has it been assigned can someone help?,status_query,
Hello I requested a nurse visit has it been assigned thank you so much,status_query,
Hello I requested a nurse visit has it been assigned this is urgent.,status_query,
Hello I requested extra pillows is someone bringing them,status_query,
Hello I requested extra pillows is someone bringing them at the earliest please.,status_query,
Hello I was told the report comes in 2 hours it has been 3,status_query,
Hello I was told the report comes in 2 hours it has been 3 thank you so much,status_query,
Hello Is my CT scan report available now,status_query,
Hello Is my CT scan scheduled for today or tomorrow,status_query,
Hello Is my bill ready as soon as possible.,status_query,
Hello Is my echo test booked for today I would really appreciate it.,status_query,
Hello Is my family aware of the discharge time,status_query,
Hello Is my insurance covering the surgery cost,status_query,
Hello Is my medicine prescription ready for discharge,status_query,
Hello Is my scan report ready at the earliest please.,status_query,
Hello Is my transfer to the general ward confirmed thank you,status_query,
Hello Is the ambulance arranged for my discharge please help.,status_query,
Hello Is the cardiologist visiting today,status_query,
Hello Is the cardiologist visiting today as soon as possible.,status_query,
Hello Is the dermatologist coming to see me today thank you,status_query,
Hello Is the discharge checklist complete,status_query,
Hello Is the discharge counseling done,status_query,
Hello Is the nurse coming soon I have been waiting I would really appreciate it.,status_query,
Hello Is the pain management team coming today please help.,status_query,
Hello Is the senior doctor coming for evening rounds kindly help.,status_query,
Hello Is the specialist still coming to see me today this is urgent.,status_query,
Hello Is the stress test happening today thank you,status_query,
Hello Is the visitor registration done for my relatives thank you,status_query,
Hello Is the visitor registration done for my relatives thank you so much,status_query,
Hello Is there a waiting area update for my family thank you so much,status_query,
Hello Is there any new information about my treatment,status_query,
Hello My family is waiting outside has the pass been given,status_query,
Hello My family is waiting outside has the pass been given kindly help.,status_query,
Hello What happened to my nurse request from before,status_query,
Hello What is the status of my request this is urgent.,status_query,
Hello What time do I need to be fasting from tonight at the earliest please.,status_query,
Hello What time is the blood transfusion starting thank you,status_query,
Hello What time is the dressing change tomorrow,status_query,
Hello What time is the dressing change tomorrow is that possible?,status_query,
Hello When are visiting hours today can you help?,status_query,
Hello When are visiting hours today please,status_query,
Hello When can my children visit me,status_query,
Hello When can my children visit me can someone help?,status_query,
Hello When is my chemotherapy session,status_query,
Hello When is my next ECG scheduled,status_query,
Hello When is my next ECG scheduled please,status_query,
Hello When is my x-ray result expected at the earliest please.,status_query,
Hello When is my x-ray result expected kindly help.,status_query,
Hello When is the ICU transfer happening thank you,status_query,
Hello When is the dietitian coming,status_query,
Hello When is the next visiting window,status_query,
Hello When is the speech therapist expected please help.,status_query,
Hello When will my blanket arrive,status_query,
Hello When will my blanket arrive at the earliest please.,status_query,
Hello When will the final bill be ready I would really appreciate it.,status_query,
Hello When will the final bill be ready at the earliest please.,status_query,
Hello When will the insurance settlement be processed this is urgent.,status_query,
Hello When will the radiologist come this is urgent.,status_query,
Hello When will the surgeon come to check on me please help.,status_query,
Hello When will they allow visitors in the ward,status_query,
Hello Will the nutritionist visit me today as soon as possible.,status_query,
Hi Am I being transferred to another ward as soon as possible.,status_query,
Hi Any update from the doctor on my condition can someone help?,status_query,
Hi Can I know the estimate of my bill so far please,status_query,
Hi Can my family come in now or do they need to wait at the earliest please.,status_query,
Hi Can my family come in now or do they need to wait can you help?,status_query,
Hi Can someone give me an update on what is next,status_query,
Hi Can someone tell me the balance amount pending is that possible?,status_query,
Hi Can someone update me on what tests are remaining,status_query,
Hi Can someone update my family in the waiting hall please,status_query,
Hi Can you check if my family received the update call at the earliest please.,status_query,
Hi Can you tell me the current bill amount,status_query,
Hi Can you tell me the current bill amount thank you,status_query,
Hi Did the nurse get my message can you help?,status_query,
Hi Has my condition improved according to the records as soon as possible.,status_query,
Hi Has my culture sensitivity report come back I would really appreciate it.,status_query,
Hi Has my daughter been given the entry pass can you help?,status_query,
Hi Has my hemoglobin report been updated,status_query,
Hi Has my request for a different room been approved please help.,status_query,
Hi Has my wife been informed about the room change please help.,status_query,
Hi Has my wife been informed about the room change this is urgent.,status_query,
Hi Has the doctor seen my report yet,status_query,
Hi Has the doctor seen my report yet please,status_query,
Hi Has the doctor seen my report yet thank you so much,status_query,
Hi Has there been any change in my medication plan at the earliest please.,status_query,
Hi How long more will it take for the nurse to come,status_query,
Hi I asked for fresh towels when will they arrive,status_query,
Hi I requested extra pillows is someone bringing them at the earliest please.,status_query,
Hi I want to know the progress of my treatment,status_query,
Hi I want to know the progress of my treatment as soon as possible.,status_query,
Hi I was told the report comes in 2 hours it has been 3,status_query,
Hi Is my CT scan scheduled for today or tomorrow thank you,status_query,
Hi Is my bill ready,status_query,
Hi Is my insurance covering the surgery cost,status_query,
Hi Is my insurance covering the surgery cost please,status_query,
Hi Is my insurance covering the surgery cost please help.,status_query,
Hi Is the angiogram report available yet I would really appreciate it.,status_query,
Hi Is the dermatologist coming to see me today please,status_query,
Hi Is the discharge checklist complete,status_query,
Hi Is the discharge checklist complete at the earliest please.,status_query,
Hi Is the nurse coming soon I have been waiting,status_query,
Hi Is the senior doctor coming for evening rounds can someone help?,status_query,
Hi Is the transport arranged for going home,status_query,
Hi Is there a waiting area update for my family can someone help?,status_query,
Hi Is there any change in my diet plan,status_query,
Hi Is there any change in my diet plan please help.,status_query,
Hi What is the status of my request,status_query,
Hi What time is the blood transfusion starting,status_query,
Hi What time is the blood transfusion starting can someone help?,status_query,
Hi When are visiting hours today,status_query,
Hi When can my children visit me thank you so much,status_query,
Hi When is my next ECG scheduled,status_query,
Hi When is my next injection scheduled I would really appreciate it.,status_query,
Hi When is my spirometry test booked is that possible?,status_query,
Hi When is the ICU transfer happening at the earliest please.,status_query,
Hi When is the dietitian coming this is urgent.,status_query,
Hi When is the on-call doctor expected thank you,status_query,
Hi When is the on-call doctor expected thank you so much,status_query,
Hi When is the on-call doctor expected this is urgent.,status_query,
Hi When will I be discharged,status_query,
Hi When will I receive the itemized bill,status_query,
Hi When will I receive the itemized bill at the earliest please.,status_query,
Hi When will the surgeon come to check on me please,status_query,
Hi When will the wound care nurse come,status_query,
How long more will it take for the nurse to come,status_query,
I asked for a call bell replacement is it on the way,status_query,
I asked for a heating pad has it been arranged please,status_query,
I asked for fresh towels when will they arrive I would really appreciate it.,status_query,
I called for a bedpan earlier it still has not come this is urgent.,status_query,
I made a request an hour ago is it done please help.,status_query,
I requested extra pillows is someone bringing them can you help?,status_query,
I requested extra pillows is someone bringing them kindly help.,status_query,
I want to know the progress of my treatment thank you so much,status_query,
I was told the report comes in 2 hours it has been 3 at the earliest please.,status_query,
Is anyone monitoring my situation,status_query,
Is anyone working on the TV repair I reported this is urgent.,status_query,
Is my CT scan scheduled for today or tomorrow,status_query,
Is my bill ready,status_query,
Is my bill ready can someone help?,status_query,
Is my discharge process started thank you,status_query,
Is my doctor query still pending can someone help?,status_query,
Is my echo test booked for today,status_query,
Is my echo test booked for today kindly help.,status_query,
Is my family allowed to stay overnight kindly help.,status_query,
Is my family aware of the discharge time I would really appreciate it.,status_query,
Is my family aware of the discharge time is that possible?,status_query,
Is my insurance covering the surgery cost can someone help?,status_query,
Is my insurance covering the surgery cost this is urgent.,status_query,
Is my liver function test report ready is that possible?,status_query,
Is my medicine prescription ready for discharge,status_query,
Is my medicine prescription ready for discharge this is urgent.,status_query,
Is my radiation session at the usual time today as soon as possible.,status_query,
Is my transfer to the general ward confirmed,status_query,
Is my transfer to the general ward confirmed as soon as possible.,status_query,
Is my transfer to the general ward confirmed kindly help.,status_query,
Is my transfer to the general ward confirmed thank you,status_query,
Is the ENT specialist visiting this ward today kindly help.,status_query,
Is the ambulance arranged for my discharge please,status_query,
Is the ambulance arranged for my discharge thank you so much,status_query,
Is the angiogram report available yet at the earliest please.,status_query,
Is the angiogram report available yet please help.,status_query,
Is the billing department working on my invoice,status_query,
Is the dermatologist coming to see me today,status_query,
Is the dermatologist coming to see me today thank you so much,status_query,
Is the discharge checklist complete,status_query,
Is the discharge checklist complete thank you,status_query,
Is the discharge counseling done,status_query,
Is the discharge counseling done can someone help?,status_query,
Is the discharge counseling done can you help?,status_query,
Is the nurse coming soon I have been waiting,status_query,
Is the pain management team coming today thank you so much,status_query,
Is the stress test happening today,status_query,
Is the transport arranged for going home,status_query,
Is the transport arranged for going home can you help?,status_query,
Is the transport arranged for going home thank you so much,status_query,
Is the ultrasound appointment confirmed please help.,status_query,
Is there a timeline for my remaining treatment,status_query,
Is there a timeline for my remaining treatment this is urgent.,status_query,
Is there a waiting area update for my family,status_query,
Is there a waiting area update for my family this is urgent.,status_query,
Is there an update on my cashless claim,status_query,
Is there an update on my cashless claim this is urgent.,status_query,
Is there any feedback from the lab about my samples as soon as possible.,status_query,
Is there any feedback from the lab about my samples at the earliest please.,status_query,
Is there any new information about my treatment kindly help.,status_query,
Is there any new instruction from the doctor this is urgent.,status_query,
Is there any progress update on my recovery,status_query,
Is there any test planned for me today,status_query,
Is there any test planned for me today kindly help.,status_query,
Is there any update I should know about at the earliest please.,status_query,
Just wanted to say Any update from the doctor on my condition,status_query,
Just wanted to say Can my attendant come inside the ICU can you help?,status_query,
Just wanted to say Can someone check if my thyroid report is out,status_query,
Just wanted to say Can someone update me on what tests are remaining this is urgent.,status_query,
Just wanted to say Can you check if my MRI report is ready,status_query,
Just wanted to say Can you check if my family received the update call can someone help?,status_query,
Just wanted to say Can you check if the chest X-ray report is done,status_query,
Just wanted to say Has anyone followed up on my complaint kindly help.,status_query,
Just wanted to say Has my blood test result come back yet I would really appreciate it.,status_query,
Just wanted to say Has my condition improved according to the records is that possible?,status_query,
Just wanted to say Has my final bill been generated this is urgent.,status_query,
Just wanted to say Has my hemoglobin report been updated,status_query,
Just wanted to say Has my request for an ice pack been seen can you help?,status_query,
Just wanted to say Has the advance payment been recorded can you help?,status_query,
Just wanted to say Has the cashless approval come from insurance,status_query,
Just wanted to say Has the dietitian consultation been booked kindly help.,status_query,
Just wanted to say Has the dietitian consultation been booked thank you so much,status_query,
Just wanted to say Has the doctor reviewed my latest blood work,status_query,
Just wanted to say Has the duty doctor been told about my request can someone help?,status_query,
Just wanted to say Has the oncologist reviewed my file yet thank you,status_query,
Just wanted to say Has the pharmacy bill been added to my account,status_query,
Just wanted to say Has the room change been arranged,status_query,
Just wanted to say Has the step-down unit bed been confirmed kindly help.,status_query,
Just wanted to say Has the step-down unit bed been confirmed this is urgent.,status_query,
Just wanted to say Has the treatment plan been updated please help.,status_query,
Just wanted to say I asked for fresh towels when will they arrive please,status_query,
Just wanted to say I pressed the call bell twenty minutes ago and no response,status_query,
Just wanted to say I want to know the progress of my treatment is that possible?,status_query,
Just wanted to say I was told the report comes in 2 hours it has been 3 I would really appreciate it.,status_query,
Just wanted to say Is my echo test booked for today please help.,status_query,
Just wanted to say Is my family aware of the discharge time,status_query,
Just wanted to say Is my liver function test report ready this is urgent.,status_query,
Just wanted to say Is the ENT specialist visiting this ward today thank you,status_query,
Just wanted to say Is the ambulance arranged for my discharge please help.,status_query,
Just wanted to say Is the discharge checklist complete,status_query,
Just wanted to say Is the senior doctor coming for evening rounds,status_query,
Just wanted to say Is the transport arranged for going home,status_query,
Just wanted to say Is there a waiting area update for my family,status_query,
Just wanted to say Is there an update on my cashless claim,status_query,
Just wanted to say Is there any change in my diet plan kindly help.,status_query,
Just wanted to say Is there any new instruction from the doctor,status_query,
Just wanted to say Is there any new instruction from the doctor this is urgent.,status_query,
Just wanted to say What is the schedule for my scans this week thank you so much,status_query,
Just wanted to say What time do I need to be fasting from tonight,status_query,
Just wanted to say What time do I need to be fasting from tonight I would really appreciate it.,status_query,
Just wanted to say What time is the blood draw in the morning is that possible?,status_query,
Just wanted to say What time will the doctor come for rounds today,status_query,
Just wanted to say When is my dialysis session,status_query,
Just wanted to say When is my discharge time approximately,status_query,
Just wanted to say When is the anesthesiologist coming for the pre-op check I would really appreciate it.,status_query,
Just wanted to say When is the next visiting window,status_query,
Just wanted to say When is the next wound dressing change scheduled,status_query,
Just wanted to say When will I be moved to a private room can you help?,status_query,
Just wanted to say When will I get the PET scan results,status_query,
Just wanted to say When will I receive the itemized bill,status_query,
Just wanted to say When will the insurance settlement be processed,status_query,
Just wanted to say When will the surgeon come to check on me I would really appreciate it.,status_query,
Just wanted to say When will they allow visitors in the ward,status_query,
Just wanted to say Will the orthopedic doctor come today can you help?,status_query,
My family is waiting outside has the pass been given can someone help?,status_query,
My family is waiting outside has the pass been given please help.,status_query,
My family is waiting outside has the pass been given thank you,status_query,
My meal request was made an hour ago any update,status_query,
My meal request was made an hour ago any update can you help?,status_query,
My meal request was made an hour ago any update please help.,status_query,
Please Any update on my request,status_query,
Please Can I get an interim bill statement,status_query,
Please Can someone explain the next steps in my care,status_query,
Please Can someone tell me the plan for the rest of the day thank you,status_query,
Please Can someone update me on what tests are remaining I would really appreciate it.,status_query,
Please Can you check if my discharge paperwork is ready can you help?,status_query,
Please Can you check if my family received the update call is that possible?,status_query,
Please Can you check if the ultrasound report is ready this is urgent.,status_query,
Please Can you tell me the current bill amount kindly help.,status_query,
Please Did the specialist review my case,status_query,
Please Has my pre-op assessment been scheduled,status_query,
Please Has the TPA approved my claim can someone help?,status_query,
Please Has the bed been arranged in the new ward please,status_query,
Please Has the housekeeping request been forwarded as soon as possible.,status_query,
Please Has the insurance claim been submitted as soon as possible.,status_query,
Please Has the insurance claim been submitted can someone help?,status_query,
Please Has the insurance team approved my discharge is that possible?,status_query,
Please Has the lipid profile report come in is that possible?,status_query,
Please Has the pharmacy bill been added to my account,status_query,
Please Has the pharmacy prepared my take-home medicines I would really appreciate it.,status_query,
Please Has the pharmacy prepared my take-home medicines kindly help.,status_query,
Please Has the psychiatrist been called to see me,status_query,
Please Has the visitor limit been changed today,status_query,
Please Has the visitor limit been changed today is that possible?,status_query,
Please Has the visitor pass been arranged for my family please help.,status_query,
Please I submitted a request earlier has anyone seen it can you help?,status_query,
Please Is anyone monitoring my situation as soon as possible.,status_query,
Please Is anyone working on the TV repair I reported,status_query,
Please Is my discharge process started thank you so much,status_query,
Please Is my family aware of the discharge time,status_query,
Please Is my family aware of the discharge time at the earliest please.,status_query,
Please Is my insurance covering the surgery cost,status_query,
Please Is my liver function test report ready this is urgent.,status_query,
Please Is my scan report ready,status_query,
Please Is my transfer to the general ward confirmed this is urgent.,status_query,
Please Is my urine test result available this is urgent.,status_query,
Please Is the billing department working on my invoice can you help?,status_query,
Please Is the bone density scan report available please help.,status_query,
Please Is the pain management team coming today at the earliest please.,status_query,
Please Is there a waiting area update for my family I would really appreciate it.,status_query,
Please Is there an update on my cashless claim,status_query,
Please Is there any new instruction from the doctor at the earliest please.,status_query,
Please My meal request was made an hour ago any update please,status_query,
Please What happened to my nurse request from before thank you so much,status_query,
Please What is happening with my case please update me,status_query,
Please What time does the morning round start as soon as possible.,status_query,
Please What time does the morning round start can you help?,status_query,
Please What time does the morning round start thank you so much,status_query,
Please When are visiting hours today,status_query,
Please When can my children visit me at the earliest please.,status_query,
Please When is my dialysis session is that possible?,status_query,
Please When is my next ECG scheduled,status_query,
Please When is my next ECG scheduled I would really appreciate it.,status_query,
Please When is the anesthesiologist coming for the pre-op check I would really appreciate it.,status_query,
Please When is the next wound dressing change scheduled thank you so much,status_query,
Please When is the pulmonologist expected please help.,status_query,
Please When will I be moved to a private room,status_query,
Please When will I hear back about the second opinion,status_query,
Please When will I know if the treatment is working at the earliest please.,status_query,
Please When will I receive the itemized bill this is urgent.,status_query,
Please When will the blood culture results be out kindly help.,status_query,
Status check on my earlier request please at the earliest please.,status_query,
Um Am I being transferred to another ward can someone help?,status_query,
Um Any update on my request this is urgent.,status_query,
Um Can I know the estimate of my bill so far is that possible?,status_query,
Um Can I know when the discharge formalities will be done,status_query,
Um Can someone tell me what is expected to happen today,status_query,
Um Can someone tell me what is expected to happen today can you help?,status_query,
Um Can someone update my family in the waiting hall thank you so much,status_query,
Um Can you tell me the current bill amount thank you so much,status_query,
Um Has anyone followed up on my complaint,status_query,
Um Has my case been discussed in the team meeting please,status_query,
Um Has my daughter been given the entry pass can you help?,status_query,
Um Has my daughter been given the entry pass is that possible?,status_query,
Um Has the ICU visiting time been announced at the earliest please.,status_query,
Um Has the billing department cleared my discharge kindly help.,status_query,
Um Has the cashless approval come from insurance I would really appreciate it.,status_query,
Um Has the consultant been informed about my case can someone help?,status_query,
Um Has the deposit been adjusted in my bill,status_query,
Um Has the doctor seen my report yet is that possible?,status_query,
Um Has the duty doctor been told about my request,status_query,
Um Has the insurance claim been submitted this is urgent.,status_query,
Um Has the insurance pre-authorization for transfer been done,status_query,
Um Has the lipid profile report come in thank you so much,status_query,
Um Has the maintenance team received my plumbing complaint thank you so much,status_query,
Um Has the multidisciplinary team reviewed my case,status_query,
Um Has the pharmacy bill been added to my account is that possible?,status_query,
Um Has the pharmacy prepared my take-home medicines this is urgent.,status_query,
Um How long more will it take for the nurse to come,status_query,
Um I called for a bedpan earlier it still has not come can someone help?,status_query,
Um Is my echo test booked for today kindly help.,status_query,
Um Is my family allowed to stay overnight,status_query,
Um Is my family allowed to stay overnight I would really appreciate it.,status_query,
Um Is my food request approved yet,status_query,
Um Is my insurance covering the surgery cost at the earliest please.,status_query,
Um Is my medicine prescription ready for discharge,status_query,
Um Is the senior doctor coming for evening rounds,status_query,
Um Is there a timeline for my remaining treatment please,status_query,
Um Is there an update on my cashless claim please help.,status_query,
Um My family is waiting outside has the pass been given,status_query,
Um My family is waiting outside has the pass been given as soon as possible.,status_query,
Um What time do I need to be fasting from tonight,status_query,
Um What time is my procedure tomorrow this is urgent.,status_query,
Um When are visiting hours today this is urgent.,status_query,
Um When can my children visit me,status_query,
Um When is my discharge time approximately this is urgent.,status_query,
Um When is my follow-up X-ray,status_query,
Um When is my next doctor round,status_query,
Um When is my surgery scheduled is that possible?,status_query,
Um When is my x-ray result expected,status_query,
Um When is the physiotherapist expected to come thank you so much,status_query,
Um When will I know if the treatment is working,status_query,
Um When will I receive the itemized bill is that possible?,status_query,
Um When will the allergy test results come,status_query,
Um When will the allergy test results come kindly help.,status_query,
Um When will the discharge nurse come to brief me,status_query,
Um When will the final bill be ready thank you,status_query,
Um When will the physiotherapy slot be confirmed,status_query,
Um When will the porter come to shift me,status_query,
Um When will they allow visitors in the ward,status_query,
What is happening with my case please update me,status_query,
What is the status of my request,status_query,
What is the status of my request is that possible?,status_query,
What time do I need to be fasting from tonight,status_query,
What time does the morning round start as soon as possible.,status_query,
What time is my procedure tomorrow as soon as possible.,status_query,
What time is the blood draw in the morning,status_query,
What time is the blood transfusion starting can you help?,status_query,
What time is the dressing change tomorrow,status_query,
What time will the doctor come for rounds today can someone help?,status_query,
What time will the occupational therapist visit me please,status_query,
When are visiting hours today,status_query,
When are visiting hours today kindly help.,status_query,
When can my children visit me,status_query,
When can my children visit me can someone help?,status_query,
When can my children visit me can you help?,status_query,
When can my children visit me please help.,status_query,
When is my chemotherapy session,status_query,
When is my chemotherapy session please help.,status_query,
When is my next ECG scheduled,status_query,
When is my next ECG scheduled can someone help?,status_query,
When is my spirometry test booked please help.,status_query,
When is the anesthesiologist coming for the pre-op check thank you so much,status_query,
When is the dietitian coming please,status_query,
When is the physiotherapist expected to come,status_query,
When will I be moved to a private room,status_query,
When will I be moved to a private room I would really appreciate it.,status_query,
When will I get my test results,status_query,
When will I get my test results can someone help?,status_query,
When will I get the PET scan results kindly help.,status_query,
When will I hear back about the second opinion,status_query,
When will I know if the treatment is working is that possible?,status_query,
When will I know if the treatment is working please help.,status_query,
When will I receive the itemized bill as soon as possible.,status_query,
When will my attendant be called for discharge briefing,status_query,
When will my attendant be called for discharge briefing thank you so much,status_query,
When will my discharge medicines be ready is that possible?,status_query,
When will the biopsy results be finalized can someone help?,status_query,
When will the blood culture results be out,status_query,
When will the blood culture results be out can you help?,status_query,
When will the blood culture results be out kindly help.,status_query,
When will the blood culture results be out thank you,status_query,
When will the discharge nurse come to brief me,status_query,
When will the discharge nurse come to brief me can you help?,status_query,
When will the discharge nurse come to brief me kindly help.,status_query,
When will the discharge nurse come to brief me please,status_query,
When will the final bill be ready,status_query,
When will the final bill be ready thank you so much,status_query,
When will the insurance settlement be processed,status_query,
When will the insurance settlement be processed I would really appreciate it.,status_query,
When will the insurance settlement be processed kindly help.,status_query,
When will the neurologist visit my ward please,status_query,
When will the physiotherapy slot be confirmed can someone help?,status_query,
When will the radiologist come I would really appreciate it.,status_query,
When will the radiologist come as soon as possible.,status_query,
When will the surgeon come to check on me this is urgent.,status_query,
When will the wound care nurse come please,status_query,
When will they allow visitors in the ward,status_query,
Will the orthopedic doctor come today,status_query,
actually Am I scheduled for any tests today please,status_query,
actually Can I know when the discharge formalities will be done can you help?,status_query,
actually Can my family come in now or do they need to wait kindly help.,status_query,
actually Can someone explain the next steps in my care thank you,status_query,
actually Can someone tell me the balance amount pending kindly help.,status_query,
actually Can you check if my request is being processed thank you so much,status_query,
actually Can you check if the ultrasound report is ready kindly help.,status_query,
actually Can you check if there are any pending charges on my bill is that possible?,status_query,
actually Has my room cleaning request been noted,status_query,
actually Has my room cleaning request been noted thank you so much,status_query,
actually Has the ICU visiting time been announced at the earliest please.,status_query,
actually Has the ICU visiting time been announced please,status_query,
actually Has the billing department cleared my discharge please help.,status_query,
actually Has the colonoscopy appointment been fixed please help.,status_query,
actually Has the night shift doctor been briefed about me,status_query,
actually Has the visitor limit been changed today,status_query,
actually How long more will it take for the nurse to come can someone help?,status_query,
actually I called for a bedpan earlier it still has not come thank you so much,status_query,
actually I requested extra pillows is someone bringing them is that possible?,status_query,
actually Is my insurance covering the surgery cost is that possible?,status_query,
actually Is my liver function test report ready,status_query,
actually Is my physiotherapy session today,status_query,
actually Is my transfer to the general ward confirmed please help.,status_query,
actually Is the ENT specialist visiting this ward today is that possible?,status_query,
actually Is the billing department working on my invoice please help.,status_query,
actually Is the nurse coming soon I have been waiting as soon as possible.,status_query,
actually Is the specialist still coming to see me today,status_query,
actually Is there a timeline for my remaining treatment,status_query,
actually Is there any feedback from the lab about my samples can someone help?,status_query,
actually Is there any test planned for me today thank you so much,status_query,
actually Status check on my earlier request please thank you,status_query,
actually When are visiting hours today,status_query,
actually When is my discharge time approximately this is urgent.,status_query,
actually When is my next doctor round,status_query,
actually When is my next injection scheduled I would really appreciate it.,status_query,
actually When is the anesthesiologist coming for the pre-op check,status_query,
actually When is the dietitian coming,status_query,
actually When is the next visiting window,status_query,
actually When is the pulmonologist expected as soon as possible.,status_query,
actually When will I be discharged please help.,status_query,
actually When will my blanket arrive please help.,status_query,
actually When will the allergy test results come can you help?,status_query,
actually When will the biopsy results be finalized,status_query,
actually When will the final bill be ready,status_query,
actually When will the neurologist visit my ward kindly help.,status_query,
actually Will the nutritionist visit me today,status_query,
actually Will the nutritionist visit me today this is urgent.,status_query,
excuse me Can someone explain the next steps in my care can someone help?,status_query,
excuse me Can someone tell me the balance amount pending at the earliest please.,status_query,
excuse me Can someone tell me the plan for the rest of the day kindly help.,status_query,
excuse me Can someone update me on what tests are remaining I would really appreciate it.,status_query,
excuse me Can you check if my family received the update call,status_query,
excuse me Can you check if my family received the update call can someone help?,status_query,
excuse me Can you check if the ultrasound report is ready,status_query,
excuse me Can you find out if my stool test report is ready can someone help?,status_query,
excuse me Did the lab send my report thank you,status_query,
excuse me Has anyone acted on my earlier request please,status_query,
excuse me Has insurance approval come for my treatment,status_query,
excuse me Has insurance approval come for my treatment thank you,status_query,
excuse me Has my MRI appointment been booked,status_query,
excuse me Has my blood test result come yet,status_query,
excuse me Has my wife been informed about the room change,status_query,
excuse me Has my wife been informed about the room change can you help?,status_query,
excuse me Has the advance payment been recorded,status_query,
excuse me Has the doctor seen my report yet I would really appreciate it.,status_query,
excuse me Has the insurance pre-authorization for transfer been done,status_query,
excuse me Has the insurance pre-authorization for transfer been done is that possible?,status_query,
excuse me Has the maintenance team received my plumbing complaint kindly help.,status_query,
excuse me Has the night shift doctor been briefed about me,status_query,
excuse me I asked for a call bell replacement is it on the way at the earliest please.,status_query,
excuse me I asked for a charger has someone found one,status_query,
excuse me I want to know the progress of my treatment thank you so much,status_query,
excuse me I was told the report comes in 2 hours it has been 3 at the earliest please.,status_query,
excuse me Is my doctor query still pending,status_query,
excuse me Is my echo test booked for today,status_query,
excuse me Is my family allowed to stay overnight,status_query,
excuse me Is my food request approved yet,status_query,
excuse me Is my physiotherapy session today please help.,status_query,
excuse me Is my radiation session at the usual time today,status_query,
excuse me Is my urine test result available can someone help?,status_query,
excuse me Is the dermatologist coming to see me today at the earliest please.,status_query,
excuse me Is the senior doctor coming for evening rounds can someone help?,status_query,
excuse me Is the visitor registration done for my relatives,status_query,
excuse me Is there an update on my cashless claim,status_query,
excuse me What is the schedule for my scans this week,status_query,
excuse me What time does the morning round start as soon as possible.,status_query,
excuse me What time is the blood transfusion starting,status_query,
excuse me What time will the scan be done I would really appreciate it.,status_query,
excuse me When can my children visit me as soon as possible.,status_query,
excuse me When can my children visit me this is urgent.,status_query,
excuse me When is my dialysis session kindly help.,status_query,
excuse me When is my follow-up X-ray please help.,status_query,
excuse me When is my follow-up X-ray thank you,status_query,
excuse me When is my spirometry test booked I would really appreciate it.,status_query,
excuse me When is my surgery scheduled,status_query,
excuse me When is the ICU transfer happening please help.,status_query,
excuse me When is the pulmonologist expected can someone help?,status_query,
excuse me When is the pulmonologist expected please,status_query,
excuse me When will I be discharged at the earliest please.,status_query,
excuse me When will I be moved to a private room,status_query,
excuse me When will my attendant be called for discharge briefing,status_query,
excuse me When will the final bill be ready I would really appreciate it.,status_query,
excuse me When will the final bill be ready can you help?,status_query,
excuse me When will the insurance settlement be processed can someone help?,status_query,
excuse me When will the insurance settlement be processed thank you so much,status_query,
excuse me When will the porter come to shift me,status_query,
excuse me When will the surgeon come to check on me this is urgent.,status_query,
hi Any update from the doctor on my condition,status_query,
hi Any update on my request,status_query,
hi Can I get an interim bill statement this is urgent.,status_query,
hi Can I know when the discharge formalities will be done,status_query,
hi Can someone update me on what tests are remaining thank you,status_query,
hi Did the lab send my report,status_query,
hi Has my hemoglobin report been updated,status_query,
hi Has my request for a different room been approved thank you so much,status_query,
hi Has my wife been informed about the room change I would really appreciate it.,status_query,
hi Has the ICU visiting time been announced kindly help.,status_query,
hi Has the advance payment been recorded can someone help?,status_query,
hi Has the cashless approval come from insurance please help.,status_query,
hi Has the consultant been informed about my case,status_query,
hi Has the duty doctor been told about my request as soon as possible.,status_query,
hi Has the hospital called my emergency contact thank you,status_query,
hi Has the insurance claim been submitted can you help?,status_query,
hi Has the insurance pre-authorization for transfer been done as soon as possible.,status_query,
hi Has the insurance team approved my discharge,status_query,
hi Has the insurance team approved my discharge is that possible?,status_query,
hi Has the utility team received my request,status_query,
hi I asked for a wheelchair an hour ago where is it thank you,status_query,
hi Is my CT scan report available now thank you so much,status_query,
hi Is my echo test booked for today is that possible?,status_query,
hi Is my family allowed to stay overnight,status_query,
hi Is my family aware of the discharge time,status_query,
hi Is my insurance covering the surgery cost is that possible?,status_query,
hi Is my physiotherapy session today,status_query,
hi Is the angiogram report available yet please help.,status_query,
hi Is the nurse coming soon I have been waiting thank you,status_query,
hi Is the senior doctor coming for evening rounds can you help?,status_query,
hi Is there any change in my diet plan is that possible?,status_query,
hi Status check on my earlier request please I would really appreciate it.,status_query,
hi What is the plan for tonight regarding my medication can someone help?,status_query,
hi What time does the morning round start can you help?,status_query,
hi What time is my procedure tomorrow can you help?,status_query,
hi When are visiting hours today,status_query,
hi When are visiting hours today thank you,status_query,
hi When is my next ECG scheduled,status_query,
hi When is my spirometry test booked as soon as possible.,status_query,
hi When is my x-ray result expected,status_query,
hi When is my x-ray result expected can you help?,status_query,
hi When is the ICU transfer happening,status_query,
hi When is the physiotherapist expected to come as soon as possible.,status_query,
hi When will I know if the treatment is working,status_query,
hi When will I receive the itemized bill,status_query,
hi When will my attendant be called for discharge briefing this is urgent.,status_query,
hi When will the final bill be ready I would really appreciate it.,status_query,
hi When will the final bill be ready kindly help.,status_query,
hi When will the wound care nurse come,status_query,
hi Will the orthopedic doctor come today I would really appreciate it.,status_query,
pls Am I being transferred to another ward thank you,status_query,
pls Can I get an interim bill statement kindly help.,status_query,
pls Can I know when the discharge formalities will be done is that possible?,status_query,
pls Can my family come in now or do they need to wait,status_query,
pls Can someone tell me what is expected to happen today I would really appreciate it.,status_query,
pls Did the nurse get my message thank you so much,status_query,
pls Has my blood test result come back yet thank you so much,status_query,
pls Has my daughter been given the entry pass at the earliest please.,status_query,
pls Has the insurance pre-authorization for transfer been done,status_query,
pls Has the multidisciplinary team reviewed my case,status_query,
pls Has the room change been arranged,status_query,
pls Has the visitor limit been changed today thank you,status_query,
pls I asked for a charger has someone found one kindly help.,status_query,
pls I made a request an hour ago is it done please help.,status_query,
pls I pressed the call bell twenty minutes ago and no response,status_query,
pls Is anyone monitoring my situation,status_query,
pls Is anyone monitoring my situation please,status_query,
pls Is my family allowed to stay overnight please help.,status_query,
pls Is my scan report ready please,status_query,
pls Is my transfer to the general ward confirmed can you help?,status_query,
pls Is the ambulance arranged for my discharge at the earliest please.,status_query,
pls Is there any new information about my treatment,status_query,
pls Is there any new information about my treatment this is urgent.,status_query,
pls Is there any test planned for me today as soon as possible.,status_query,
pls Is there any update I should know about thank you,status_query,
pls What time do I need to be fasting from tonight as soon as possible.,status_query,
pls What time does the morning round start please,status_query,
pls What time is my procedure tomorrow I would really appreciate it.,status_query,
pls When can my children visit me as soon as possible.,status_query,
pls When is my chemotherapy session this is urgent.,status_query,
pls When is my next ECG scheduled thank you,status_query,
pls When is my next injection scheduled is that possible?,status_query,
pls When is my next injection scheduled thank you,status_query,
pls When is my spirometry test booked,status_query,
pls When is the anesthesiologist coming for the pre-op check is that possible?,status_query,
pls When is the next wound dressing change scheduled thank you so much,status_query,
pls When will I hear back about the second opinion kindly help.,status_query,
pls When will the biopsy results be finalized please,status_query,
pls When will the physiotherapy slot be confirmed kindly help.,status_query,
pls When will the porter come to shift me,status_query,
pls When will the surgeon come to check on me can you help?,status_query,
um Can I get an interim bill statement thank you,status_query,
um Can my family come in now or do they need to wait please help.,status_query,
um Can someone explain the next steps in my care kindly help.,status_query,
um Can someone tell me the balance amount pending,status_query,
um Can someone tell me the plan for the rest of the day I would really appreciate it.,status_query,
um Can you find out if my stool test report is ready thank you so much,status_query,
um Can you tell me the current bill amount can you help?,status_query,
um Has my MRI appointment been booked,status_query,
um Has my blood test result come back yet,status_query,
um Has my final bill been generated,status_query,
um Has the dietitian consultation been booked can someone help?,status_query,
um Has the doctor seen my report yet I would really appreciate it.,status_query,
um Has the housekeeping request been forwarded as soon as possible.,status_query,
um Has the maintenance team received my plumbing complaint,status_query,
um Has the oncologist reviewed my file yet thank you so much,status_query,
um Has the pharmacy bill been added to my account I would really appreciate it.,status_query,
um Has the visitor limit been changed today,status_query,
um I asked for a call bell replacement is it on the way,status_query,
um I asked for a call bell replacement is it on the way is that possible?,status_query,
um I made a request an hour ago is it done thank you,status_query,
um I pressed the call bell twenty minutes ago and no response,status_query,
um I pressed the call bell twenty minutes ago and no response kindly help.,status_query,
um I submitted a request earlier has anyone seen it,status_query,
um Is my transfer to the general ward confirmed kindly help.,status_query,
um Is the billing department working on my invoice I would really appreciate it.,status_query,
um Is the stress test happening today I would really appreciate it.,status_query,
um Is the stress test happening today as soon as possible.,status_query,
um Is the transport arranged for going home,status_query,
um Is there a timeline for my remaining treatment,status_query,
um Is there any change in my diet plan please help.,status_query,
um Is there any new instruction from the doctor kindly help.,status_query,
um Is there any progress update on my recovery,status_query,
um My meal request was made an hour ago any update thank you so much,status_query,
um What time is the blood transfusion starting please help.,status_query,
um What time will the occupational therapist visit me this is urgent.,status_query,
um When can my children visit me as soon as possible.,status_query,
um When can my children visit me please help.,status_query,
um When is my discharge time approximately can someone help?,status_query,
um When is my discharge time approximately thank you,status_query,
um When is my surgery scheduled as soon as possible.,status_query,
um When is the ICU transfer happening,status_query,
um When is the next visiting window kindly help.,status_query,
um When is the on-call doctor expected kindly help.,status_query,
um When is the pulmonologist expected this is urgent.,status_query,
um When will my attendant be called for discharge briefing,status_query,
um When will my blanket arrive please help.,status_query,
um When will they allow visitors in the ward,status_query,
um Will the nutritionist visit me today,status_query,
,,
Actually Can I get a dental kit please,utility_request,
Actually Can I get a hypoallergenic pillow I have allergies thank you,utility_request,
Actually Can I get a magazine or book to read,utility_request,
Actually Can I get a weighing scale brought to my room please help.,utility_request,
Actually Can I get an extra meal tray for my attendant as soon as possible.,utility_request,
Actually Can my attendant use the patient bathroom,utility_request,
Actually Can my family get access to the pantry,utility_request,
Actually Can my family member get a guest pass at the earliest please.,utility_request,
Actually Can someone bring a clock to my room,utility_request,
Actually Can someone bring a multi-plug for my devices as soon as possible.,utility_request,
Actually Can someone bring a torch the lights went off,utility_request,
Actually Can someone bring batteries for my hearing aid,utility_request,
Actually Can someone bring me a spare blanket it is chilly at the earliest please.,utility_request,
Actually Can someone bring me some lip balm thank you,utility_request,
Actually Can someone bring my discharge summary to my room please,utility_request,
Actually Can someone disinfect the door handles,utility_request,
Actually Can someone disinfect the door handles is that possible?,utility_request,
Actually Can someone fix the power outlet it is sparking,utility_request,
Actually Can someone fix the power outlet it is sparking can someone help?,utility_request,
Actually Can someone fix the power outlet it is sparking kindly help.,utility_request,
Actually Can someone help me connect my phone to the wifi,utility_request,
Actually Can someone help me find the lost and found can someone help?,utility_request,
Actually Can someone mop the floor there is water please help.,utility_request,
Actually Can someone spray air freshener in my room,utility_request,
Actually Can someone switch on the night light as soon as possible.,utility_request,
Actually Can someone turn on the fan please as soon as possible.,utility_request,
Actually Can someone turn on the heater it is very chilly I would really appreciate it.,utility_request,
Actually Can someone turn on the light I can't reach the switch,utility_request,
Actually Can the room temperature be set a little warmer as soon as possible.,utility_request,
Actually Can the room temperature be set a little warmer at the earliest please.,utility_request,
Actually I need a clean pillow cover this one is stained can you help?,utility_request,
Actually I need a hair comb can someone bring one,utility_request,
Actually I need a small towel for my face,utility_request,
Actually I need a walking frame to go to the washroom kindly help.,utility_request,
Actually I need a wheelchair to go to the cafeteria at the earliest please.,utility_request,
Actually I need an extension board for charging I would really appreciate it.,utility_request,
Actually I need fresh towels please,utility_request,
Actually Is there a locker where my attendant can keep bags is that possible?,utility_request,
Actually Is there a shop where I can buy snacks nearby,utility_request,
Actually My attendant needs a pillow for the night,utility_request,
Actually My bed light bulb has fused can someone replace it please,utility_request,
Actually My room has not been cleaned since yesterday,utility_request,
Actually The bed sheet has a tear can someone replace it,utility_request,
Actually The bedside table needs wiping down thank you so much,utility_request,
Actually The fan is making a squeaking noise can someone fix it at the earliest please.,utility_request,
Actually The floor near my bed is wet can someone dry it as soon as possible.,utility_request,
Actually The heater in my room is not working kindly help.,utility_request,
Actually The plug point is too far from my bed thank you so much,utility_request,
Actually The room is too hot can you adjust the AC please,utility_request,
Actually The room smells of disinfectant too strongly can you help?,utility_request,
Actually The walker wheels are stuck can someone oil them this is urgent.,utility_request,
Actually The wash basin is clogged can someone fix it,utility_request,
Actually The wheelchair brakes are not working can someone fix I would really appreciate it.,utility_request,
Actually The wheelchair tire is flat can someone replace it,utility_request,
Actually There is no hot water in the bathroom at the earliest please.,utility_request,
Can I get a book from the hospital library,utility_request,
Can I get a book from the hospital library this is urgent.,utility_request,
Can I get a box of tissues for my cold,utility_request,
Can I get a cotton blanket instead of this woolen one,utility_request,
Can I get a cup or glass please this is urgent.,utility_request,
Can I get a dental kit please,utility_request,
Can I get a do-not-disturb sign for my door as soon as possible.,utility_request,
Can I get a lightweight wheelchair thank you,utility_request,
Can I get a magazine or book to read I would really appreciate it.,utility_request,
Can I get a sanitizer bottle for my room,utility_request,
Can I get a sanitizer bottle for my room I would really appreciate it.,utility_request,
Can I get a set of earphones for the TV please help.,utility_request,
Can I get a small bedside lamp,utility_request,
Can I get a thermometer to keep at my bedside,utility_request,
Can I get a thicker blanket please can someone help?,utility_request,
Can I get a water bottle for my bedside can someone help?,utility_request,
Can I get a weighing scale brought to my room,utility_request,
Can I get a wheelchair please,utility_request,
Can I get an extra blanket please it is cold this is urgent.,utility_request,
Can I get an extra meal tray for my attendant,utility_request,
Can I get an extra meal tray for my attendant is that possible?,utility_request,
Can I get an extra set of cutlery for my visitor,utility_request,
Can I get the wifi password please this is urgent.,utility_request,
Can I have a fresh sheet please,utility_request,
Can I have the crutches please,utility_request,
Can housekeeping bring fresh garbage bags can you help?,utility_request,
Can my attendant use the patient bathroom,utility_request,
Can my family get access to the pantry at the earliest please.,utility_request,
Can my family get access to the pantry kindly help.,utility_request,
Can someone arrange a visitor chair that reclines,utility_request,
Can someone bring a folding cot for my companion thank you so much,utility_request,
Can someone bring a mattress for my caretaker I would really appreciate it.,utility_request,
Can someone bring a mattress for my caretaker this is urgent.,utility_request,
Can someone bring a mirror to my room can someone help?,utility_request,
Can someone bring a mirror to my room can you help?,utility_request,
Can someone bring a mirror to my room thank you,utility_request,
Can someone bring a multi-plug for my devices I would really appreciate it.,utility_request,
Can someone bring a newspaper today's edition,utility_request,
Can someone bring a newspaper today's edition thank you,utility_request,
Can someone bring a torch the lights went off please,utility_request,
Can someone bring a torch the lights went off thank you so much,utility_request,
Can someone bring a waterproof sheet for the bed please,utility_request,
Can someone bring a waterproof sheet for the bed this is urgent.,utility_request,
Can someone bring batteries for my hearing aid,utility_request,
Can someone bring drinking water for my visitor,utility_request,
Can someone bring drinking water for my visitor can someone help?,utility_request,
Can someone bring drinking water for my visitor is that possible?,utility_request,
Can someone bring me a basin to wash my hands as soon as possible.,utility_request,
Can someone bring me a basin to wash my hands thank you,utility_request,
Can someone bring me a pen and paper,utility_request,
Can someone bring me a pen and paper this is urgent.,utility_request,
Can someone bring me a walking stick I would really appreciate it.,utility_request,
Can someone bring me some lip balm thank you so much,utility_request,
Can someone bring the portable wheelchair ramp,utility_request,
Can someone bring the wheelchair for my x-ray appointment as soon as possible.,utility_request,
Can someone bring two extra pillows for elevation can you help?,utility_request,
Can someone bring two extra pillows for elevation is that possible?,utility_request,
Can someone bring two extra pillows for elevation please,utility_request,
Can someone bring two extra pillows for elevation thank you,utility_request,
Can someone change my pillow cover,utility_request,
Can someone clean the commode chair,utility_request,
Can someone disinfect the door handles thank you so much,utility_request,
Can someone empty the dustbin in my room,utility_request,
Can someone empty the dustbin in my room is that possible?,utility_request,
Can someone empty the dustbin in my room please help.,utility_request,
Can someone fix the power outlet it is sparking,utility_request,
Can someone fix the power outlet it is sparking is that possible?,utility_request,
Can someone help me find the lost and found can you help?,utility_request,
Can someone help me find the lost and found is that possible?,utility_request,
Can someone iron my clothes for discharge day,utility_request,
Can someone mop under my bed there is dirt,utility_request,
Can someone mop under my bed there is dirt please,utility_request,
Can someone open the window for fresh air,utility_request,
Can someone open the window for fresh air as soon as possible.,utility_request,
Can someone spray air freshener in my room thank you so much,utility_request,
Can someone tell me where the hospital canteen is kindly help.,utility_request,
Can someone tune the TV to the news channel,utility_request,
Can someone tune the TV to the news channel please,utility_request,
Can someone turn off the corridor light it is disturbing,utility_request,
Can someone turn off the corridor light it is disturbing is that possible?,utility_request,
Can someone turn on the fan please this is urgent.,utility_request,
Can someone turn on the light I can't reach the switch,utility_request,
Can someone turn on the light I can't reach the switch please help.,utility_request,
Can someone turn on the light in the bathroom,utility_request,
Can someone turn on the light in the bathroom can someone help?,utility_request,
Can the hallway light be dimmed at night I would really appreciate it.,utility_request,
Can the room be aired out please I would really appreciate it.,utility_request,
Can the room be sanitised please,utility_request,
Can the room temperature be set a little warmer,utility_request,
Can the room temperature be set a little warmer as soon as possible.,utility_request,
Can you adjust the height of my bed please,utility_request,
Can you adjust the height of my bed please thank you so much,utility_request,
Can you get me a phone charger please I would really appreciate it.,utility_request,
Can you hear me? Can I get a do-not-disturb sign for my door,utility_request,
Can you hear me? Can I get a hypoallergenic pillow I have allergies at the earliest please.,utility_request,
Can you hear me? Can I get a sanitizer bottle for my room I would really appreciate it.,utility_request,
Can you hear me? Can I get a water bottle for my bedside thank you so much,utility_request,
Can you hear me? Can I get a weighing scale brought to my room can you help?,utility_request,
Can you hear me? Can I get an extra blanket please it is cold at the earliest please.,utility_request,
Can you hear me? Can I get an extra meal tray for my attendant,utility_request,
Can you hear me? Can I get an extra set of cutlery for my visitor kindly help.,utility_request,
Can you hear me? Can someone adjust the curtains to block the sunlight can someone help?,utility_request,
Can you hear me? Can someone adjust the curtains to block the sunlight can you help?,utility_request,
Can you hear me? Can someone bring a chair for my visitor,utility_request,
Can you hear me? Can someone bring a fleece blanket I am cold,utility_request,
Can you hear me? Can someone bring a mirror to my room can someone help?,utility_request,
Can you hear me? Can someone bring adhesive tape for my bandage I would really appreciate it.,utility_request,
Can you hear me? Can someone bring batteries for my hearing aid this is urgent.,utility_request,
Can you hear me? Can someone bring drinking water for my visitor,utility_request,
Can you hear me? Can someone dim the overhead lights for the night,utility_request,
Can you hear me? Can someone dim the overhead lights for the night thank you,utility_request,
Can you hear me? Can someone open the window for fresh air,utility_request,
Can you hear me? Can someone turn off the corridor light it is disturbing,utility_request,
Can you hear me? Can someone turn on the light in the bathroom kindly help.,utility_request,
Can you hear me? I need a calendar to track my stay,utility_request,
Can you hear me? I need a calendar to track my stay thank you so much,utility_request,
Can you hear me? I need a hair comb can someone bring one thank you,utility_request,
Can you hear me? I need a heating pad for my back please help.,utility_request,
Can you hear me? I need a wheelchair to go to the scan,utility_request,
Can you hear me? I need an extension board for charging,utility_request,
Can you hear me? I spilled water can someone come clean I would really appreciate it.,utility_request,
Can you hear me? Is there a laundry service for my clothes please,utility_request,
Can you hear me? Is there a pharmacy inside the hospital,utility_request,
Can you hear me? Is there a pharmacy inside the hospital at the earliest please.,utility_request,
Can you hear me? My attendant needs a blanket too,utility_request,
Can you hear me? My attendant needs a pillow for the night thank you,utility_request,
Can you hear me? My bed remote is missing can someone bring a spare I would really appreciate it.,utility_request,
Can you hear me? My bedside drawer is sticky can someone wipe it please,utility_request,
Can you hear me? My duvet cover needs changing it is soiled,utility_request,
Can you hear me? The TV in my room is not working thank you,utility_request,
Can you hear me? The bath drain is very slow can someone check please,utility_request,
Can you hear me? The bathroom exhaust fan is not working,utility_request,
Can you hear me? The bathroom mirror is dirty can someone clean it at the earliest please.,utility_request,
Can you hear me? The bedside table needs wiping down at the earliest please.,utility_request,
Can you hear me? The cable channels are not showing anything can you help?,utility_request,
Can you hear me? The charging cable keeps falling can I get a clip,utility_request,
Can you hear me? The charging cable keeps falling can I get a clip this is urgent.,utility_request,
Can you hear me? The clock on the wall has stopped working at the earliest please.,utility_request,
Can you hear me? The emergency light in the room keeps blinking,utility_request,
Can you hear me? The faucet is running continuously and won't stop can you help?,utility_request,
Can you hear me? The internet speed is very slow in this room as soon as possible.,utility_request,
Can you hear me? The mirror in the bathroom is cracked is that possible?,utility_request,
Can you hear me? The power socket near my bed is not working can you help?,utility_request,
Can you hear me? The remote control battery is dead,utility_request,
Can you hear me? The room light is too bright can you dim it,utility_request,
Can you hear me? The sink tap is dripping constantly,utility_request,
Can you hear me? The wheelchair brakes are not working can someone fix,utility_request,
Can you increase the AC temperature a little thank you so much,utility_request,
Excuse me Can I get a cup or glass please is that possible?,utility_request,
Excuse me Can I get a magazine or book to read,utility_request,
Excuse me Can I get a set of earphones for the TV I would really appreciate it.,utility_request,
Excuse me Can I get a thicker blanket please I would really appreciate it.,utility_request,
Excuse me Can I get a wheelchair please,utility_request,
Excuse me Can I get an extra blanket please it is cold,utility_request,
Excuse me Can someone adjust the curtains to block the sunlight I would really appreciate it.,utility_request,
Excuse me Can someone bring a mattress for my caretaker,utility_request,
Excuse me Can someone bring adhesive tape for my bandage please,utility_request,
Excuse me Can someone bring drinking water for my visitor thank you,utility_request,
Excuse me Can someone bring me a walking stick please help.,utility_request,
Excuse me Can someone bring my discharge summary to my room as soon as possible.,utility_request,
Excuse me Can someone bring the portable wheelchair ramp,utility_request,
Excuse me Can someone change the channel I cannot find the remote I would really appreciate it.,utility_request,
Excuse me Can someone clean the bathroom floor it is slippery as soon as possible.,utility_request,
Excuse me Can someone disinfect the door handles this is urgent.,utility_request,
Excuse me Can someone fix the power outlet it is sparking please help.,utility_request,
Excuse me Can someone switch off the fan I am feeling cold can you help?,utility_request,
Excuse me Can someone switch off the fan I am feeling cold this is urgent.,utility_request,
Excuse me Can someone tell me where the hospital canteen is as soon as possible.,utility_request,
Excuse me Can someone tune the TV to the news channel please,utility_request,
Excuse me I need a clean pillow cover this one is stained,utility_request,
Excuse me I need a fitted sheet this one keeps coming off please help.,utility_request,
Excuse me I need a lighter blanket this one is too warm at the earliest please.,utility_request,
Excuse me I need a pair of disposable slippers thank you,utility_request,
Excuse me I need a plastic bag for my dirty clothes,utility_request,
Excuse me I need a plastic bag for my dirty clothes at the earliest please.,utility_request,
Excuse me I need a urine bottle please,utility_request,
Excuse me I need fresh towels please,utility_request,
Excuse me I need information about hospital visiting hours please help.,utility_request,
Excuse me I need the wifi password for my tablet as soon as possible.,utility_request,
Excuse me Is there a charger I can borrow,utility_request,
Excuse me Is there a gift shop in the hospital,utility_request,
Excuse me Is there a waiting area my family can use,utility_request,
Excuse me My attendant needs a pillow for the night thank you so much,utility_request,
Excuse me My bed remote is missing can someone bring a spare as soon as possible.,utility_request,
Excuse me My tablet is out of charge can I use the wall socket,utility_request,
Excuse me The AC is making a loud noise please help.,utility_request,
Excuse me The AC remote is not working can someone adjust manually,utility_request,
Excuse me The TV screen is showing static can someone fix,utility_request,
Excuse me The bathroom exhaust fan is not working,utility_request,
Excuse me The bedside USB port is not charging my phone is that possible?,utility_request,
Excuse me The bidet spray is not working properly,utility_request,
Excuse me The bidet spray is not working properly at the earliest please.,utility_request,
Excuse me The clock on the wall has stopped working,utility_request,
Excuse me The faucet is running continuously and won't stop,utility_request,
Excuse me The internet speed is very slow in this room thank you,utility_request,
Excuse me The mattress is very hard can I get a softer one at the earliest please.,utility_request,
Excuse me The mirror in the bathroom is cracked thank you,utility_request,
Excuse me The motion sensor light keeps turning on and off kindly help.,utility_request,
Excuse me The motion sensor light keeps turning on and off thank you so much,utility_request,
Excuse me The radio in the room is not turning on can someone help?,utility_request,
Excuse me The shower drain is blocked can someone fix it can someone help?,utility_request,
Excuse me The sink tap is dripping constantly thank you so much,utility_request,
Excuse me The soap dispenser in the bathroom is empty can you help?,utility_request,
Excuse me The toilet is blocked please send someone is that possible?,utility_request,
Excuse me The toilet seat needs cleaning please,utility_request,
Excuse me There is water pooling near the bathroom entrance,utility_request,
Hello Can I get a cotton blanket instead of this woolen one,utility_request,
Hello Can I get a face mask please,utility_request,
Hello Can I get a lightweight wheelchair thank you,utility_request,
Hello Can I get a pair of crutches to practice walking,utility_request,
Hello Can I get a receipt for today's payment can someone help?,utility_request,
Hello Can I get a tissue box please,utility_request,
Hello Can I get a weighing scale brought to my room please,utility_request,
Hello Can I get a wheelchair please is that possible?,utility_request,
Hello Can I get an extra set of cutlery for my visitor kindly help.,utility_request,
Hello Can I get an ice pack please I would really appreciate it.,utility_request,
Hello Can I get an ice pack please as soon as possible.,utility_request,
Hello Can I get an ice pack please at the earliest please.,utility_request,
Hello Can my family member get a guest pass at the earliest please.,utility_request,
Hello Can someone adjust the wheelchair height for me thank you,utility_request,
Hello Can someone bring a chair for my visitor,utility_request,
Hello Can someone bring a chair for my visitor please,utility_request,
Hello Can someone bring a clock to my room,utility_request,
Hello Can someone bring a fleece blanket I am cold,utility_request,
Hello Can someone bring a mirror to my room is that possible?,utility_request,
Hello Can someone bring a multi-plug for my devices,utility_request,
Hello Can someone bring a waterproof sheet for the bed,utility_request,
Hello Can someone bring adhesive tape for my bandage I would really appreciate it.,utility_request,
Hello Can someone bring batteries for my hearing aid can you help?,utility_request,
Hello Can someone bring drinking water for my visitor please,utility_request,
Hello Can someone bring me a spare blanket it is chilly,utility_request,
Hello Can someone bring me a spare blanket it is chilly kindly help.,utility_request,
Hello Can someone bring me a walking stick as soon as possible.,utility_request,
Hello Can someone bring me an umbrella it is raining is that possible?,utility_request,
Hello Can someone bring my discharge summary to my room at the earliest please.,utility_request,
Hello Can someone bring the portable wheelchair ramp thank you so much,utility_request,
Hello Can someone connect the TV to a different channel at the earliest please.,utility_request,
Hello Can someone dim the overhead lights for the night,utility_request,
Hello Can someone fix the power outlet it is sparking at the earliest please.,utility_request,
Hello Can someone help me connect my phone to the wifi,utility_request,
Hello Can someone help me connect my phone to the wifi thank you so much,utility_request,
Hello Can someone help me find the lost and found thank you,utility_request,
Hello Can someone iron my clothes for discharge day thank you,utility_request,
Hello Can someone mop the floor there is water thank you so much,utility_request,
Hello Can someone mop under my bed there is dirt thank you,utility_request,
Hello Can someone mop under my bed there is dirt this is urgent.,utility_request,
Hello Can someone set the AC to 24 degrees at the earliest please.,utility_request,
Hello Can someone switch on the night light,utility_request,
Hello Can someone turn on the light I can't reach the switch kindly help.,utility_request,
Hello Can someone turn on the light in the bathroom,utility_request,
Hello Can the AC be put on low speed please,utility_request,
Hello Can the hallway light be dimmed at night is that possible?,utility_request,
Hello Can the room be aired out please I would really appreciate it.,utility_request,
Hello Can you adjust the height of my bed please is that possible?,utility_request,
Hello Can you increase the AC temperature a little at the earliest please.,utility_request,
Hello Ek aur kambal chahiye please I would really appreciate it.,utility_request,
Hello I need a bucket for the bathroom I would really appreciate it.,utility_request,
Hello I need a clean pillow cover this one is stained,utility_request,
Hello I need a dustbin next to my bed is that possible?,utility_request,
Hello I need a fitted sheet this one keeps coming off I would really appreciate it.,utility_request,
Hello I need a lighter blanket this one is too warm is that possible?,utility_request,
Hello I need a small towel for my face I would really appreciate it.,utility_request,
Hello I need a walking aid please,utility_request,
Hello I need a wheelchair to go to the cafeteria can someone help?,utility_request,
Hello I need an extension cord for my phone,utility_request,
Hello I need another blanket thank you so much,utility_request,
Hello I need directions to the billing counter as soon as possible.,utility_request,
Hello I need information about hospital visiting hours,utility_request,
Hello Is there a TV lounge where I can sit,utility_request,
Hello Is there a charger I can borrow,utility_request,
Hello Is there a charger I can borrow can you help?,utility_request,
Hello Is there a laundry service for my clothes,utility_request,
Hello Is there a pharmacy inside the hospital,utility_request,
Hello Is there an ATM in the hospital this is urgent.,utility_request,
Hello My bedsheet needs to be changed I would really appreciate it.,utility_request,
Hello My duvet cover needs changing it is soiled,utility_request,
Hello My earphones are not working with the TV this is urgent.,utility_request,
Hello My pillow is too flat can I get a thicker one,utility_request,
Hello My reading light is not working can someone fix thank you so much,utility_request,
Hello My room feels stuffy can someone improve the airflow,utility_request,
Hello My room has not been cleaned since yesterday please help.,utility_request,
Hello My room needs cleaning please,utility_request,
Hello The AC is blowing directly on me can someone redirect the vent,utility_request,
Hello The AC is blowing directly on me can someone redirect the vent I would really appreciate it.,utility_request,
Hello The AC remote is not working can someone adjust manually please,utility_request,
Hello The TV volume is stuck on high can someone fix it,utility_request,
Hello The air conditioning is too cold please reduce I would really appreciate it.,utility_request,
Hello The air conditioning is too cold please reduce as soon as possible.,utility_request,
Hello The bathroom door lock is jammed,utility_request,
Hello The bathroom light is flickering can someone fix it,utility_request,
Hello The bathroom light is flickering can someone fix it as soon as possible.,utility_request,
Hello The bathroom mirror is dirty can someone clean it,utility_request,
Hello The bathroom needs to be cleaned please this is urgent.,utility_request,
Hello The bed sheet has a tear can someone replace it,utility_request,
Hello The ceiling fan is wobbling can someone check it is that possible?,utility_request,
Hello The charging cable keeps falling can I get a clip at the earliest please.,utility_request,
Hello The flush is not working can someone fix it,utility_request,
Hello The heater in my room is not working,utility_request,
Hello The hot water tap is giving only cold water I would really appreciate it.,utility_request,
Hello The intercom in my room is not working,utility_request,
Hello The internet speed is very slow in this room kindly help.,utility_request,
Hello The plug point is too far from my bed,utility_request,
Hello The portable fan is not oscillating can someone fix it thank you so much,utility_request,
Hello The room is very cold can I get a warm blanket,utility_request,
Hello The toilet is blocked please send someone thank you,utility_request,
Hello The toilet seat needs cleaning please,utility_request,
Hello The walker wheels are stuck can someone oil them,utility_request,
Hello The wifi is not working in my room thank you,utility_request,
Hello There are ants in my room please help thank you so much,utility_request,
Hello There are flies in my room can someone help,utility_request,
Hello There is an unpleasant smell in my room is that possible?,utility_request,
Hello There is dust on the windowsill can someone wipe it this is urgent.,utility_request,
Hello There is no hot water in the bathroom at the earliest please.,utility_request,
Hello There is no water coming from the tap as soon as possible.,utility_request,
Hi Can I get a bedpan as I cannot walk to the toilet,utility_request,
Hi Can I get a cotton blanket instead of this woolen one,utility_request,
Hi Can I get a hypoallergenic pillow I have allergies please,utility_request,
Hi Can I get a reading lamp that clips to the bed at the earliest please.,utility_request,
Hi Can I get a reading lamp that clips to the bed is that possible?,utility_request,
Hi Can I get a rollator instead of a walking frame kindly help.,utility_request,
Hi Can my attendant use the patient bathroom,utility_request,
Hi Can someone bring a multi-plug for my devices this is urgent.,utility_request,
Hi Can someone bring a vase for the flowers my family brought please,utility_request,
Hi Can someone bring me a pen and paper,utility_request,
Hi Can someone bring me a spare blanket it is chilly thank you,utility_request,
Hi Can someone bring my medication from the nursing station as soon as possible.,utility_request,
Hi Can someone bring the wheelchair for my x-ray appointment I would really appreciate it.,utility_request,
Hi Can someone fix the TV please this is urgent.,utility_request,
Hi Can someone open the window for fresh air,utility_request,
Hi Can someone set the AC to 24 degrees kindly help.,utility_request,
Hi Can someone tell me where the hospital canteen is,utility_request,
Hi Can someone turn off the AC it is freezing,utility_request,
Hi Can someone turn on the fan please,utility_request,
Hi Can you adjust the height of my bed please can someone help?,utility_request,
Hi Can you increase the AC temperature a little kindly help.,utility_request,
Hi I need a dustbin next to my bed as soon as possible.,utility_request,
Hi I need a fresh mattress protector thank you,utility_request,
Hi I need a heating pad for my back thank you,utility_request,
Hi I need a newspaper please,utility_request,
Hi I need a transport chair for the corridor walk is that possible?,utility_request,
Hi I need a wheelchair to go to the scan as soon as possible.,utility_request,
Hi I need an extension board for charging is that possible?,utility_request,
Hi I need an extension cord for my phone at the earliest please.,utility_request,
Hi Is there a TV lounge where I can sit I would really appreciate it.,utility_request,
Hi Is there a place my attendant can rest this is urgent.,utility_request,
Hi My bedsheet needs to be changed at the earliest please.,utility_request,
Hi My locker key is stuck can someone help thank you,utility_request,
Hi Please turn off the light it is too bright can you help?,utility_request,
Hi The TV in my room is not working,utility_request,
Hi The TV volume is stuck on high can someone fix it,utility_request,
Hi The bathroom exhaust fan is not working,utility_request,
Hi The bathroom needs to be cleaned please at the earliest please.,utility_request,
Hi The call button light above my bed is not working can someone help?,utility_request,
Hi The fan speed is too high can someone reduce it please,utility_request,
Hi The fan speed is too high can someone reduce it please help.,utility_request,
Hi The flush is not working can someone fix it I would really appreciate it.,utility_request,
Hi The flush is not working can someone fix it is that possible?,utility_request,
Hi The intercom in my room is not working please help.,utility_request,
Hi The plug point is too far from my bed thank you,utility_request,
Hi The radio in the room is not turning on,utility_request,
Hi The sink tap is dripping constantly can someone help?,utility_request,
Hi The toilet handle is broken can someone repair it,utility_request,
Hi The toilet seat needs cleaning please can someone help?,utility_request,
Hi The towel rack in the bathroom has come loose,utility_request,
Hi The wash basin is clogged can someone fix it,utility_request,
Hi The wifi keeps disconnecting in my room can you help?,utility_request,
Hi There is no hot water in the bathroom as soon as possible.,utility_request,
I need a bucket for the bathroom this is urgent.,utility_request,
I need a clean pillow cover this one is stained,utility_request,
I need a disposable cup for taking medicine thank you so much,utility_request,
I need a dustbin next to my bed,utility_request,
I need a fresh mattress protector,utility_request,
I need a fresh mattress protector please,utility_request,
I need a hair comb can someone bring one,utility_request,
I need a hair comb can someone bring one as soon as possible.,utility_request,
I need a lighter blanket this one is too warm,utility_request,
I need a lighter blanket this one is too warm thank you,utility_request,
I need a newspaper please,utility_request,
I need a newspaper please as soon as possible.,utility_request,
I need a newspaper please kindly help.,utility_request,
I need a stretcher to go to the MRI room,utility_request,
I need a stretcher to go to the MRI room can someone help?,utility_request,
I need a walking aid please,utility_request,
I need a walking frame to go to the washroom thank you so much,utility_request,
I need a wheelchair to go to the cafeteria at the earliest please.,utility_request,
I need a wheelchair to go to the cafeteria can someone help?,utility_request,
I need a wheelchair to go to the scan I would really appreciate it.,utility_request,
I need a wheelchair to go to the scan thank you so much,utility_request,
I need an extension board for charging,utility_request,
I need an extension board for charging please help.,utility_request,
I need an extension cord for my phone is that possible?,utility_request,
I need an extension cord for my phone thank you so much,utility_request,
I need ankle weights for my physiotherapy walk as soon as possible.,utility_request,
I need another blanket is that possible?,utility_request,
I need cotton buds for my ears,utility_request,
I need help with the wheelchair to go downstairs,utility_request,
I need the walking frame returned to my room at the earliest please.,utility_request,
Is there a charger I can borrow this is urgent.,utility_request,
Is there a fridge where I can store my food,utility_request,
Is there a gift shop in the hospital I would really appreciate it.,utility_request,
Is there a gift shop in the hospital this is urgent.,utility_request,
Is there a locker where my attendant can keep bags,utility_request,
Is there a place my attendant can rest,utility_request,
Is there a place my attendant can rest I would really appreciate it.,utility_request,
Is there a place my attendant can rest is that possible?,utility_request,
Is there a waiting area my family can use this is urgent.,utility_request,
Is there an ATM in the hospital as soon as possible.,utility_request,
Just wanted to say Can I get a receipt for today's payment thank you so much,utility_request,
Just wanted to say Can I get a sanitizer bottle for my room at the earliest please.,utility_request,
Just wanted to say Can I get a small bedside lamp,utility_request,
Just wanted to say Can I get a small bedside lamp at the earliest please.,utility_request,
Just wanted to say Can I get a thermometer to keep at my bedside is that possible?,utility_request,
Just wanted to say Can I get a thicker blanket please thank you so much,utility_request,
Just wanted to say Can I have a fresh sheet please,utility_request,
Just wanted to say Can I have a fresh sheet please can someone help?,utility_request,
Just wanted to say Can someone bring a chair for my visitor,utility_request,
Just wanted to say Can someone bring a folding cot for my companion is that possible?,utility_request,
Just wanted to say Can someone bring a torch the lights went off,utility_request,
Just wanted to say Can someone bring batteries for my hearing aid,utility_request,
Just wanted to say Can someone bring me a pen and paper,utility_request,
Just wanted to say Can someone bring my medication from the nursing station,utility_request,
Just wanted to say Can someone bring my medication from the nursing station please,utility_request,
Just wanted to say Can someone dim the overhead lights for the night I would really appreciate it.,utility_request,
Just wanted to say Can someone fix the power outlet it is sparking,utility_request,
Just wanted to say Can someone fix the power outlet it is sparking this is urgent.,utility_request,
Just wanted to say Can someone mop under my bed there is dirt,utility_request,
Just wanted to say Can someone switch on the night light can someone help?,utility_request,
Just wanted to say Can someone turn on the light I can't reach the switch please,utility_request,
Just wanted to say Can you adjust the height of my bed please I would really appreciate it.,utility_request,
Just wanted to say I need a bag to put my personal items can someone help?,utility_request,
Just wanted to say I need a bag to put my personal items thank you so much,utility_request,
Just wanted to say I need a clean pillow cover this one is stained,utility_request,
Just wanted to say I need a fitted sheet this one keeps coming off as soon as possible.,utility_request,
Just wanted to say I need a hair comb can someone bring one,utility_request,
Just wanted to say I need the wifi password for my tablet,utility_request,
Just wanted to say Is there a locker where my attendant can keep bags,utility_request,
Just wanted to say Is there a locker where my attendant can keep bags is that possible?,utility_request,
Just wanted to say Is there a pharmacy inside the hospital at the earliest please.,utility_request,
Just wanted to say My blanket is wet can you replace it this is urgent.,utility_request,
Just wanted to say My phone charger cable is too short can I get a longer one please help.,utility_request,
Just wanted to say My pillow is too flat can I get a thicker one kindly help.,utility_request,
Just wanted to say The AC is blowing directly on me can someone redirect the vent at the earliest please.,utility_request,
Just wanted to say The TV in my room is not working,utility_request,
Just wanted to say The TV stand is wobbly can someone fix it can you help?,utility_request,
Just wanted to say The bathroom light is flickering can someone fix it,utility_request,
Just wanted to say The bed sheet has a tear can someone replace it thank you,utility_request,
Just wanted to say The call button light above my bed is not working thank you so much,utility_request,
Just wanted to say The clock on the wall has stopped working,utility_request,
Just wanted to say The clock on the wall has stopped working thank you,utility_request,
Just wanted to say The emergency button near the toilet is not working can someone help?,utility_request,
Just wanted to say The motion sensor light keeps turning on and off as soon as possible.,utility_request,
Just wanted to say The power socket near my bed is not working this is urgent.,utility_request,
Just wanted to say The toilet handle is broken can someone repair it is that possible?,utility_request,
Just wanted to say The toilet handle is broken can someone repair it please help.,utility_request,
Just wanted to say The walker wheels are stuck can someone oil them this is urgent.,utility_request,
Just wanted to say The wifi keeps disconnecting in my room,utility_request,
Just wanted to say There is an unpleasant smell in my room can someone help?,utility_request,
My attendant needs a blanket too can someone help?,utility_request,
My attendant needs a blanket too thank you so much,utility_request,
My bed light bulb has fused can someone replace it,utility_request,
My bed light bulb has fused can someone replace it please,utility_request,
My bed light bulb has fused can someone replace it thank you,utility_request,
My bedsheet needs to be changed,utility_request,
My blanket is wet can you replace it kindly help.,utility_request,
My phone battery is dead can I get a charger,utility_request,
My phone battery is dead can I get a charger is that possible?,utility_request,
My phone data is not working can I use the hospital wifi,utility_request,
My phone data is not working can I use the hospital wifi as soon as possible.,utility_request,
My phone data is not working can I use the hospital wifi can you help?,utility_request,
My phone data is not working can I use the hospital wifi thank you so much,utility_request,
My pillow is too flat can I get a thicker one,utility_request,
My pillow is too flat can I get a thicker one thank you so much,utility_request,
My reading light is not working can someone fix as soon as possible.,utility_request,
My room feels stuffy can someone improve the airflow,utility_request,
My room feels stuffy can someone improve the airflow I would really appreciate it.,utility_request,
My room feels stuffy can someone improve the airflow is that possible?,utility_request,
My room feels stuffy can someone improve the airflow please help.,utility_request,
My room has not been cleaned since yesterday,utility_request,
My room needs cleaning please I would really appreciate it.,utility_request,
My room window won't close properly,utility_request,
My tablet is out of charge can I use the wall socket,utility_request,
My tablet is out of charge can I use the wall socket please help.,utility_request,
Please Can I get a book from the hospital library thank you so much,utility_request,
Please Can I get a do-not-disturb sign for my door,utility_request,
Please Can I get a magazine or book to read,utility_request,
Please Can I get a set of earphones for the TV I would really appreciate it.,utility_request,
Please Can I get a water bottle for my bedside please,utility_request,
Please Can I get an extra set of cutlery for my visitor kindly help.,utility_request,
Please Can my attendant use the patient bathroom,utility_request,
Please Can my family get access to the pantry please help.,utility_request,
Please Can someone adjust the curtains to block the sunlight is that possible?,utility_request,
Please Can someone adjust the wheelchair height for me,utility_request,
Please Can someone adjust the wheelchair height for me please,utility_request,
Please Can someone arrange a visitor chair that reclines,utility_request,
Please Can someone bring a clock to my room as soon as possible.,utility_request,
Please Can someone bring a newspaper today's edition please,utility_request,
Please Can someone bring a torch the lights went off can you help?,utility_request,
Please Can someone bring batteries for my hearing aid please,utility_request,
Please Can someone bring me a basin to wash my hands please,utility_request,
Please Can someone bring me a nail cutter is that possible?,utility_request,
Please Can someone bring me a toothbrush and toothpaste,utility_request,
Please Can someone bring the portable wheelchair ramp,utility_request,
Please Can someone clean the bathroom floor it is slippery,utility_request,
Please Can someone dim the overhead lights for the night,utility_request,
Please Can someone open the window for fresh air kindly help.,utility_request,
Please Can someone switch on the night light,utility_request,
Please Can someone tune the TV to the news channel thank you so much,utility_request,
Please Can someone turn off the corridor light it is disturbing can you help?,utility_request,
Please Can someone turn on the light I can't reach the switch please,utility_request,
Please Can someone turn on the light in the bathroom this is urgent.,utility_request,
Please I need a clean pillow cover this one is stained,utility_request,
Please I need a small towel for my face kindly help.,utility_request,
Please I need a straw to drink water can someone help?,utility_request,
Please I need a transport chair for the corridor walk,utility_request,
Please I need a wheelchair to go to the scan thank you,utility_request,
Please I need an extension cord for my phone please,utility_request,
Please I need an extra bed for my attendant,utility_request,
Please Is there a charger I can borrow I would really appreciate it.,utility_request,
Please Is there a pharmacy inside the hospital can you help?,utility_request,
Please My bed remote is missing can someone bring a spare thank you so much,utility_request,
Please My bedsheet needs to be changed at the earliest please.,utility_request,
Please My bedsheet needs to be changed thank you,utility_request,
Please My bedside drawer is sticky can someone wipe it can you help?,utility_request,
Please My blanket is wet can you replace it please help.,utility_request,
Please My room needs cleaning please as soon as possible.,utility_request,
Please My room window won't close properly is that possible?,utility_request,
Please My room window won't close properly thank you so much,utility_request,
Please My tablet is out of charge can I use the wall socket is that possible?,utility_request,
Please The AC is blowing directly on me can someone redirect the vent,utility_request,
Please The bed sheet has a tear can someone replace it please help.,utility_request,
Please The bedside table needs wiping down,utility_request,
Please The charging cable keeps falling can I get a clip this is urgent.,utility_request,
Please The emergency light in the room keeps blinking,utility_request,
Please The fan is making a squeaking noise can someone fix it I would really appreciate it.,utility_request,
Please The fan speed is too high can someone reduce it can someone help?,utility_request,
Please The faucet is running continuously and won't stop at the earliest please.,utility_request,
Please The flush is not working can someone fix it,utility_request,
Please The intercom in my room is not working,utility_request,
Please The room light is too bright can you dim it as soon as possible.,utility_request,
Please The room light is too bright can you dim it at the earliest please.,utility_request,
Please The toilet is blocked please send someone,utility_request,
Please The toilet is blocked please send someone can you help?,utility_request,
Please There are flies in my room can someone help thank you so much,utility_request,
Please There is a stain on the floor can someone clean it at the earliest please.,utility_request,
Please Water is leaking from the ceiling in my bathroom,utility_request,
Please turn off the light it is too bright this is urgent.,utility_request,
The AC is blowing directly on me can someone redirect the vent please help.,utility_request,
The AC remote is not working can someone adjust manually,utility_request,
The AC remote is not working can someone adjust manually please,utility_request,
The TV in my room is not working,utility_request,
The TV volume is stuck on high can someone fix it can you help?,utility_request,
The air conditioning is too cold please reduce,utility_request,
The air conditioning is too cold please reduce please help.,utility_request,
The bathroom door lock is jammed thank you,utility_request,
The bathroom light is flickering can someone fix it,utility_request,
The bathroom light is flickering can someone fix it is that possible?,utility_request,
The bathroom mirror is dirty can someone clean it,utility_request,
The bed sheet has a tear can someone replace it,utility_request,
The bed sheet has a tear can someone replace it please help.,utility_request,
The bedside USB port is not charging my phone,utility_request,
The bedside table needs wiping down,utility_request,
The bedside table needs wiping down can someone help?,utility_request,
The bedside table needs wiping down please,utility_request,
The bidet spray is not working properly at the earliest please.,utility_request,
The blanket smells musty can I get a fresh one kindly help.,utility_request,
The call button light above my bed is not working,utility_request,
The charging cable keeps falling can I get a clip,utility_request,
The charging cable keeps falling can I get a clip can someone help?,utility_request,
The clock on the wall has stopped working is that possible?,utility_request,
The emergency button near the toilet is not working,utility_request,
The emergency button near the toilet is not working at the earliest please.,utility_request,
The emergency button near the toilet is not working please help.,utility_request,
The emergency button near the toilet is not working thank you,utility_request,
The fan is making a squeaking noise can someone fix it,utility_request,
The fan is making a squeaking noise can someone fix it is that possible?,utility_request,
The fan is making a squeaking noise can someone fix it thank you so much,utility_request,
The fan speed is too high can someone reduce it thank you so much,utility_request,
The faucet is running continuously and won't stop,utility_request,
The faucet is running continuously and won't stop I would really appreciate it.,utility_request,
The faucet is running continuously and won't stop can you help?,utility_request,
The faucet is running continuously and won't stop kindly help.,utility_request,
The faucet is running continuously and won't stop this is urgent.,utility_request,
The floor near my bed is wet can someone dry it,utility_request,
The flush is not working can someone fix it kindly help.,utility_request,
The intercom in my room is not working please help.,utility_request,
The intercom in my room is not working thank you,utility_request,
The internet speed is very slow in this room please,utility_request,
The light in my wardrobe area is not working is that possible?,utility_request,
The light in my wardrobe area is not working please,utility_request,
The light switch near my bed is not working,utility_request,
The light switch near my bed is not working thank you so much,utility_request,
The mirror in the bathroom is cracked,utility_request,
The mirror in the bathroom is cracked this is urgent.,utility_request,
The nurse call bell buzzer is making a weird sound please,utility_request,
The nurse call bell buzzer is making a weird sound thank you so much,utility_request,
The plug point is too far from my bed can you help?,utility_request,
The portable fan is not oscillating can someone fix it at the earliest please.,utility_request,
The portable fan is not oscillating can someone fix it please help.,utility_request,
The power socket near my bed is not working this is urgent.,utility_request,
The radio in the room is not turning on,utility_request,
The room is too dark can someone turn on the lights this is urgent.,utility_request,
The room is too hot can you adjust the AC,utility_request,
The room is very cold can I get a warm blanket kindly help.,utility_request,
The room light is too bright can you dim it,utility_request,
The room light is too bright can you dim it kindly help.,utility_request,
The room light is too bright can you dim it please help.,utility_request,
The room smells of disinfectant too strongly,utility_request,
The shower curtain rail has fallen down,utility_request,
The shower drain is blocked can someone fix it,utility_request,
The soap dispenser in the bathroom is empty,utility_request,
The thermostat seems broken the room is too warm kindly help.,utility_request,
The toilet is blocked please send someone I would really appreciate it.,utility_request,
The toilet is blocked please send someone please,utility_request,
The toilet seat needs cleaning please can you help?,utility_request,
The towel rack in the bathroom has come loose please help.,utility_request,
The towel rack in the bathroom has come loose this is urgent.,utility_request,
The walker wheels are stuck can someone oil them,utility_request,
The walker wheels are stuck can someone oil them at the earliest please.,utility_request,
The walker wheels are stuck can someone oil them can you help?,utility_request,
The walker wheels are stuck can someone oil them is that possible?,utility_request,
The wash basin is clogged can someone fix it,utility_request,
The wifi is not working in my room can someone help?,utility_request,
The wifi is not working in my room please help.,utility_request,
The wifi is not working in my room thank you so much,utility_request,
The wifi keeps disconnecting in my room is that possible?,utility_request,
There are flies in my room can someone help,utility_request,
There is an unpleasant smell in my room is that possible?,utility_request,
There is no hot water in the bathroom I would really appreciate it.,utility_request,
There is no hot water in the bathroom thank you,utility_request,
There is no water coming from the tap,utility_request,
There is no water coming from the tap as soon as possible.,utility_request,
There is water pooling near the bathroom entrance please help.,utility_request,
Um Blanket kudungal kulir aagudhu is that possible?,utility_request,
Um Can I get a dental kit please at the earliest please.,utility_request,
Um Can I get a small bedside lamp at the earliest please.,utility_request,
Um Can I get a wheelchair please,utility_request,
Um Can someone arrange a visitor chair that reclines I would really appreciate it.,utility_request,
Um Can someone bring a newspaper today's edition kindly help.,utility_request,
Um Can someone bring a vase for the flowers my family brought thank you so much,utility_request,
Um Can someone bring a waterproof sheet for the bed,utility_request,
Um Can someone bring batteries for my hearing aid I would really appreciate it.,utility_request,
Um Can someone bring me a basin to wash my hands thank you,utility_request,
Um Can someone bring me a pen and paper I would really appreciate it.,utility_request,
Um Can someone bring my discharge summary to my room thank you,utility_request,
Um Can someone bring two extra pillows for elevation,utility_request,
Um Can someone dim the overhead lights for the night as soon as possible.,utility_request,
Um Can someone hang my clothes they are on the floor thank you so much,utility_request,
Um Can someone help me connect my phone to the wifi,utility_request,
Um Can someone mop under my bed there is dirt,utility_request,
Um Can someone set up Netflix on the TV for me,utility_request,
Um Can someone switch on the night light,utility_request,
Um Can someone turn on the light in the bathroom,utility_request,
Um Can the AC be put on low speed please,utility_request,
Um I need a call bell replacement mine is broken I would really appreciate it.,utility_request,
Um I need a clean pillow cover this one is stained thank you so much,utility_request,
Um I need a dustbin next to my bed,utility_request,
Um I need a dustbin next to my bed please,utility_request,
Um I need a lighter blanket this one is too warm is that possible?,utility_request,
Um I need a plastic bag for my dirty clothes I would really appreciate it.,utility_request,
Um I need a walking aid please kindly help.,utility_request,
Um I need an extra bed for my attendant can someone help?,utility_request,
Um I need ankle weights for my physiotherapy walk I would really appreciate it.,utility_request,
Um Is there a fridge where I can store my food kindly help.,utility_request,
Um Is there a gift shop in the hospital thank you so much,utility_request,
Um Is there a place my attendant can rest,utility_request,
Um Is there a waiting area my family can use kindly help.,utility_request,
Um My earphones are not working with the TV as soon as possible.,utility_request,
Um My electric bed control is not responding can you help?,utility_request,
Um My room feels stuffy can someone improve the airflow please,utility_request,
Um The TV screen is showing static can someone fix,utility_request,
Um The air conditioning is too cold please reduce at the earliest please.,utility_request,
Um The bathroom door lock is jammed this is urgent.,utility_request,
Um The bathroom needs to be cleaned please this is urgent.,utility_request,
Um The charging cable keeps falling can I get a clip kindly help.,utility_request,
Um The fan speed is too high can someone reduce it,utility_request,
Um The fan speed is too high can someone reduce it kindly help.,utility_request,
Um The faucet is running continuously and won't stop,utility_request,
Um The intercom in my room is not working please,utility_request,
Um The mattress is very hard can I get a softer one,utility_request,
Um The nurse call bell buzzer is making a weird sound,utility_request,
Um The room is very cold can I get a warm blanket please help.,utility_request,
Um The soap dispenser in the bathroom is empty this is urgent.,utility_request,
Um The towel rack in the bathroom has come loose please help.,utility_request,
Um The wheelchair brakes are not working can someone fix kindly help.,utility_request,
Um There is dust on the windowsill can someone wipe it,utility_request,
Um There is water pooling near the bathroom entrance I would really appreciate it.,utility_request,
Um Where can my family park their car,utility_request,
Water is leaking from the ceiling in my bathroom,utility_request,
Where is the nearest prayer room,utility_request,
Where is the nearest prayer room thank you,utility_request,
actually Can I get a bedpan as I cannot walk to the toilet is that possible?,utility_request,
actually Can I get a pair of crutches to practice walking can someone help?,utility_request,
actually Can I get a thicker blanket please,utility_request,
actually Can I get a weighing scale brought to my room kindly help.,utility_request,
actually Can I get an extra set of cutlery for my visitor,utility_request,
actually Can I get the wifi password please kindly help.,utility_request,
actually Can housekeeping come and clean my room at the earliest please.,utility_request,
actually Can my attendant use the patient bathroom as soon as possible.,utility_request,
actually Can someone adjust the curtains to block the sunlight,utility_request,
actually Can someone bring a clock to my room kindly help.,utility_request,
actually Can someone bring a folding cot for my companion,utility_request,
actually Can someone bring a vase for the flowers my family brought,utility_request,
actually Can someone bring a waterproof sheet for the bed,utility_request,
actually Can someone bring my discharge summary to my room,utility_request,
actually Can someone bring the portable wheelchair ramp please,utility_request,
actually Can someone change my pillow cover at the earliest please.,utility_request,
actually Can someone connect the TV to a different channel,utility_request,
actually Can someone fix the power outlet it is sparking kindly help.,utility_request,
actually Can someone help me find the hospital chapel,utility_request,
actually Can someone iron my clothes for discharge day,utility_request,
actually Can someone spray air freshener in my room thank you so much,utility_request,
actually Can someone turn on the light I can't reach the switch I would really appreciate it.,utility_request,
actually I need a calendar to track my stay please,utility_request,
actually I need a guest meal coupon for my wife as soon as possible.,utility_request,
actually I need a stretcher to go to the MRI room at the earliest please.,utility_request,
actually I need directions to the billing counter can you help?,utility_request,
actually Is there a charger I can borrow,utility_request,
actually My attendant needs a pillow for the night thank you so much,utility_request,
actually My pillow is too flat can I get a thicker one,utility_request,
actually My room needs cleaning please this is urgent.,utility_request,
actually My room window won't close properly is that possible?,utility_request,
actually Please turn off the light it is too bright,utility_request,
actually The bidet spray is not working properly please help.,utility_request,
actually The emergency button near the toilet is not working is that possible?,utility_request,
actually The light in my wardrobe area is not working,utility_request,
actually The light switch near my bed is not working as soon as possible.,utility_request,
actually The plug point is too far from my bed can you help?,utility_request,
actually The portable fan is not oscillating can someone fix it,utility_request,
actually The radio in the room is not turning on can you help?,utility_request,
actually The radio in the room is not turning on thank you so much,utility_request,
actually The remote control battery is dead I would really appreciate it.,utility_request,
actually The shower drain is blocked can someone fix it please,utility_request,
actually The shower head is leaking water as soon as possible.,utility_request,
actually The toilet handle is broken can someone repair it,utility_request,
actually The wheelchair brakes are not working can someone fix at the earliest please.,utility_request,
actually There is a very cold draft can someone check the window as soon as possible.,utility_request,
actually There is mold in the bathroom can someone check,utility_request,
actually There is water pooling near the bathroom entrance,utility_request,
excuse me Can I get a lightweight wheelchair kindly help.,utility_request,
excuse me Can I get a rollator instead of a walking frame can you help?,utility_request,
excuse me Can I get a small bedside lamp as soon as possible.,utility_request,
excuse me Can I get a thicker blanket please,utility_request,
excuse me Can I get a wheelchair please,utility_request,
excuse me Can I have a footstool please at the earliest please.,utility_request,
excuse me Can my family member get a guest pass can someone help?,utility_request,
excuse me Can someone bring a wheelchair with a footrest can someone help?,utility_request,
excuse me Can someone bring me a basin to wash my hands,utility_request,
excuse me Can someone bring my medication from the nursing station at the earliest please.,utility_request,
excuse me Can someone bring two extra pillows for elevation as soon as possible.,utility_request,
excuse me Can someone clean the bathroom floor it is slippery,utility_request,
excuse me Can someone close the window the wind is too strong,utility_request,
excuse me Can someone connect the TV to a different channel,utility_request,
excuse me Can someone dim the overhead lights for the night thank you,utility_request,
excuse me Can someone set up Netflix on the TV for me at the earliest please.,utility_request,
excuse me Can someone switch on the night light,utility_request,
excuse me Can someone tell me where the hospital canteen is,utility_request,
excuse me Can someone turn on the heater it is very chilly can someone help?,utility_request,
excuse me Can you adjust the height of my bed please,utility_request,
excuse me I need a call bell replacement mine is broken can someone help?,utility_request,
excuse me I need a lighter blanket this one is too warm this is urgent.,utility_request,
excuse me I need a wheelchair cushion my back is sore is that possible?,utility_request,
excuse me I need an extension board for charging as soon as possible.,utility_request,
excuse me Is there a TV lounge where I can sit please,utility_request,
excuse me Is there a shop where I can buy snacks nearby kindly help.,utility_request,
excuse me My attendant needs a pillow for the night,utility_request,
excuse me My bed remote is missing can someone bring a spare,utility_request,
excuse me My bedsheet needs to be changed thank you,utility_request,
excuse me My locker key is stuck can someone help thank you so much,utility_request,
excuse me Please turn off the light it is too bright,utility_request,
excuse me The TV volume is stuck on high can someone fix it,utility_request,
excuse me The bed sheet has a tear can someone replace it can someone help?,utility_request,
excuse me The cable channels are not showing anything,utility_request,
excuse me The call button light above my bed is not working as soon as possible.,utility_request,
excuse me The ceiling fan is wobbling can someone check it kindly help.,utility_request,
excuse me The faucet is running continuously and won't stop can you help?,utility_request,
excuse me The heater in my room is not working I would really appreciate it.,utility_request,
excuse me The hot water tap is giving only cold water thank you so much,utility_request,
excuse me The light in my wardrobe area is not working is that possible?,utility_request,
excuse me The light switch near my bed is not working I would really appreciate it.,utility_request,
excuse me The mirror in the bathroom is cracked I would really appreciate it.,utility_request,
excuse me The toilet is blocked please send someone,utility_request,
excuse me The walker wheels are stuck can someone oil them as soon as possible.,utility_request,
excuse me There are flies in my room can someone help I would really appreciate it.,utility_request,
excuse me There is no hot water in the bathroom can you help?,utility_request,
hi Can I get a box of tissues for my cold at the earliest please.,utility_request,
hi Can I get a face mask please,utility_request,
hi Can I get a magazine or book to read,utility_request,
hi Can I get a reading lamp that clips to the bed this is urgent.,utility_request,
hi Can I get a small bedside lamp,utility_request,
hi Can I get a thermometer to keep at my bedside this is urgent.,utility_request,
hi Can I get a wheelchair please,utility_request,
hi Can I have an extra pillow,utility_request,
hi Can I have the crutches please can someone help?,utility_request,
hi Can someone bring a chair for my visitor,utility_request,
hi Can someone bring a chair for my visitor please help.,utility_request,
hi Can someone bring a clock to my room this is urgent.,utility_request,
hi Can someone bring a waterproof sheet for the bed can you help?,utility_request,
hi Can someone bring a wheelchair with a footrest this is urgent.,utility_request,
hi Can someone bring batteries for my hearing aid I would really appreciate it.,utility_request,
hi Can someone bring my discharge summary to my room thank you so much,utility_request,
hi Can someone fix the power outlet it is sparking,utility_request,
hi Can someone set the AC to 24 degrees kindly help.,utility_request,
hi Can someone switch on the night light this is urgent.,utility_request,
hi Can someone tune the TV to the news channel can someone help?,utility_request,
hi Can someone turn on the light I can't reach the switch thank you so much,utility_request,
hi Can the room be sanitised please I would really appreciate it.,utility_request,
hi Can you adjust the height of my bed please,utility_request,
hi I need a bedside commode please I would really appreciate it.,utility_request,
hi I need a clean pillow cover this one is stained,utility_request,
hi I need a pair of disposable slippers thank you,utility_request,
hi I need another blanket,utility_request,
hi I need cotton buds for my ears I would really appreciate it.,utility_request,
hi I need information about hospital visiting hours at the earliest please.,utility_request,
hi I need more hand sanitizer can you help?,utility_request,
"blankets, bedsheets, covers, socks",utility_request,
hi Is there a fridge where I can store my food is that possible?,utility_request,
hi Is there a laundry service for my clothes thank you so much,utility_request,
hi My attendant needs a pillow for the night can you help?,utility_request,
hi My bedsheet needs to be changed is that possible?,utility_request,
hi My locker key is stuck can someone help,utility_request,
hi My reading light is not working can someone fix,utility_request,
hi My room has not been cleaned since yesterday can you help?,utility_request,
hi Please turn off the light it is too bright this is urgent.,utility_request,
hi The bath drain is very slow can someone check,utility_request,
hi The bed sheet has a tear can someone replace it kindly help.,utility_request,
hi The ceiling fan is wobbling can someone check it,utility_request,
hi The clock on the wall has stopped working this is urgent.,utility_request,
hi The fan is making a squeaking noise can someone fix it at the earliest please.,utility_request,
hi The mirror in the bathroom is cracked can you help?,utility_request,
hi The mirror in the bathroom is cracked thank you,utility_request,
hi The room is very cold can I get a warm blanket,utility_request,
hi The room temperature keeps fluctuating can someone check is that possible?,utility_request,
hi The towel rack in the bathroom has come loose,utility_request,
hi The wheelchair tire is flat can someone replace it thank you,utility_request,
hi The wifi keeps disconnecting in my room this is urgent.,utility_request,
hi There is dust on the windowsill can someone wipe it,utility_request,
hi There is no water coming from the tap,utility_request,
pls Can I get a do-not-disturb sign for my door thank you,utility_request,
pls Can I get a reading lamp that clips to the bed,utility_request,
pls Can I get a receipt for today's payment,utility_request,
pls Can I get a tissue box please thank you,utility_request,
pls Can I get a wheelchair please,utility_request,
pls Can I get a wheelchair please thank you so much,utility_request,
pls Can I get an extra blanket please it is cold,utility_request,
pls Can I get the wifi password please thank you so much,utility_request,
pls Can housekeeping bring fresh garbage bags,utility_request,
pls Can my attendant use the patient bathroom,utility_request,
pls Can someone adjust the curtains to block the sunlight,utility_request,
pls Can someone bring a chair for my visitor I would really appreciate it.,utility_request,
pls Can someone bring a clock to my room,utility_request,
pls Can someone bring a newspaper today's edition at the earliest please.,utility_request,
pls Can someone bring a newspaper today's edition is that possible?,utility_request,
pls Can someone bring me a basin to wash my hands,utility_request,
pls Can someone bring me a basin to wash my hands I would really appreciate it.,utility_request,
pls Can someone bring my discharge summary to my room,utility_request,
pls Can someone clean the commode chair kindly help.,utility_request,
pls Can someone fix the TV please,utility_request,
pls Can someone fix the power outlet it is sparking thank you,utility_request,
pls Can someone open the window for fresh air at the earliest please.,utility_request,
pls Can someone spray air freshener in my room I would really appreciate it.,utility_request,
pls Can someone turn off the AC it is freezing as soon as possible.,utility_request,
pls Can the hallway light be dimmed at night is that possible?,utility_request,
pls Can you adjust the height of my bed please thank you so much,utility_request,
pls Can you get me a phone charger please,utility_request,
pls Can you increase the AC temperature a little,utility_request,
pls Can you increase the AC temperature a little kindly help.,utility_request,
pls I need a bedside commode please is that possible?,utility_request,
pls I need a dustbin next to my bed please help.,utility_request,
pls I need a stretcher to go to the MRI room,utility_request,
pls I need a wheelchair to go to the cafeteria,utility_request,
pls I need another blanket,utility_request,
pls I need more hand sanitizer,utility_request,
pls Is there a shop where I can buy snacks nearby this is urgent.,utility_request,
pls My bedside drawer is sticky can someone wipe it can someone help?,utility_request,
pls My reading light is not working can someone fix please,utility_request,
pls The bathroom mirror is dirty can someone clean it,utility_request,
pls The bed sheet has a tear can someone replace it,utility_request,
pls The faucet is running continuously and won't stop is that possible?,utility_request,
pls The hot water tap is giving only cold water,utility_request,
pls The light in my wardrobe area is not working as soon as possible.,utility_request,
pls The light switch near my bed is not working can someone help?,utility_request,
pls The mirror in the bathroom is cracked please help.,utility_request,
pls The sink tap is dripping constantly,utility_request,
pls The toilet handle is broken can someone repair it,utility_request,
pls The toilet seat needs cleaning please help.,utility_request,
pls There are flies in my room can someone help,utility_request,
pls There is mold in the bathroom can someone check,utility_request,
pls Water is leaking from the ceiling in my bathroom can someone help?,utility_request,
um Can I get a small bedside lamp,utility_request,
um Can I get an extra meal tray for my attendant,utility_request,
um Can housekeeping come and clean my room this is urgent.,utility_request,
um Can my attendant use the patient bathroom,utility_request,
um Can my family member get a guest pass,utility_request,
um Can someone adjust the wheelchair height for me,utility_request,
um Can someone bring a folding cot for my companion please,utility_request,
um Can someone bring a mirror to my room I would really appreciate it.,utility_request,
um Can someone bring me a pen and paper,utility_request,
um Can someone bring me some lip balm as soon as possible.,utility_request,
um Can someone empty the dustbin in my room please help.,utility_request,
um Can someone help me connect my phone to the wifi,utility_request,
um Can someone set up Netflix on the TV for me please help.,utility_request,
um Can someone tune the TV to the news channel,utility_request,
um Can someone turn off the corridor light it is disturbing thank you,utility_request,
um Can the room be sanitised please help.,utility_request,
um Can the room temperature be set a little warmer can you help?,utility_request,
um Can you adjust the height of my bed please,utility_request,
um I need a bedside commode please at the earliest please.,utility_request,
um I need a guest meal coupon for my wife is that possible?,utility_request,
um I need a guest meal coupon for my wife kindly help.,utility_request,
um I need a transport chair for the corridor walk please help.,utility_request,
um I need a urine bottle please can you help?,utility_request,
um I need a walking aid please can you help?,utility_request,
um I need a walking frame to go to the washroom I would really appreciate it.,utility_request,
um I need a walking frame to go to the washroom at the earliest please.,utility_request,
um I need a wheelchair to go to the cafeteria this is urgent.,utility_request,
um I need a wheelchair to go to the scan I would really appreciate it.,utility_request,
um I need an extra bed for my attendant,utility_request,
um I need an extra bed for my attendant can someone help?,utility_request,
um I need more hand sanitizer this is urgent.,utility_request,
um I need the wifi password for my tablet,utility_request,
um My earphones are not working with the TV at the earliest please.,utility_request,
um My phone charger cable is too short can I get a longer one as soon as possible.,utility_request,
um My phone data is not working can I use the hospital wifi is that possible?,utility_request,
um The TV volume is stuck on high can someone fix it,utility_request,
um The TV volume is stuck on high can someone fix it please help.,utility_request,
um The bath drain is very slow can someone check,utility_request,
um The bathroom exhaust fan is not working I would really appreciate it.,utility_request,
um The bathroom mirror is dirty can someone clean it please help.,utility_request,
um The clock on the wall has stopped working I would really appreciate it.,utility_request,
um The clock on the wall has stopped working thank you so much,utility_request,
um The emergency button near the toilet is not working can you help?,utility_request,
um The faucet is running continuously and won't stop I would really appreciate it.,utility_request,
um The internet speed is very slow in this room,utility_request,
um The mattress is very hard can I get a softer one this is urgent.,utility_request,
um The mirror in the bathroom is cracked,utility_request,
um The mirror in the bathroom is cracked thank you so much,utility_request,
um The radio in the room is not turning on at the earliest please.,utility_request,
um The room is very cold can I get a warm blanket,utility_request,
um The room light is too bright can you dim it can you help?,utility_request,
um The walker wheels are stuck can someone oil them,utility_request,
um The wifi is not working in my room thank you so much,utility_request,
um There is a very cold draft can someone check the window please help.,utility_request,
um There is dust on the windowsill can someone wipe it,utility_request,
um There is mold in the bathroom can someone check,utility_request,
um There is water pooling near the bathroom entrance can you help?,utility_request,
um Where is the nearest prayer room,utility_request,
,,
Actually Allergic reaction to the antibiotic please come fast,emergency,
Actually Blood is pooling under my bandage please help.,emergency,
Actually Breathing is getting harder and harder please come please come,emergency,
Actually Breathing machine alarm is going off nonstop please help.,emergency,
Actually Code blue please someone come thank you.,emergency,
Actually Constant vomiting and severe stomach pain I need help now.,emergency,
Actually Constant vomiting and severe stomach pain I would really appreciate it.,emergency,
Actually Emergency emergency please someone help me,emergency,
Actually Enakku swaasam varalai help pannga someone come please,emergency,
Actually Extreme pain I need help right now,emergency,
Actually Haath pair mein feeling nahi aa rahi,emergency,
Actually Hives all over and throat tightening,emergency,
Actually I am bleeding badly please come someone come please,emergency,
Actually I am burning up with very high fever,emergency,
Actually I am drenched in sweat and the fever is very high is that possible?,emergency,
Actually I am drenched in sweat and the fever is very high please hurry,emergency,
Actually I am dry heaving and cannot stop I would really appreciate it.,emergency,
Actually I am dry heaving and cannot stop it is very serious.,emergency,
Actually I am dry heaving and cannot stop please help,emergency,
Actually I am feeling very woozy I think I will pass out,emergency,
Actually I am fitting please hold me and call help this is urgent.,emergency,
Actually I am hyperventilating and I cannot stop as soon as possible.,emergency,
Actually I am hyperventilating and I cannot stop thank you.,emergency,
Actually I am in terrible pain and I am scared,emergency,
Actually I am struggling to breathe I need help now.,emergency,
Actually I am very scared something is very wrong,emergency,
Actually I am vomiting and feeling extremely dehydrated please hurry,emergency,
Actually I cannot grip anything with my left hand it is very serious.,emergency,
Actually I cannot hold any water down please help me as soon as possible.,emergency,
Actually I cannot inhale properly something is wrong please hurry,emergency,
Actually I cannot keep anything down and I feel very weak can you help?,emergency,
Actually I cannot keep my eyes open I am losing consciousness please help.,emergency,
Actually I cannot speak properly my words are jumbled,emergency,
Actually I cannot walk my leg is not responding,emergency,
Actually I feel a sudden severe headache at the earliest please.,emergency,
Actually I feel extremely hot and my temperature keeps rising,emergency,
Actually I feel extremely hot and my temperature keeps rising as soon as possible.,emergency,
Actually I feel like I am about to faint again,emergency,
Actually I feel like I am about to faint again please help,emergency,
Actually I feel like I will choke on my vomit please help kindly help.,emergency,
Actually I feel like my throat is being squeezed shut,emergency,
Actually I feel like my throat is being squeezed shut this is urgent.,emergency,
Actually I feel like something is stuck in my throat I cannot breathe,emergency,
Actually I fell backwards and hit my spine,emergency,
Actually I fell while trying to use the commode this is urgent.,emergency,
Actually I felt a jolt and then everything started shaking,emergency,
Actually I had a grand mal seizure please check me,emergency,
Actually I have been vomiting bile please help me,emergency,
Actually I have had a fever above 103 for the last two hours,emergency,
Actually I have rigors with high fever please come fast I need help now.,emergency,
Actually I lost feeling in my right hand suddenly this is urgent.,emergency,
Actually I rolled off the bed please help it is very serious.,emergency,
Actually I see blood in my stool please come immediately,emergency,
Actually I think I am having an allergic reaction I would really appreciate it.,emergency,
Actually I tried to stand and collapsed can you help?,emergency,
Actually I vomited and there are streaks of blood,emergency,
Actually I vomited and there are streaks of blood help me,emergency,
Actually IV pump has malfunctioned and fluid is flowing too fast it is very serious.,emergency,
Actually Kidney stone pain has come back and it is worse,emergency,
Actually My BiPAP machine has stopped working thank you.,emergency,
Actually My body is swelling up please help,emergency,
Actually My breathing has stopped help,emergency,
Actually My chest feels like it is being squeezed is that possible?,emergency,
Actually My chest is so tight I can barely breathe,emergency,
Actually My child has a very high fever please come,emergency,
Actually My head is spinning and I cannot see straight please come,emergency,
Actually My heart feels like it stopped for a second I would really appreciate it.,emergency,
Actually My heart is pounding and I feel faint,emergency,
Actually My heart is racing uncontrollably,emergency,
Actually My heartbeat is very irregular and painful can you help?,emergency,
Actually My legs are jerking uncontrollably please help.,emergency,
Actually My oxygen saturation monitor is showing dangerously low,emergency,
Actually My oxygen supply has been cut off help,emergency,
Actually My oxygen supply has been cut off help please hurry,emergency,
Actually My skin is burning and covered in red patches please do not delay.,emergency,
Actually My throat is closing I cannot get air,emergency,
Actually My vision has gone blurry all of a sudden please help it is very serious.,emergency,
Actually My whole body is trembling and I cannot control it thank you.,emergency,
Actually Nasal bleeding won't stop it has been going on it is very serious.,emergency,
Actually Oxygen nahi mil raha please help at the earliest please.,emergency,
Actually Pain is spreading from my chest to my arm thank you.,emergency,
Actually Romba vali irukku udhavi seyyungal I would really appreciate it.,emergency,
Actually Saans nahi aa raha mujhe,emergency,
Actually Seizure attack please someone come immediately as soon as possible.,emergency,
Actually Severe bleeding from my stomach area thank you.,emergency,
Actually Severe rash and difficulty breathing after the drip started,emergency,
Actually Severe rash and difficulty breathing after the drip started thank you.,emergency,
Actually Somebody please come this cannot wait I need help now.,emergency,
Actually Tez bukhar hai aur body kaamp rahi hai please help.,emergency,
Actually The dialysis machine has stopped please come urgently,emergency,
Actually The pain hit me suddenly and it is unbearable I need help now.,emergency,
Actually The pain is making me scream please help please do not delay.,emergency,
Actually The patient next to me has dangerously high fever,emergency,
Actually The patient next to me has dangerously high fever I would really appreciate it.,emergency,
Actually The suction device failed and I am choking,emergency,
Actually The ventilator has stopped working please come is that possible?,emergency,
Actually There is a crushing pain in my chest please help.,emergency,
Actually There is a stabbing pain in my heart area as soon as possible.,emergency,
Actually This is an emergency do not delay kindly help.,emergency,
Actually Uncontrollable spasms in my body please help is that possible?,emergency,
After the blood transfusion my skin is reacting badly help me,emergency,
After the blood transfusion my skin is reacting badly it is very serious.,emergency,
After the blood transfusion my skin is reacting badly thank you.,emergency,
Air is not going in please someone come I would really appreciate it.,emergency,
Allergic reaction to the antibiotic please come fast,emergency,
Allergic reaction to the antibiotic please come fast thank you.,emergency,
Bachao bachao hospital mein koi hai,emergency,
Bleeding from the incision site please hurry can you help?,emergency,
Blood in my vomit this is serious someone come please,emergency,
Blood is coming from my drain tube area kindly help.,emergency,
Blood is coming from my drain tube area please come quickly.,emergency,
Blood is coming out a lot kindly help.,emergency,
Blood is pooling under my bandage,emergency,
Blood is pooling under my bandage as soon as possible.,emergency,
Blood is pooling under my bandage at the earliest please.,emergency,
Blood is pooling under my bandage this is urgent.,emergency,
Breathing is getting harder and harder please come help me,emergency,
Breathing is very painful right now,emergency,
Breathing is very painful right now please come,emergency,
Breathing machine alarm is going off nonstop kindly help.,emergency,
Breathing machine alarm is going off nonstop please come quickly.,emergency,
Can you hear me? Air is not going in please someone come,emergency,
Can you hear me? Air is not going in please someone come please come quickly.,emergency,
Can you hear me? Bleeding from the incision site please hurry someone come please,emergency,
Can you hear me? Bleeding from the injection site is not stopping at the earliest please.,emergency,
Can you hear me? Blood everywhere please hurry kindly help.,emergency,
Can you hear me? Blood is coming from my drain tube area this is urgent.,emergency,
Can you hear me? Cardiac pain please come immediately as soon as possible.,emergency,
Can you hear me? Chest pain started suddenly while lying down,emergency,
Can you hear me? Chest pain very bad please come now,emergency,
Can you hear me? Chest tightness is increasing rapidly help me,emergency,
Can you hear me? Critical emergency in room please respond,emergency,
Can you hear me? Critical emergency in room please respond thank you.,emergency,
Can you hear me? Critical emergency in room please respond this is urgent.,emergency,
Can you hear me? ECG monitor is showing flat line please come I would really appreciate it.,emergency,
Can you hear me? Heart attack aa help this is urgent.,emergency,
Can you hear me? High fever and convulsions please come fast I would really appreciate it.,emergency,
Can you hear me? I am burning up with very high fever help me,emergency,
Can you hear me? I am choking on something please help I would really appreciate it.,emergency,
Can you hear me? I am convulsing please do not leave me alone please help.,emergency,
Can you hear me? I am drenched in sweat and the fever is very high as soon as possible.,emergency,
Can you hear me? I am dry heaving and cannot stop please help.,emergency,
Can you hear me? I am fitting please hold me and call help thank you.,emergency,
Can you hear me? I am hyperventilating and I cannot stop,emergency,
Can you hear me? I am passing blood in my urine please come,emergency,
Can you hear me? I am projectile vomiting and I feel terrible,emergency,
Can you hear me? I am shaking from the pain it is too much,emergency,
Can you hear me? I am shaking from the pain it is too much is that possible?,emergency,
Can you hear me? I am shivering with high fever please send someone I would really appreciate it.,emergency,
Can you hear me? I am vomiting and feeling extremely dehydrated,emergency,
Can you hear me? I am vomiting blood please come quickly someone come please,emergency,
Can you hear me? I am vomiting uncontrollably please help me,emergency,
Can you hear me? I am wheezing very badly right now,emergency,
Can you hear me? I broke out in hives and I am having trouble breathing,emergency,
Can you hear me? I broke out in hives and I am having trouble breathing I would really appreciate it.,emergency,
Can you hear me? I can't breathe please help me as soon as possible.,emergency,
Can you hear me? I cannot grip anything with my left hand kindly help.,emergency,
Can you hear me? I cannot hold any water down please help me at the earliest please.,emergency,
Can you hear me? I cannot keep my eyes open I am losing consciousness please come,emergency,
Can you hear me? I cannot lie down the chest pain gets worse,emergency,
Can you hear me? I cannot move my left arm or leg can you help?,emergency,
Can you hear me? I cannot move my left arm or leg help me,emergency,
Can you hear me? I cannot move my left arm suddenly please help,emergency,
Can you hear me? I cannot stop shaking and I feel very cold,emergency,
Can you hear me? I cannot stop throwing up please come help me,emergency,
Can you hear me? I cannot walk my leg is not responding,emergency,
Can you hear me? I feel a seizure coming on please help please come quickly.,emergency,
Can you hear me? I feel extremely hot and my temperature keeps rising help me,emergency,
Can you hear me? I feel extremely hot and my temperature keeps rising please come,emergency,
Can you hear me? I feel extremely lightheaded I might pass out help me,emergency,
Can you hear me? I feel like I am drowning I cannot breathe,emergency,
Can you hear me? I feel like my bones are breaking from the pain please do not delay.,emergency,
Can you hear me? I feel like my lungs are being crushed please do not delay.,emergency,
Can you hear me? I feel numbness spreading down one side,emergency,
Can you hear me? I fell and there is a bump on my head kindly help.,emergency,
Can you hear me? I fell backwards and hit my spine kindly help.,emergency,
Can you hear me? I fell backwards and hit my spine please help,emergency,
Can you hear me? I fell off the wheelchair please come quickly.,emergency,
Can you hear me? I have high fever and seizure please come can you help?,emergency,
Can you hear me? I have high fever and seizure please come please come quickly.,emergency,
Can you hear me? I have rigors with high fever please come fast is that possible?,emergency,
Can you hear me? I just fell in the bathroom,emergency,
Can you hear me? I just had an episode where my body went stiff then started shaking it is very serious.,emergency,
Can you hear me? I lost feeling in my right hand suddenly please help,emergency,
Can you hear me? I passed out briefly please check me please come,emergency,
Can you hear me? I pulled out the needle and now it is bleeding everywhere,emergency,
Can you hear me? I slipped near the shower and hit my head,emergency,
Can you hear me? I think I am going into anaphylactic shock can you help?,emergency,
Can you hear me? I threw up and there is blood in it,emergency,
Can you hear me? I threw up and there is blood in it please come,emergency,
Can you hear me? I woke up and I cannot breathe please come quickly.,emergency,
Can you hear me? IV pump has malfunctioned and fluid is flowing too fast please hurry,emergency,
Can you hear me? Life-threatening situation please hurry,emergency,
Can you hear me? My chest is very tight I can't breathe,emergency,
Can you hear me? My child has a very high fever please come,emergency,
Can you hear me? My condition is getting worse by the second I need help now.,emergency,
Can you hear me? My condition is getting worse by the second thank you.,emergency,
Can you hear me? My dressing is completely soaked in blood,emergency,
Can you hear me? My fever has suddenly gone very high can you help?,emergency,
Can you hear me? My heartbeat is very irregular and painful is that possible?,emergency,
Can you hear me? My legs are jerking uncontrollably,emergency,
Can you hear me? My legs are jerking uncontrollably at the earliest please.,emergency,
Can you hear me? My skin is covered in hives and I feel dizzy,emergency,
Can you hear me? My surgical wound has started bleeding heavily,emergency,
Can you hear me? My temperature has spiked to 104 please come can you help?,emergency,
Can you hear me? My throat is swelling I can't swallow I need help now.,emergency,
Can you hear me? My vision is going dark I think I am fainting,emergency,
Can you hear me? My whole body is in severe pain,emergency,
Can you hear me? Please hurry this is very urgent,emergency,
Can you hear me? Please someone come I am in danger,emergency,
Can you hear me? Severe pain in my lower back I cannot move it is very serious.,emergency,
Can you hear me? Somebody help me please this is critical please come quickly.,emergency,
Can you hear me? Somebody please come this cannot wait I need help now.,emergency,
Can you hear me? Tez bukhar hai aur body kaamp rahi hai,emergency,
Can you hear me? The cardiac monitor shows irregular readings please come kindly help.,emergency,
Can you hear me? The fever is making me hallucinate please help,emergency,
Can you hear me? The heart monitor flatlined please check I would really appreciate it.,emergency,
Can you hear me? The infusion pump stopped and my medication is not going in can you help?,emergency,
Can you hear me? The oxygen concentrator is making a strange noise and stopped,emergency,
Can you hear me? The pain is so severe I cannot handle it,emergency,
Can you hear me? The suction device failed and I am choking,emergency,
Can you hear me? The ventilator has stopped working please come please do not delay.,emergency,
Can you hear me? The ventilator tube has come out please help,emergency,
Can you hear me? There are hives spreading all over my chest and neck,emergency,
Can you hear me? There is a crushing pain in my chest,emergency,
Can you hear me? There is blood in my vomit please help,emergency,
Can you hear me? This is not normal something serious is happening,emergency,
Can you hear me? Tremors have started again please come check thank you.,emergency,
Can you hear me? Uncontrollable spasms in my body please help please come quickly.,emergency,
Can you hear me? Worst pain I have ever felt in my life please come,emergency,
Cardiac pain please come immediately,emergency,
Cardiac pain please come immediately thank you.,emergency,
Chest pain is unbearable please help I would really appreciate it.,emergency,
Chest pain started suddenly while lying down,emergency,
Chest pain very bad please come now at the earliest please.,emergency,
Chest pain very bad please come now can you help?,emergency,
Chest pain very bad please come now help me,emergency,
Chest tightness is increasing rapidly,emergency,
Code blue please someone come I would really appreciate it.,emergency,
Code blue please someone come please hurry,emergency,
Constant vomiting and severe stomach pain kindly help.,emergency,
Constant vomiting and severe stomach pain thank you.,emergency,
Convulsion ho gaya hai please jaldi aao as soon as possible.,emergency,
Convulsion ho gaya hai please jaldi aao please do not delay.,emergency,
Critical emergency in room please respond,emergency,
Critical emergency in room please respond I need help now.,emergency,
Critical emergency in room please respond someone come please,emergency,
Dil mein bahut dard please koi aao,emergency,
Dil mein bahut dard please koi aao I would really appreciate it.,emergency,
Dil mein bahut dard please koi aao at the earliest please.,emergency,
Dil mein bahut dard please koi aao it is very serious.,emergency,
Double vision started suddenly please help please do not delay.,emergency,
ECG monitor is showing flat line please come,emergency,
ECG monitor is showing flat line please come as soon as possible.,emergency,
Emergency alarm on my bedside monitor please respond can you help?,emergency,
Emergency alarm on my bedside monitor please respond please help,emergency,
Emergency emergency please someone help me,emergency,
Emergency emergency please someone help me as soon as possible.,emergency,
Emergency emergency please someone help me kindly help.,emergency,
Emergency please the pain is too much,emergency,
Emergency please the pain is too much I need help now.,emergency,
Enakku swaasam varalai help pannga,emergency,
Enakku swaasam varalai help pannga please come,emergency,
Every breath is painful please come fast I would really appreciate it.,emergency,
Every breath is painful please come fast can you help?,emergency,
Every breath is painful please come fast is that possible?,emergency,
Everything is going black at the earliest please.,emergency,
Everything is going black it is very serious.,emergency,
Everything is going black please hurry,emergency,
Everything went black for a moment please check,emergency,
Everything went black for a moment please check can you help?,emergency,
Excruciating pain in my abdomen right now,emergency,
Excruciating pain in my abdomen right now is that possible?,emergency,
Excruciating pain in my abdomen right now please come quickly.,emergency,
Excuse me Air is not going in please someone come thank you.,emergency,
Excuse me Breathing machine alarm is going off nonstop someone come please,emergency,
Excuse me Call the doctor now it is serious kindly help.,emergency,
Excuse me Chest tightness is increasing rapidly,emergency,
Excuse me Emergency please the pain is too much I need help now.,emergency,
Excuse me Enakku swaasam varalai help pannga,emergency,
Excuse me Every breath is painful please come fast I need help now.,emergency,
Excuse me Everything is going black please do not delay.,emergency,
Excuse me Fever is not coming down despite medication someone come please,emergency,
Excuse me Haath pair mein feeling nahi aa rahi I would really appreciate it.,emergency,
Excuse me Half of my body feels numb please come,emergency,
Excuse me High grade fever with severe headache please come I need help now.,emergency,
Excuse me I almost fell out of the bed kindly help.,emergency,
Excuse me I am crying from the pain please come,emergency,
Excuse me I am feeling very woozy I think I will pass out,emergency,
Excuse me I am gasping for air please come,emergency,
Excuse me I am losing consciousness please help me please come,emergency,
Excuse me I am not going to make it please come now help me,emergency,
Excuse me I am struggling to breathe,emergency,
Excuse me I am too weak to stay conscious please help,emergency,
Excuse me I am vomiting and feeling extremely dehydrated at the earliest please.,emergency,
Excuse me I am vomiting and feeling extremely dehydrated it is very serious.,emergency,
Excuse me I broke out in hives and I am having trouble breathing,emergency,
Excuse me I can't breathe please help me,emergency,
Excuse me I can't get any air in I would really appreciate it.,emergency,
Excuse me I cannot control one side of my body,emergency,
Excuse me I cannot see clearly everything is blurry suddenly,emergency,
Excuse me I cannot stop throwing up please come please come quickly.,emergency,
Excuse me I collapsed trying to walk on my own it is very serious.,emergency,
Excuse me I coughed up blood just now please help.,emergency,
Excuse me I feel a squeezing pressure in my chest,emergency,
Excuse me I feel extremely hot and my temperature keeps rising,emergency,
Excuse me I feel extremely hot and my temperature keeps rising as soon as possible.,emergency,
Excuse me I feel like I will choke on my vomit please help,emergency,
Excuse me I feel like my bones are breaking from the pain,emergency,
Excuse me I feel my airway closing up after the injection is that possible?,emergency,
Excuse me I feel very dizzy I might fall it is very serious.,emergency,
Excuse me I fell down from the bed,emergency,
Excuse me I fell face first on the floor as soon as possible.,emergency,
Excuse me I fell off the wheelchair kindly help.,emergency,
Excuse me I fell sideways and my hip is in terrible pain please do not delay.,emergency,
Excuse me I fell sideways and my hip is in terrible pain someone come please,emergency,
Excuse me I fell while walking to the bathroom I would really appreciate it.,emergency,
Excuse me I had a grand mal seizure please check me,emergency,
Excuse me I had a grand mal seizure please check me kindly help.,emergency,
Excuse me I have high fever and seizure please come,emergency,
Excuse me I have high fever and seizure please come this is urgent.,emergency,
Excuse me I just fell in the bathroom as soon as possible.,emergency,
Excuse me I keep feeling faint every time I try to sit up please come,emergency,
Excuse me I see blood in my stool please come immediately,emergency,
Excuse me I slipped getting out of bed and cannot move,emergency,
Excuse me I slipped near the shower and hit my head,emergency,
Excuse me I think I am going into anaphylactic shock,emergency,
Excuse me I think I am having an allergic reaction thank you.,emergency,
Excuse me I think my heart is failing please come,emergency,
Excuse me My arm went limp suddenly I cannot lift it,emergency,
Excuse me My body is swelling up please help,emergency,
Excuse me My eyes rolled back and my body started shaking please come quickly.,emergency,
Excuse me My face feels frozen on one side,emergency,
Excuse me My heartbeat is very irregular and painful,emergency,
Excuse me My legs gave way and I fell kindly help.,emergency,
Excuse me My life support machine is beeping red alarm please come,emergency,
Excuse me My pain is a 10 out of 10 please help,emergency,
Excuse me My roommate has fainted please come immediately,emergency,
Excuse me My skin is covered in hives and I feel dizzy please come quickly.,emergency,
Excuse me My surgical wound has started bleeding heavily it is very serious.,emergency,
Excuse me My temperature has spiked to 104 please come please come,emergency,
Excuse me My vision has gone blurry all of a sudden please help,emergency,
Excuse me My whole body is trembling and I cannot control it,emergency,
Excuse me My whole body is trembling and I cannot control it this is urgent.,emergency,
Excuse me Post-surgery bleeding is very heavy please come can you help?,emergency,
Excuse me Seene mein bahut dard ho raha hai,emergency,
Excuse me Severe pain in my lower back I cannot move please come quickly.,emergency,
Excuse me Somebody help me please this is critical I need help now.,emergency,
Excuse me Something has gone wrong please send the doctor,emergency,
Excuse me Sudden dizziness and I almost collapsed please do not delay.,emergency,
Excuse me The heart monitor flatlined please check,emergency,
Excuse me The monitor alarm is beeping loudly please come,emergency,
Excuse me The pain after surgery has suddenly become extreme can you help?,emergency,
Excuse me The pain is making me scream please help please come,emergency,
Excuse me The pain is so severe I cannot handle it please help.,emergency,
Excuse me The patient in the next bed is having a fit I would really appreciate it.,emergency,
Excuse me The patient in the next bed is having a fit at the earliest please.,emergency,
Excuse me The patient next to me has dangerously high fever,emergency,
Excuse me The ventilator has stopped working please come,emergency,
Excuse me The ventilator tube has come out please help I would really appreciate it.,emergency,
Excuse me The ventilator tube has come out please help kindly help.,emergency,
Excuse me There is a stabbing pain in my heart area at the earliest please.,emergency,
Excuse me There is a stabbing pain in my heart area help me,emergency,
Excuse me There is internal bleeding I can feel it someone come please,emergency,
Excuse me Tremors have started again please come check,emergency,
Excuse me Tremors have started again please come check kindly help.,emergency,
Excuse me Ventilator pressure alarm please come immediately is that possible?,emergency,
Excuse me Violent vomiting after the medication please come is that possible?,emergency,
Excuse me Vomiting continuously since the last hour,emergency,
Extreme pain I need help right now,emergency,
Feeling very faint and weak suddenly,emergency,
Fever is not coming down despite medication,emergency,
Fever is not coming down despite medication is that possible?,emergency,
Fever spiked suddenly after the procedure,emergency,
Fever spiked suddenly after the procedure I need help now.,emergency,
Fever spiked suddenly after the procedure at the earliest please.,emergency,
Fever spiked suddenly after the procedure it is very serious.,emergency,
Fever with uncontrollable shivering please come,emergency,
Fever with uncontrollable shivering please come kindly help.,emergency,
Fever with uncontrollable shivering please come someone come please,emergency,
Haath pair mein feeling nahi aa rahi,emergency,
Haath pair mein feeling nahi aa rahi can you help?,emergency,
Haath pair mein feeling nahi aa rahi someone come please,emergency,
Half of my body feels numb please come kindly help.,emergency,
Heart attack aa help,emergency,
Heart is beating too fast I feel scared thank you.,emergency,
Heart pain very serious please come,emergency,
Heart pain very serious please come please hurry,emergency,
Heart pain very serious please come someone come please,emergency,
Hello Bachao bachao hospital mein koi hai is that possible?,emergency,
Hello Blood in my vomit this is serious it is very serious.,emergency,
Hello Chest pain is unbearable please help.,emergency,
Hello Chest pain very bad please come now help me,emergency,
Hello Chest pain very bad please come now is that possible?,emergency,
Hello Emergency please the pain is too much please help,emergency,
Hello Every time I lie down I cannot breathe,emergency,
Hello Everything is going black as soon as possible.,emergency,
Hello Fever is not coming down despite medication thank you.,emergency,
Hello Help me I am not able to breathe is that possible?,emergency,
Hello High grade fever with severe headache please come help me,emergency,
Hello High grade fever with severe headache please come please come quickly.,emergency,
Hello High grade fever with severe headache please come please help.,emergency,
Hello I am gasping for air please come please help.,emergency,
Hello I am hyperventilating and I cannot stop please do not delay.,emergency,
Hello I am in terrible pain and I am scared please come quickly.,emergency,
Hello I am not going to make it please come now thank you.,emergency,
Hello I am shivering with high fever please send someone,emergency,
Hello I am shivering with high fever please send someone I would really appreciate it.,emergency,
Hello I am too weak to stay conscious please help can you help?,emergency,
Hello I blacked out for a few seconds just now please help.,emergency,
Hello I broke out in hives and I am having trouble breathing please hurry,emergency,
Hello I collapsed trying to walk on my own please help,emergency,
Hello I coughed up blood just now it is very serious.,emergency,
Hello I feel a sudden severe headache,emergency,
Hello I feel anaphylaxis coming on please help me now,emergency,
Hello I feel anaphylaxis coming on please help me now please do not delay.,emergency,
Hello I feel extremely lightheaded I might pass out please come,emergency,
Hello I feel like I am about to faint again please help.,emergency,
Hello I feel like I am dying please help me please come,emergency,
Hello I feel like my throat is being squeezed shut,emergency,
Hello I feel my airway closing up after the injection,emergency,
Hello I feel paralyzed on one side this is urgent.,emergency,
Hello I feel unconscious please help thank you.,emergency,
Hello I feel weak on the right side of my body please hurry,emergency,
Hello I fell against the bedside table and hurt my ribs help me,emergency,
Hello I fell and I cannot feel my legs I need help now.,emergency,
Hello I fell and my arm might be broken,emergency,
Hello I fell while trying to use the commode is that possible?,emergency,
Hello I fell while trying to use the commode kindly help.,emergency,
Hello I have high fever with chills and body ache is that possible?,emergency,
Hello I keep drifting in and out of consciousness someone come please,emergency,
Hello I nearly fainted while walking please help I would really appreciate it.,emergency,
Hello I nearly fainted while walking please help this is urgent.,emergency,
Hello I need help immediately this is life threatening,emergency,
Hello I think I am having an allergic reaction,emergency,
Hello I threw up and there is blood in it,emergency,
Hello I threw up and there is blood in it I need help now.,emergency,
Hello I threw up and there is blood in it please help,emergency,
Hello I tried to get up and fell on the floor I would really appreciate it.,emergency,
Hello IV pump has malfunctioned and fluid is flowing too fast,emergency,
Hello Maarpu vali maarpu vali help,emergency,
Hello My BiPAP machine has stopped working help me,emergency,
Hello My IV has come out and it is bleeding I would really appreciate it.,emergency,
Hello My IV has come out and it is bleeding please help,emergency,
Hello My balance is gone I cannot walk straight I need help now.,emergency,
Hello My body is swelling up please help can you help?,emergency,
Hello My body just went into a convulsion as soon as possible.,emergency,
Hello My catheter is causing severe pain and there is blood thank you.,emergency,
Hello My chest feels like it is on fire help me,emergency,
Hello My chest feels like it is on fire please help.,emergency,
Hello My chest pain is getting worse with every breath as soon as possible.,emergency,
Hello My face feels frozen on one side at the earliest please.,emergency,
Hello My head is spinning and I cannot see straight someone come please,emergency,
Hello My heartbeat is very irregular and painful,emergency,
Hello My joint pain is so bad I cannot move at all,emergency,
Hello My life support machine is beeping red alarm,emergency,
Hello My lips are turning blue and swelling,emergency,
Hello My nose is blocked and I cannot breathe through my mouth I need help now.,emergency,
Hello My oxygen supply has been cut off help,emergency,
Hello My oxygen supply has been cut off help me,emergency,
Hello My skin is covered in hives and I feel dizzy help me,emergency,
Hello My temperature will not come down please help,emergency,
Hello My temperature will not come down please help I need help now.,emergency,
Hello My throat is closing I cannot get air please help,emergency,
Hello My vision has gone blurry all of a sudden please help,emergency,
Hello My vision is going dark I think I am fainting kindly help.,emergency,
Hello Oxygen level is dropping I feel very breathless please help.,emergency,
Hello Please come my breathing is very labored,emergency,
Hello Please hurry the pain is getting worse every second I would really appreciate it.,emergency,
Hello Romba vali irukku udhavi seyyungal please help,emergency,
Hello Severe rash and difficulty breathing after the drip started it is very serious.,emergency,
Hello Severe tightness in chest and I am sweating I need help now.,emergency,
Hello Something is terribly wrong with me please help thank you.,emergency,
Hello Sudden dizziness and I almost collapsed,emergency,
Hello Tez bukhar hai aur body kaamp rahi hai someone come please,emergency,
Hello The abdominal pain is tearing me apart,emergency,
Hello The dialysis machine has stopped please come urgently someone come please,emergency,
Hello The fever is making me hallucinate please help,emergency,
Hello The fever is making me hallucinate please help kindly help.,emergency,
Hello The infusion pump stopped and my medication is not going in please come,emergency,
Hello The oxygen concentrator is making a strange noise and stopped,emergency,
Hello The pain after surgery has suddenly become extreme kindly help.,emergency,
Hello The patient next to me has collapsed someone come please,emergency,
Hello The patient next to me has collapsed thank you.,emergency,
Hello The patient next to me has dangerously high fever please help.,emergency,
Hello The shaking will not stop please help me I would really appreciate it.,emergency,
Hello The ventilator tube has come out please help,emergency,
Hello Ventilator pressure alarm please come immediately is that possible?,emergency,
Hello Violent vomiting after the medication please come someone come please,emergency,
Hello Worst headache I have ever had suddenly please help.,emergency,
Help me I am not able to breathe,emergency,
Help me I am not able to breathe I need help now.,emergency,
Help me I am not able to breathe at the earliest please.,emergency,
Help me I am not able to breathe it is very serious.,emergency,
Help me I am not able to breathe please do not delay.,emergency,
Help me help me I am dying,emergency,
Help pannga enna aachu theriyalai,emergency,
Help pannga enna aachu theriyalai please do not delay.,emergency,
Hi Bachao bachao hospital mein koi hai,emergency,
Hi Bahut dard hai please koi aao,emergency,
Hi Blood is coming from my drain tube area,emergency,
Hi Breathing is getting harder and harder please come please come quickly.,emergency,
Hi Breathing problem la irukken help me,emergency,
Hi Breathing problem la irukken kindly help.,emergency,
Hi Cardiac pain please come immediately,emergency,
Hi Chest pain started suddenly while lying down,emergency,
Hi Convulsion ho gaya hai please jaldi aao,emergency,
Hi Critical emergency in room please respond it is very serious.,emergency,
Hi Double vision started suddenly please help,emergency,
Hi ECG monitor is showing flat line please come is that possible?,emergency,
Hi Everything is going black I would really appreciate it.,emergency,
Hi Everything went black for a moment please check,emergency,
Hi Everything went black for a moment please check as soon as possible.,emergency,
Hi Extreme pain I need help right now,emergency,
Hi Fever is not coming down despite medication I need help now.,emergency,
Hi Fever with uncontrollable shivering please come I need help now.,emergency,
Hi Fever with uncontrollable shivering please come as soon as possible.,emergency,
Hi Half of my body feels numb please come can you help?,emergency,
Hi Half of my body feels numb please come please help,emergency,
Hi Heart is beating too fast I feel scared please help.,emergency,
Hi Heavy bleeding from my arm,emergency,
Hi High fever and I am delirious please help,emergency,
Hi High fever and convulsions please come fast,emergency,
Hi High fever caused a fit please come immediately please hurry,emergency,
Hi I almost fell out of the bed,emergency,
Hi I am blacking out please help please do not delay.,emergency,
Hi I am dry heaving and cannot stop,emergency,
Hi I am dry heaving and cannot stop please come quickly.,emergency,
Hi I am feeling very woozy I think I will pass out please help,emergency,
Hi I am having a dizzy spell and I cannot stand thank you.,emergency,
Hi I am having a severe allergic reaction my throat feels tight,emergency,
Hi I am having palpitations and chest pain together please help,emergency,
Hi I am having trouble swallowing my throat is closing,emergency,
Hi I am in excruciating pain please help thank you.,emergency,
Hi I am in so much pain I cannot speak properly please come,emergency,
Hi I am losing a lot of blood please help,emergency,
Hi I am projectile vomiting and I feel terrible can you help?,emergency,
Hi I am shivering and shaking please help me,emergency,
Hi I am shivering with high fever please send someone,emergency,
Hi I am shivering with high fever please send someone is that possible?,emergency,
Hi I am shivering with high fever please send someone please hurry,emergency,
Hi I am too weak to stay conscious please help thank you.,emergency,
Hi I am turning blue I cannot breathe,emergency,
Hi I am vomiting and feeling extremely dehydrated is that possible?,emergency,
Hi I am vomiting and feeling extremely dehydrated someone come please,emergency,
Hi I am vomiting blood please come quickly it is very serious.,emergency,
Hi I bit my tongue during the shaking episode kindly help.,emergency,
Hi I blacked out for a few seconds just now at the earliest please.,emergency,
Hi I broke out in hives and I am having trouble breathing please help.,emergency,
Hi I can't get any air in,emergency,
Hi I cannot control one side of my body please help.,emergency,
Hi I cannot grip anything with my left hand,emergency,
Hi I cannot hold any water down please help me please do not delay.,emergency,
Hi I cannot inhale properly something is wrong can you help?,emergency,
Hi I cannot keep anything down and I feel very weak,emergency,
Hi I cannot move my left arm or leg someone come please,emergency,
Hi I cannot see clearly everything is blurry suddenly I need help now.,emergency,
Hi I cannot speak properly my words are jumbled this is urgent.,emergency,
Hi I cannot stop throwing up please come,emergency,
Hi I cannot stop throwing up please come thank you.,emergency,
Hi I cannot walk my leg is not responding kindly help.,emergency,
Hi I fainted and hit my head on the floor,emergency,
Hi I fainted and hit my head on the floor I need help now.,emergency,
Hi I feel a seizure coming on please help as soon as possible.,emergency,
Hi I feel a sudden severe headache,emergency,
Hi I feel disoriented and cannot remember where I am thank you.,emergency,
Hi I feel extremely hot and my temperature keeps rising is that possible?,emergency,
Hi I feel extremely lightheaded I might pass out I would really appreciate it.,emergency,
Hi I feel extremely lightheaded I might pass out please hurry,emergency,
Hi I feel like I am about to faint again,emergency,
Hi I feel like I am going to faint can you help?,emergency,
Hi I feel like I will choke on my vomit please help,emergency,
Hi I feel like I will choke on my vomit please help is that possible?,emergency,
Hi I feel like my lungs are being crushed thank you.,emergency,
Hi I feel like the room is spinning and I might collapse it is very serious.,emergency,
Hi I feel my airway closing up after the injection can you help?,emergency,
Hi I feel my heart is going to explode please do not delay.,emergency,
Hi I feel suffocated please someone come,emergency,
Hi I feel suffocated please someone come is that possible?,emergency,
Hi I fell and my arm might be broken,emergency,
Hi I fell and my arm might be broken please help.,emergency,
Hi I fell backwards and hit my spine I need help now.,emergency,
Hi I fell down and cannot get up,emergency,
Hi I fell down and cannot get up thank you.,emergency,
Hi I fell face first on the floor thank you.,emergency,
Hi I fell while walking to the bathroom,emergency,
Hi I had a seizure and I cannot remember what happened please come quickly.,emergency,
Hi I have had a fever above 103 for the last two hours is that possible?,emergency,
Hi I have high fever with chills and body ache,emergency,
Hi I have never felt pain this bad before can you help?,emergency,
Hi I have rigors with high fever please come fast please come,emergency,
Hi I just fell out of bed please send someone quickly,emergency,
Hi I just fell out of bed please send someone quickly someone come please,emergency,
Hi I just had a blackout episode please come this is urgent.,emergency,
Hi I keep drifting in and out of consciousness at the earliest please.,emergency,
Hi I lost balance and fell near the door is that possible?,emergency,
Hi I lost feeling in my right hand suddenly I would really appreciate it.,emergency,
Hi I passed out briefly please check me kindly help.,emergency,
Hi I pulled out the needle and now it is bleeding everywhere please come,emergency,
Hi I think I am going into anaphylactic shock I would really appreciate it.,emergency,
Hi I think I am having a heart attack,emergency,
Hi I think I am having an allergic reaction thank you.,emergency,
Hi I threw up and there is blood in it kindly help.,emergency,
Hi I tumbled while trying to reach the call bell someone come please,emergency,
Hi I vomited and there are streaks of blood,emergency,
Hi I woke up gasping I cannot get air in please come quickly.,emergency,
Hi I woke up on the floor I think I fainted please help.,emergency,
Hi I woke up with severe chest pain this is urgent.,emergency,
Hi Kidney stone pain has come back and it is worse can you help?,emergency,
Hi Koi hai please mujhe bachao please come quickly.,emergency,
Hi Life-threatening situation please hurry,emergency,
Hi Life-threatening situation please hurry please do not delay.,emergency,
Hi Loss of sensation in both legs suddenly,emergency,
Hi My arms and legs are twitching violently kindly help.,emergency,
Hi My body is shaking uncontrollably,emergency,
Hi My body just went into a convulsion I would really appreciate it.,emergency,
Hi My breathing has stopped help,emergency,
Hi My chest feels like it is on fire this is urgent.,emergency,
Hi My chest is very tight I can't breathe help me,emergency,
Hi My child has a very high fever please come as soon as possible.,emergency,
Hi My child has a very high fever please come thank you.,emergency,
Hi My gums are bleeding and will not stop is that possible?,emergency,
Hi My hands and feet are swelling after the injection please come,emergency,
Hi My joint pain is so bad I cannot move at all at the earliest please.,emergency,
Hi My joint pain is so bad I cannot move at all please come,emergency,
Hi My leg wound is gushing blood can you help?,emergency,
Hi My legs are jerking uncontrollably is that possible?,emergency,
Hi My legs are jerking uncontrollably please come quickly.,emergency,
Hi My legs gave way and I fell,emergency,
Hi My lips are turning blue and swelling help me,emergency,
Hi My nose is blocked and I cannot breathe through my mouth,emergency,
Hi My nose will not stop bleeding please come,emergency,
Hi My pain is a 10 out of 10 please help can you help?,emergency,
Hi My pain is a 10 out of 10 please help please come,emergency,
Hi My roommate has fainted please come immediately is that possible?,emergency,
Hi My skin is covered in hives and I feel dizzy please help,emergency,
Hi My stomach is cramping and I keep vomiting,emergency,
Hi My surgical wound has started bleeding heavily help me,emergency,
Hi My temperature has spiked to 104 please come,emergency,
Hi My temperature has spiked to 104 please come as soon as possible.,emergency,
Hi My temperature will not come down please help I need help now.,emergency,
Hi My whole body is in severe pain it is very serious.,emergency,
Hi My wound burst open and is bleeding heavily can you help?,emergency,
Hi Nasal bleeding won't stop it has been going on,emergency,
Hi Nothing is helping with the pain I need a doctor now please help,emergency,
Hi One side of my face is drooping,emergency,
Hi Oxygen nahi mil raha please help,emergency,
Hi Oxygen nahi mil raha please help me,emergency,
Hi Pain is spreading from my chest to my arm please come quickly.,emergency,
Hi Please come right now I am in trouble someone come please,emergency,
Hi Please hurry this is very urgent please come,emergency,
Hi Red welts are appearing all over my body,emergency,
Hi Respiratory distress please send someone immediately please help,emergency,
Hi Seizure attack please someone come immediately someone come please,emergency,
Hi Severe headache with vision changes please come as soon as possible.,emergency,
Hi Severe pain in my lower back I cannot move is that possible?,emergency,
Hi Sharp chest pain starting now it is very serious.,emergency,
Hi Something has gone wrong please send the doctor this is urgent.,emergency,
Hi Something is terribly wrong with me please help,emergency,
Hi Sudden sharp pain in the left side of my chest,emergency,
Hi Tez bukhar hai aur body kaamp rahi hai,emergency,
Hi The cardiac monitor shows irregular readings please come it is very serious.,emergency,
Hi The dialysis machine has stopped please come urgently I would really appreciate it.,emergency,
Hi The drip needle fell out and blood is coming please do not delay.,emergency,
Hi The feeding tube pump is alarming critically,emergency,
Hi The feeding tube pump is alarming critically I would really appreciate it.,emergency,
Hi The feeding tube pump is alarming critically please help,emergency,
Hi The feeding tube pump is alarming critically please hurry,emergency,
Hi The fever is making me hallucinate please help,emergency,
Hi The fever is making me hallucinate please help please do not delay.,emergency,
Hi The heart monitor flatlined please check,emergency,
Hi The infusion pump stopped and my medication is not going in please help,emergency,
Hi The monitor alarm is beeping loudly please come,emergency,
Hi The monitor alarm is beeping loudly please come I would really appreciate it.,emergency,
Hi The monitor alarm is beeping loudly please come please come,emergency,
Hi The nausea is so bad I cannot open my eyes,emergency,
Hi The nausea is so bad I cannot open my eyes can you help?,emergency,
Hi The nerve pain is shooting through my entire body kindly help.,emergency,
Hi The oxygen concentrator is making a strange noise and stopped I need help now.,emergency,
Hi The oxygen flow meter broke I am not getting air,emergency,
Hi The patient in the next bed is having a fit this is urgent.,emergency,
Hi The patient next to me has dangerously high fever I need help now.,emergency,
Hi The shaking will not stop please help me thank you.,emergency,
Hi The stitches have opened and it is bleeding can you help?,emergency,
Hi The suction device failed and I am choking thank you.,emergency,
Hi The wound is hemorrhaging please send help now,emergency,
Hi The wound is hemorrhaging please send help now please come quickly.,emergency,
Hi There is a stabbing pain in my heart area,emergency,
Hi There is dark blood in my vomit,emergency,
Hi There is internal bleeding I can feel it I would really appreciate it.,emergency,
Hi This is an emergency do not delay please hurry,emergency,
Hi Tremors have started again please come check can you help?,emergency,
Hi Urgent help needed in my room please,emergency,
Hi Ventilator pressure alarm please come immediately,emergency,
Hi Ventilator pressure alarm please come immediately help me,emergency,
Hi Ventilator pressure alarm please come immediately thank you.,emergency,
Hi Worst pain I have ever felt in my life thank you.,emergency,
High fever and convulsions please come fast,emergency,
High fever and convulsions please come fast thank you.,emergency,
High fever caused a fit please come immediately at the earliest please.,emergency,
High fever caused a fit please come immediately please do not delay.,emergency,
High fever caused a fit please come immediately please help,emergency,
High fever caused a fit please come immediately thank you.,emergency,
High grade fever with severe headache please come please come,emergency,
High grade fever with severe headache please come please come quickly.,emergency,
High grade fever with severe headache please come this is urgent.,emergency,
Hives all over and throat tightening,emergency,
Hives all over and throat tightening please do not delay.,emergency,
Hives all over and throat tightening please help,emergency,
I almost fell out of the bed,emergency,
I almost fell out of the bed it is very serious.,emergency,
I am afraid I am about to have another seizure,emergency,
I am afraid I am about to have another seizure is that possible?,emergency,
I am afraid I am about to have another seizure kindly help.,emergency,
I am begging please come and help me,emergency,
I am begging please come and help me at the earliest please.,emergency,
I am blacking out please help,emergency,
I am bleeding and cannot stop it at the earliest please.,emergency,
I am bleeding and cannot stop it please help,emergency,
I am bleeding badly please come,emergency,
I am burning up with very high fever,emergency,
I am burning up with very high fever please help.,emergency,
I am burning up with very high fever someone come please,emergency,
I am choking on something please help it is very serious.,emergency,
I am convulsing please do not leave me alone,emergency,
I am convulsing please do not leave me alone at the earliest please.,emergency,
I am convulsing please do not leave me alone help me,emergency,
I am convulsing please do not leave me alone kindly help.,emergency,
I am convulsing please do not leave me alone please hurry,emergency,
I am coughing and blood is coming out please come,emergency,
I am coughing and blood is coming out please help.,emergency,
I am crying from the pain please come,emergency,
I am deteriorating fast please come I need help now.,emergency,
I am deteriorating fast please come please hurry,emergency,
I am drenched in sweat and the fever is very high,emergency,
I am drenched in sweat and the fever is very high is that possible?,emergency,
I am dry heaving and cannot stop as soon as possible.,emergency,
I am dry heaving and cannot stop at the earliest please.,emergency,
I am feeling very woozy I think I will pass out,emergency,
I am feeling very woozy I think I will pass out someone come please,emergency,
I am fitting please hold me and call help please help.,emergency,
I am gasping for air please come please help.,emergency,
I am having a dizzy spell and I cannot stand please do not delay.,emergency,
I am having a reaction to the medicine,emergency,
I am having a seizure episode please come as soon as possible.,emergency,
I am having a seizure episode please come someone come please,emergency,
I am having a severe allergic reaction my throat feels tight,emergency,
I am having a severe allergic reaction my throat feels tight please come quickly.,emergency,
I am having palpitations and chest pain together,emergency,
I am having trouble swallowing my throat is closing,emergency,
I am having trouble swallowing my throat is closing I would really appreciate it.,emergency,
I am having trouble swallowing my throat is closing can you help?,emergency,
I am having trouble swallowing my throat is closing please help.,emergency,
I am having trouble swallowing my throat is closing this is urgent.,emergency,
I am hyperventilating and I cannot stop can you help?,emergency,
I am in a critical condition please send help can you help?,emergency,
I am in a very bad state please come,emergency,
I am in a very bad state please come please help.,emergency,
I am in a very bad state please come someone come please,emergency,
I am in excruciating pain please help I would really appreciate it.,emergency,
I am in excruciating pain please help please come,emergency,
I am in excruciating pain please help please hurry,emergency,
I am in so much pain I cannot speak properly I need help now.,emergency,
I am in terrible pain and I am scared,emergency,
I am in terrible pain and I am scared can you help?,emergency,
I am itching all over and my throat feels tight,emergency,
I am itching all over and my throat feels tight at the earliest please.,emergency,
I am itching all over and my throat feels tight please help,emergency,
I am itching all over and my throat feels tight this is urgent.,emergency,
I am passing blood in my urine please come,emergency,
I am passing blood in my urine please come is that possible?,emergency,
I am projectile vomiting and I feel terrible,emergency,
I am projectile vomiting and I feel terrible please come,emergency,
I am projectile vomiting and I feel terrible please do not delay.,emergency,
I am screaming in agony please someone help,emergency,
I am screaming in agony please someone help me,emergency,
I am shaking from the pain it is too much can you help?,emergency,
I am shaking from the pain it is too much kindly help.,emergency,
I am shivering and shaking please help me help me,emergency,
I am shivering and shaking please help me is that possible?,emergency,
I am shivering and shaking please help me it is very serious.,emergency,
I am shivering and shaking please help me please come quickly.,emergency,
I am shivering with high fever please send someone please come,emergency,
I am shivering with high fever please send someone this is urgent.,emergency,
I am struggling to breathe can you help?,emergency,
I am struggling to breathe help me,emergency,
I am struggling to breathe please come,emergency,
I am turning blue I cannot breathe please help.,emergency,
I am vomiting and feeling extremely dehydrated,emergency,
I am vomiting and feeling extremely dehydrated I would really appreciate it.,emergency,
I am vomiting and feeling extremely dehydrated please come,emergency,
I am vomiting and there is blood in it I need help now.,emergency,
I am vomiting blood please come quickly,emergency,
I am vomiting blood please come quickly kindly help.,emergency,
I am vomiting blood please come quickly someone come please,emergency,
I am vomiting uncontrollably please help,emergency,
I am vomiting uncontrollably please help I would really appreciate it.,emergency,
I am vomiting uncontrollably please help it is very serious.,emergency,
I am vomiting uncontrollably please help please do not delay.,emergency,
I am wheezing very badly right now,emergency,
I bit my tongue during the shaking episode,emergency,
I blacked out for a few seconds just now,emergency,
I broke out in hives and I am having trouble breathing,emergency,
I broke out in hives and I am having trouble breathing please come quickly.,emergency,
I can't get any air in,emergency,
I can't get any air in please come,emergency,
I cannot breathe at all,emergency,
I cannot catch my breath it keeps getting worse,emergency,
I cannot catch my breath it keeps getting worse as soon as possible.,emergency,
I cannot control one side of my body kindly help.,emergency,
I cannot grip anything with my left hand please do not delay.,emergency,
I cannot hold any water down please help me,emergency,
I cannot hold any water down please help me please come,emergency,
I cannot hold any water down please help me please do not delay.,emergency,
I cannot hold any water down please help me please help.,emergency,
I cannot hold any water down please help me this is urgent.,emergency,
I cannot inhale properly something is wrong,emergency,
I cannot inhale properly something is wrong as soon as possible.,emergency,
I cannot keep anything down and I feel very weak,emergency,
I cannot keep anything down and I feel very weak I need help now.,emergency,
I cannot keep anything down and I feel very weak I would really appreciate it.,emergency,
I cannot keep my eyes open I am losing consciousness,emergency,
I cannot keep my eyes open I am losing consciousness I would really appreciate it.,emergency,
I cannot lie down the chest pain gets worse,emergency,
I cannot lie down the chest pain gets worse help me,emergency,
I cannot lie down the chest pain gets worse thank you.,emergency,
I cannot move my left arm or leg,emergency,
I cannot move my left arm or leg as soon as possible.,emergency,
I cannot move my left arm or leg it is very serious.,emergency,
I cannot move my left arm suddenly please help please hurry,emergency,
I cannot see clearly everything is blurry suddenly,emergency,
I cannot see clearly everything is blurry suddenly please come,emergency,
I cannot speak properly my words are jumbled as soon as possible.,emergency,
I cannot speak properly my words are jumbled please come quickly.,emergency,
I cannot stop shaking and I feel very cold as soon as possible.,emergency,
I cannot stop shaking and I feel very cold is that possible?,emergency,
I cannot stop throwing up please come please come,emergency,
I cannot stop throwing up please come please help,emergency,
I cannot take this pain anymore this is urgent.,emergency,
I cannot understand what people are saying suddenly,emergency,
I collapsed in the corridor please help,emergency,
I collapsed in the corridor please help can you help?,emergency,
I collapsed trying to walk on my own please help,emergency,
I collapsed trying to walk on my own thank you.,emergency,
I cut myself and it won't stop bleeding,emergency,
I fainted and hit my head on the floor,emergency,
I feel a seizure coming on please help,emergency,
I feel a seizure coming on please help me,emergency,
I feel a seizure coming on please help thank you.,emergency,
I feel a squeezing pressure in my chest this is urgent.,emergency,
I feel a sudden severe headache,emergency,
I feel anaphylaxis coming on please help me now,emergency,
I feel anaphylaxis coming on please help me now help me,emergency,
I feel disoriented and cannot remember where I am,emergency,
I feel disoriented and cannot remember where I am at the earliest please.,emergency,
I feel extremely hot and my temperature keeps rising,emergency,
I feel extremely hot and my temperature keeps rising at the earliest please.,emergency,
I feel extremely hot and my temperature keeps rising help me,emergency,
I feel extremely hot and my temperature keeps rising please come quickly.,emergency,
I feel extremely hot and my temperature keeps rising please help.,emergency,
I feel extremely lightheaded I might pass out,emergency,
I feel heavy pressure on my chest like a weight please come quickly.,emergency,
I feel like I am about to faint again,emergency,
I feel like I am about to faint again please come,emergency,
I feel like I am drowning I cannot breathe,emergency,
I feel like I am dying please help me thank you.,emergency,
I feel like I am going to faint,emergency,
I feel like I am going to faint someone come please,emergency,
I feel like I am suffocating,emergency,
I feel like I will choke on my vomit please help,emergency,
I feel like I will choke on my vomit please help.,emergency,
I feel like my bones are breaking from the pain please hurry,emergency,
I feel like my lungs are being crushed,emergency,
I feel like my throat is being squeezed shut,emergency,
I feel like my throat is being squeezed shut thank you.,emergency,
I feel like something is stuck in my throat I cannot breathe please help.,emergency,
I feel my airway closing up after the injection is that possible?,emergency,
I feel paralyzed on one side,emergency,
I feel suffocated please someone come I would really appreciate it.,emergency,
I feel suffocated please someone come this is urgent.,emergency,
I feel tightness in my throat after eating,emergency,
I feel tightness in my throat after eating I would really appreciate it.,emergency,
I feel very dizzy I might fall,emergency,
I feel very unsteady and about to fall,emergency,
I feel very unsteady and about to fall can you help?,emergency,
I feel very unsteady and about to fall help me,emergency,
I feel weak on the right side of my body,emergency,
I feel weak on the right side of my body please help.,emergency,
I fell against the bedside table and hurt my ribs,emergency,
I fell against the bedside table and hurt my ribs can you help?,emergency,
I fell against the bedside table and hurt my ribs help me,emergency,
I fell and I cannot feel my legs,emergency,
I fell and I cannot feel my legs at the earliest please.,emergency,
I fell and I think I hurt my head I need help now.,emergency,
I fell and I think I hurt my head help me,emergency,
I fell and my arm might be broken,emergency,
I fell and my arm might be broken someone come please,emergency,
I fell and there is a bump on my head,emergency,
I fell and there is a bump on my head help me,emergency,
I fell and there is a bump on my head please come quickly.,emergency,
I fell and there is a bump on my head please help,emergency,
I fell backwards and hit my spine kindly help.,emergency,
I fell down and cannot get up,emergency,
I fell down and cannot get up this is urgent.,emergency,
I fell down from the bed help me,emergency,
I fell down from the bed please help,emergency,
I fell down from the bed please hurry,emergency,
I fell down from the bed someone come please,emergency,
I fell face first on the floor please do not delay.,emergency,
I fell sideways and my hip is in terrible pain please come,emergency,
I fell sideways and my hip is in terrible pain please come quickly.,emergency,
I fell while trying to use the commode,emergency,
I fell while walking to the bathroom,emergency,
I felt a jolt and then everything started shaking,emergency,
I had a convulsion and I am confused now I would really appreciate it.,emergency,
I had a convulsion and I am confused now as soon as possible.,emergency,
I had a seizure just now,emergency,
I had a seizure just now please do not delay.,emergency,
I had a seizure just now thank you.,emergency,
I have been vomiting bile please help me please help,emergency,
I have had a fever above 103 for the last two hours,emergency,
I have had a fever above 103 for the last two hours please come quickly.,emergency,
I have had a fever above 103 for the last two hours please do not delay.,emergency,
I have had a fever above 103 for the last two hours please help,emergency,
I have high fever and seizure please come it is very serious.,emergency,
I have high fever with chills and body ache,emergency,
I have rigors with high fever please come fast I need help now.,emergency,
I have rigors with high fever please come fast as soon as possible.,emergency,
I have severe chest pain,emergency,
I just fell in the bathroom,emergency,
I just fell out of bed please send someone quickly,emergency,
I just had a blackout episode please come,emergency,
I just had a blackout episode please come please come quickly.,emergency,
I just had a blackout episode please come thank you.,emergency,
I just had an episode where my body went stiff then started shaking,emergency,
I just had an episode where my body went stiff then started shaking please come,emergency,
I keep coughing and cannot breathe in between please do not delay.,emergency,
I keep feeling faint every time I try to sit up,emergency,
I keep feeling faint every time I try to sit up I need help now.,emergency,
I lost balance and fell near the door,emergency,
I lost feeling in my right hand suddenly please come quickly.,emergency,
I lost vision in one eye please help,emergency,
I lost vision in one eye please help at the earliest please.,emergency,
I lost vision in one eye please help is that possible?,emergency,
I nearly fainted while walking please help,emergency,
I need emergency help right now,emergency,
I need emergency help right now is that possible?,emergency,
I need help immediately this is life threatening please come,emergency,
I need help immediately this is life threatening this is urgent.,emergency,
I need the crash cart please come fast,emergency,
I passed out briefly please check me is that possible?,emergency,
I pulled out the needle and now it is bleeding everywhere please hurry,emergency,
I rolled off the bed please help someone come please,emergency,
I see blood in my stool please come immediately,emergency,
I see blood in my stool please come immediately as soon as possible.,emergency,
I see blood in my stool please come immediately someone come please,emergency,
I slipped and fell please send someone,emergency,
I slipped and fell please send someone I need help now.,emergency,
I slipped getting out of bed and cannot move please help,emergency,
I slipped near the shower and hit my head,emergency,
I slipped near the shower and hit my head someone come please,emergency,
I slipped on the wet floor and fell,emergency,
I slipped on the wet floor and fell I would really appreciate it.,emergency,
I slipped on the wet floor and fell it is very serious.,emergency,
I stopped breathing for a few seconds just now,emergency,
I stopped breathing for a few seconds just now at the earliest please.,emergency,
I stopped breathing for a few seconds just now help me,emergency,
I think I am going into anaphylactic shock,emergency,
I think I am going into anaphylactic shock I need help now.,emergency,
I think I am going into anaphylactic shock at the earliest please.,emergency,
I think I am going into anaphylactic shock someone come please,emergency,
I think I am having a heart attack,emergency,
I think I am having a heart attack can you help?,emergency,
I think I am having a heart attack it is very serious.,emergency,
I think I am having an allergic reaction please come quickly.,emergency,
I think I am having an allergic reaction please help.,emergency,
I think my heart is failing please come,emergency,
I think my heart is failing please come I need help now.,emergency,
I think my heart is failing please come please do not delay.,emergency,
I threw up and there is blood in it,emergency,
I threw up and there is blood in it please help.,emergency,
I took the tablet and now my face is puffing up please hurry,emergency,
I tried to get up and fell on the floor,emergency,
I tried to stand and collapsed,emergency,
I tripped on the IV stand and fell please help.,emergency,
I tripped on the cord and fell hard I need help now.,emergency,
I vomited and there are streaks of blood,emergency,
I vomited and there are streaks of blood please do not delay.,emergency,
I vomited and there are streaks of blood please hurry,emergency,
I vomited and there are streaks of blood thank you.,emergency,
I vomited black substance please come immediately,emergency,
I vomited black substance please come immediately I need help now.,emergency,
I vomited black substance please come immediately as soon as possible.,emergency,
I vomited black substance please come immediately help me,emergency,
I vomited black substance please come immediately is that possible?,emergency,
I woke up and I cannot breathe kindly help.,emergency,
I woke up on the floor I think I fainted can you help?,emergency,
I woke up on the floor I think I fainted this is urgent.,emergency,
I woke up with severe chest pain help me,emergency,
IV pump has malfunctioned and fluid is flowing too fast it is very serious.,emergency,
Immediate medical attention needed please,emergency,
Immediate medical attention needed please hurry,emergency,
Immediate medical attention needed please thank you.,emergency,
Immediate medical attention needed please this is urgent.,emergency,
Just wanted to say Call the doctor now it is serious please come quickly.,emergency,
Just wanted to say Code blue please someone come at the earliest please.,emergency,
Just wanted to say Code blue please someone come please do not delay.,emergency,
Just wanted to say Dard sahaan nahi ho raha please jaldi aao,emergency,
Just wanted to say Double vision started suddenly please help please hurry,emergency,
Just wanted to say Fever spiked suddenly after the procedure it is very serious.,emergency,
Just wanted to say Half of my body feels numb please come thank you.,emergency,
Just wanted to say Heart attack aa help,emergency,
Just wanted to say Heart is beating too fast I feel scared please do not delay.,emergency,
Just wanted to say High grade fever with severe headache please come,emergency,
Just wanted to say Hives all over and throat tightening please help.,emergency,
Just wanted to say I am deteriorating fast please come help me,emergency,
Just wanted to say I am dry heaving and cannot stop please come quickly.,emergency,
Just wanted to say I am gasping for air please come at the earliest please.,emergency,
Just wanted to say I am having a bad reaction to the IV medication,emergency,
Just wanted to say I am having a severe allergic reaction my throat feels tight I would really appreciate it.,emergency,
Just wanted to say I am in a very bad state please come as soon as possible.,emergency,
Just wanted to say I am not going to make it please come now,emergency,
Just wanted to say I am shaking from the pain it is too much help me,emergency,
Just wanted to say I am shivering and shaking please help me at the earliest please.,emergency,
Just wanted to say I am vomiting and feeling extremely dehydrated kindly help.,emergency,
Just wanted to say I blacked out for a few seconds just now help me,emergency,
Just wanted to say I cannot control one side of my body thank you.,emergency,
Just wanted to say I cannot inhale properly something is wrong someone come please,emergency,
Just wanted to say I cannot keep anything down and I feel very weak,emergency,
Just wanted to say I cannot see clearly everything is blurry suddenly as soon as possible.,emergency,
Just wanted to say I cut myself and it won't stop bleeding this is urgent.,emergency,
Just wanted to say I feel a seizure coming on please help,emergency,
Just wanted to say I feel anaphylaxis coming on please help me now please help.,emergency,
Just wanted to say I feel extremely lightheaded I might pass out,emergency,
Just wanted to say I feel numbness spreading down one side as soon as possible.,emergency,
Just wanted to say I feel tightness in my throat after eating,emergency,
Just wanted to say I feel very dizzy I might fall please come quickly.,emergency,
Just wanted to say I fell and I think I hurt my head,emergency,
Just wanted to say I fell while walking to the bathroom can you help?,emergency,
Just wanted to say I had a seizure just now,emergency,
Just wanted to say I have never felt pain this bad before,emergency,
Just wanted to say I have rigors with high fever please come fast,emergency,
Just wanted to say I have rigors with high fever please come fast it is very serious.,emergency,
Just wanted to say I keep coughing and cannot breathe in between this is urgent.,emergency,
Just wanted to say I lost feeling in my right hand suddenly is that possible?,emergency,
Just wanted to say I passed out briefly please check me as soon as possible.,emergency,
Just wanted to say I rolled off the bed please help,emergency,
Just wanted to say I think I am having a heart attack someone come please,emergency,
Just wanted to say I threw up and there is blood in it is that possible?,emergency,
Just wanted to say I tried to get up and fell on the floor someone come please,emergency,
Just wanted to say I vomited black substance please come immediately,emergency,
Just wanted to say Immediate medical attention needed please can you help?,emergency,
Just wanted to say Kidney stone pain has come back and it is worse,emergency,
Just wanted to say My IV has come out and it is bleeding please come quickly.,emergency,
Just wanted to say My body is shaking uncontrollably kindly help.,emergency,
Just wanted to say My child has a very high fever please come kindly help.,emergency,
Just wanted to say My condition is getting worse by the second as soon as possible.,emergency,
Just wanted to say My condition is getting worse by the second help me,emergency,
Just wanted to say My dressing is completely soaked in blood please come,emergency,
Just wanted to say My face and lips are swelling up at the earliest please.,emergency,
Just wanted to say My face and lips are swelling up please come quickly.,emergency,
Just wanted to say My gums are bleeding and will not stop as soon as possible.,emergency,
Just wanted to say My head is spinning and I cannot see straight someone come please,emergency,
Just wanted to say My head is spinning and I cannot see straight this is urgent.,emergency,
Just wanted to say My joint pain is so bad I cannot move at all kindly help.,emergency,
Just wanted to say My life support machine is beeping red alarm,emergency,
Just wanted to say My nose is blocked and I cannot breathe through my mouth I need help now.,emergency,
Just wanted to say My oxygen saturation monitor is showing dangerously low this is urgent.,emergency,
Just wanted to say My oxygen tube came off and I am struggling to breathe please help,emergency,
Just wanted to say My roommate has fainted please come immediately can you help?,emergency,
Just wanted to say My tongue is swelling up I cannot breathe please help,emergency,
Just wanted to say Nasal bleeding won't stop it has been going on please hurry,emergency,
Just wanted to say Nothing is helping with the pain I need a doctor now,emergency,
Just wanted to say Pain in my chest is shooting down my left arm at the earliest please.,emergency,
Just wanted to say Pain medication is not working at all I need help now,emergency,
Just wanted to say Please hurry the pain is getting worse every second please help.,emergency,
Just wanted to say Romba vali irukku udhavi seyyungal,emergency,
Just wanted to say Romba vali irukku udhavi seyyungal someone come please,emergency,
Just wanted to say Seizure attack please someone come immediately,emergency,
Just wanted to say Seizure attack please someone come immediately it is very serious.,emergency,
Just wanted to say Severe bleeding from my stomach area as soon as possible.,emergency,
Just wanted to say Severe pain in my lower back I cannot move,emergency,
Just wanted to say Sharp chest pain when I inhale,emergency,
Just wanted to say Sudden dizziness and I almost collapsed,emergency,
Just wanted to say Sudden dizziness and I almost collapsed help me,emergency,
Just wanted to say Temperature is 105 this is an emergency it is very serious.,emergency,
Just wanted to say Tez bukhar hai aur body kaamp rahi hai please come,emergency,
Just wanted to say The fever is making me hallucinate please help,emergency,
Just wanted to say The nerve pain is shooting through my entire body kindly help.,emergency,
Just wanted to say The oxygen concentrator is making a strange noise and stopped this is urgent.,emergency,
Just wanted to say The pain is so severe I cannot handle it I need help now.,emergency,
Just wanted to say The patient next to me has dangerously high fever can you help?,emergency,
Just wanted to say The vomiting will not stop I am losing fluids please come quickly.,emergency,
Just wanted to say There is dark blood in my vomit please hurry,emergency,
Just wanted to say There is internal bleeding I can feel it this is urgent.,emergency,
Just wanted to say Throat is closing up please help,emergency,
Just wanted to say Tremors have started again please come check is that possible?,emergency,
Just wanted to say Violent vomiting after the medication please come please come quickly.,emergency,
Just wanted to say Vomiting continuously since the last hour thank you.,emergency,
Kidney stone pain has come back and it is worse as soon as possible.,emergency,
Kidney stone pain has come back and it is worse please do not delay.,emergency,
Koi hai please mujhe bachao,emergency,
Koi hai please mujhe bachao is that possible?,emergency,
Left side chest pain radiating to my jaw,emergency,
Life-threatening situation please hurry I need help now.,emergency,
Life-threatening situation please hurry please help,emergency,
My BiPAP machine has stopped working,emergency,
My BiPAP machine has stopped working kindly help.,emergency,
My BiPAP machine has stopped working please do not delay.,emergency,
My airway feels blocked please hurry,emergency,
My airway feels blocked please hurry please come quickly.,emergency,
My arm went limp suddenly I cannot lift it I would really appreciate it.,emergency,
My arm went limp suddenly I cannot lift it at the earliest please.,emergency,
My arms and legs are twitching violently at the earliest please.,emergency,
My balance is gone I cannot walk straight,emergency,
My balance is gone I cannot walk straight I would really appreciate it.,emergency,
My balance is gone I cannot walk straight thank you.,emergency,
My body is shaking uncontrollably,emergency,
My body is shaking uncontrollably this is urgent.,emergency,
My breathing has stopped help thank you.,emergency,
My catheter is causing severe pain and there is blood I need help now.,emergency,
My catheter is causing severe pain and there is blood can you help?,emergency,
My catheter is causing severe pain and there is blood please hurry,emergency,
My chest feels like it is on fire,emergency,
My chest is hurting so much,emergency,
My chest is hurting so much please help,emergency,
My chest is hurting so much this is urgent.,emergency,
My chest is so tight I can barely breathe at the earliest please.,emergency,
My chest is so tight I can barely breathe please help,emergency,
My chest is very tight I can't breathe,emergency,
My child has a very high fever please come,emergency,
My child has a very high fever please come I would really appreciate it.,emergency,
My child has a very high fever please come kindly help.,emergency,
My child has a very high fever please come please come,emergency,
My child is having a seizure in the pediatric ward,emergency,
My child is having a seizure in the pediatric ward it is very serious.,emergency,
My child is having a seizure in the pediatric ward thank you.,emergency,
My condition is getting worse by the second,emergency,
My condition is getting worse by the second I would really appreciate it.,emergency,
My condition is getting worse by the second help me,emergency,
My eyes are swelling shut after the medication,emergency,
My eyes are swelling shut after the medication at the earliest please.,emergency,
My eyes are swelling shut after the medication kindly help.,emergency,
My eyes are swelling shut after the medication thank you.,emergency,
My face and lips are swelling up,emergency,
My face and lips are swelling up help me,emergency,
My face feels frozen on one side as soon as possible.,emergency,
My face feels frozen on one side can you help?,emergency,
My fever has suddenly gone very high,emergency,
My fever has suddenly gone very high please come,emergency,
My fever has suddenly gone very high please help,emergency,
My gums are bleeding and will not stop,emergency,
My hands and feet are swelling after the injection,emergency,
My hands and feet are swelling after the injection I need help now.,emergency,
My head is spinning and I cannot see straight,emergency,
My head is spinning and I cannot see straight please do not delay.,emergency,
My heart feels like it stopped for a second I need help now.,emergency,
My heart is pounding and I feel faint,emergency,
My heart is racing uncontrollably,emergency,
My heart is racing uncontrollably can you help?,emergency,
My joint pain is so bad I cannot move at all I need help now.,emergency,
My leg wound is gushing blood it is very serious.,emergency,
My legs are jerking uncontrollably,emergency,
My legs gave way and I fell,emergency,
My legs gave way and I fell please come,emergency,
My legs gave way and I fell please do not delay.,emergency,
My life support machine is beeping red alarm as soon as possible.,emergency,
My life support machine is beeping red alarm at the earliest please.,emergency,
My life support machine is beeping red alarm please help,emergency,
My life support machine is beeping red alarm please hurry,emergency,
My lips are turning blue and swelling,emergency,
My mouth is drooping and I am drooling at the earliest please.,emergency,
My mouth is drooping and I am drooling can you help?,emergency,
My mouth is drooping and I am drooling please come,emergency,
My nose will not stop bleeding,emergency,
My nose will not stop bleeding it is very serious.,emergency,
My nose will not stop bleeding please hurry,emergency,
My oxygen mask fell off I can't breathe help me,emergency,
My oxygen mask fell off I can't breathe is that possible?,emergency,
My oxygen mask fell off I can't breathe it is very serious.,emergency,
My oxygen saturation monitor is showing dangerously low can you help?,emergency,
My oxygen supply has been cut off help,emergency,
My oxygen supply has been cut off help as soon as possible.,emergency,
My oxygen supply has been cut off help thank you.,emergency,
My pain is a 10 out of 10 please help,emergency,
My roommate has fainted please come immediately kindly help.,emergency,
My skin is burning and covered in red patches,emergency,
My skin is burning and covered in red patches thank you.,emergency,
My skin is covered in hives and I feel dizzy please do not delay.,emergency,
My skin is covered in hives and I feel dizzy thank you.,emergency,
My speech is slurred and I feel confused,emergency,
My speech is slurred and I feel confused please come quickly.,emergency,
My stomach is cramping and I keep vomiting as soon as possible.,emergency,
My stomach is cramping and I keep vomiting please come quickly.,emergency,
My stomach is cramping and I keep vomiting please help.,emergency,
My surgical wound has started bleeding heavily,emergency,
My surgical wound has started bleeding heavily kindly help.,emergency,
My temperature has spiked to 104 please come as soon as possible.,emergency,
My temperature will not come down please help,emergency,
My throat is closing I cannot get air,emergency,
My throat is closing I cannot get air help me,emergency,
My throat is swelling I can't swallow,emergency,
My throat is swelling I can't swallow at the earliest please.,emergency,
My throat is swelling I can't swallow please come,emergency,
My throat is swelling I can't swallow please do not delay.,emergency,
My tongue is swelling up I cannot breathe,emergency,
My vision has gone blurry all of a sudden please help it is very serious.,emergency,
My vision has gone blurry all of a sudden please help please come,emergency,
My vision has gone blurry all of a sudden please help.,emergency,
My vision is going dark I think I am fainting please do not delay.,emergency,
My vision is going dark I think I am fainting please hurry,emergency,
My whole body is in severe pain,emergency,
My whole body is in severe pain please help,emergency,
My whole body is in severe pain please hurry,emergency,
My whole body is trembling and I cannot control it I need help now.,emergency,
My whole body is trembling and I cannot control it can you help?,emergency,
My wound burst open and is bleeding heavily as soon as possible.,emergency,
My wound burst open and is bleeding heavily it is very serious.,emergency,
Nothing is helping with the pain I need a doctor now can you help?,emergency,
Nothing is helping with the pain I need a doctor now help me,emergency,
One side of my face is drooping,emergency,
One side of my face is drooping kindly help.,emergency,
Oxygen level is dropping I feel very breathless,emergency,
Oxygen level is dropping I feel very breathless help me,emergency,
Oxygen level is dropping I feel very breathless please come quickly.,emergency,
Oxygen nahi mil raha please help,emergency,
Oxygen nahi mil raha please help please hurry,emergency,
Oxygen nahi mil raha please help.,emergency,
Pain in my chest is shooting down my left arm,emergency,
Pain is spreading from my chest to my arm,emergency,
Pain is spreading from my chest to my arm please do not delay.,emergency,
Pain medication is not working at all I need help now it is very serious.,emergency,
Please Bahut dard hai please koi aao I would really appreciate it.,emergency,
Please Chest pain started suddenly while lying down kindly help.,emergency,
Please Chest pain very bad please come now help me,emergency,
Please Chest tightness is increasing rapidly,emergency,
Please Constant vomiting and severe stomach pain,emergency,
Please Convulsion ho gaya hai please jaldi aao,emergency,
Please Emergency alarm on my bedside monitor please respond,emergency,
Please Emergency please the pain is too much help me,emergency,
Please Every breath is painful please come fast I need help now.,emergency,
Please Feeling very faint and weak suddenly help me,emergency,
Please Fever spiked suddenly after the procedure someone come please,emergency,
Please Fever with uncontrollable shivering please come this is urgent.,emergency,
Please Haath pair mein feeling nahi aa rahi thank you.,emergency,
Please Heart attack aa help,emergency,
Please Help me help me I am dying,emergency,
Please High fever and convulsions please come fast,emergency,
Please High fever caused a fit please come immediately,emergency,
Please I am begging please come and help me please help.,emergency,
Please I am burning up with very high fever please do not delay.,emergency,
Please I am crying from the pain please come please come quickly.,emergency,
Please I am dry heaving and cannot stop,emergency,
Please I am dry heaving and cannot stop as soon as possible.,emergency,
Please I am feeling very woozy I think I will pass out,emergency,
Please I am having a dizzy spell and I cannot stand I would really appreciate it.,emergency,
Please I am itching all over and my throat feels tight can you help?,emergency,
Please I am losing a lot of blood please help this is urgent.,emergency,
Please I am losing consciousness please help me,emergency,
Please I am vomiting and feeling extremely dehydrated please hurry,emergency,
Please I am vomiting uncontrollably please help please hurry,emergency,
Please I am writhing in pain please do something,emergency,
Please I cannot breathe at all,emergency,
Please I cannot grip anything with my left hand please come quickly.,emergency,
Please I cannot speak properly my words are jumbled at the earliest please.,emergency,
Please I cannot take this pain anymore is that possible?,emergency,
Please I feel like I am suffocating please help.,emergency,
Please I feel numbness spreading down one side,emergency,
Please I feel unconscious please help can you help?,emergency,
Please I feel unconscious please help please hurry,emergency,
Please I feel unconscious please help.,emergency,
Please I fell against the bedside table and hurt my ribs,emergency,
Please I fell against the bedside table and hurt my ribs it is very serious.,emergency,
Please I fell sideways and my hip is in terrible pain I would really appreciate it.,emergency,
Please I fell sideways and my hip is in terrible pain it is very serious.,emergency,
Please I fell sideways and my hip is in terrible pain please help,emergency,
Please I fell while trying to use the commode help me,emergency,
Please I fell while walking to the bathroom please help,emergency,
Please I felt a jolt and then everything started shaking please come,emergency,
Please I had a seizure just now help me,emergency,
Please I just had an episode where my body went stiff then started shaking please do not delay.,emergency,
Please I keep drifting in and out of consciousness,emergency,
Please I keep feeling faint every time I try to sit up at the earliest please.,emergency,
Please I lost feeling in my right hand suddenly kindly help.,emergency,
Please I need the crash cart please come fast at the earliest please.,emergency,
Please I need the crash cart please come fast someone come please,emergency,
Please I need the crash cart please come fast thank you.,emergency,
Please I slipped getting out of bed and cannot move as soon as possible.,emergency,
Please I slipped near the shower and hit my head,emergency,
Please I stopped breathing for a few seconds just now it is very serious.,emergency,
Please I think I am going into anaphylactic shock please help.,emergency,
Please I took the tablet and now my face is puffing up,emergency,
Please I tumbled while trying to reach the call bell please come,emergency,
Please IV pump has malfunctioned and fluid is flowing too fast,emergency,
Please Immediate medical attention needed please,emergency,
Please Immediate medical attention needed please help.,emergency,
Please Koi hai please mujhe bachao,emergency,
Please Left side chest pain radiating to my jaw,emergency,
Please My airway feels blocked please hurry this is urgent.,emergency,
Please My arm went limp suddenly I cannot lift it,emergency,
Please My chest pain is getting worse with every breath can you help?,emergency,
Please My condition is getting worse by the second please help.,emergency,
Please My dressing is completely soaked in blood please help.,emergency,
Please My fever has suddenly gone very high,emergency,
Please My heart is racing uncontrollably please come,emergency,
Please My joint pain is so bad I cannot move at all please come quickly.,emergency,
Please My life support machine is beeping red alarm as soon as possible.,emergency,
Please My mouth is drooping and I am drooling at the earliest please.,emergency,
Please My nose is blocked and I cannot breathe through my mouth please help,emergency,
Please My nose will not stop bleeding please help,emergency,
Please My skin is burning and covered in red patches,emergency,
Please My speech is slurred and I feel confused,emergency,
Please My surgical wound has started bleeding heavily,emergency,
Please My temperature will not come down please help can you help?,emergency,
Please My whole body is in severe pain,emergency,
Please Nothing is helping with the pain I need a doctor now I need help now.,emergency,
Please Red welts are appearing all over my body thank you.,emergency,
Please Severe headache with vision changes please come help me,emergency,
Please Severe tightness in chest and I am sweating help me,emergency,
Please Sudden dizziness and I almost collapsed,emergency,
Please Sudden numbness in my face and arm I would really appreciate it.,emergency,
Please Temperature is 105 this is an emergency I would really appreciate it.,emergency,
Please The cardiac monitor shows irregular readings please come,emergency,
Please The cardiac monitor shows irregular readings please come this is urgent.,emergency,
Please The fever is making me hallucinate please help this is urgent.,emergency,
Please The monitor alarm is beeping loudly please come,emergency,
Please The pain is so severe I cannot handle it please come,emergency,
Please The patient next to me has dangerously high fever is that possible?,emergency,
Please The stitches have opened and it is bleeding I would really appreciate it.,emergency,
Please The suction device failed and I am choking,emergency,
Please There is a stabbing pain in my heart area is that possible?,emergency,
Please There is blood on my pillow from my ear,emergency,
Please There is blood on my pillow from my ear I would really appreciate it.,emergency,
Please There is blood on my pillow from my ear please hurry,emergency,
Please Unbearable pain please send someone immediately please hurry,emergency,
Please Ventilator pressure alarm please come immediately thank you.,emergency,
Please Vomiting continuously since the last hour,emergency,
Please Worst pain I have ever felt in my life please come,emergency,
Please come my breathing is very labored,emergency,
Please come right now I am in trouble,emergency,
Please come the pain is killing me,emergency,
Please hurry the pain is getting worse every second as soon as possible.,emergency,
Please hurry the pain is getting worse every second help me,emergency,
Please hurry the pain is getting worse every second please help.,emergency,
Please hurry this is very urgent,emergency,
Please hurry this is very urgent please do not delay.,emergency,
Please hurry this is very urgent please help.,emergency,
Please someone come I am in danger,emergency,
Post-surgery bleeding is very heavy please come,emergency,
Post-surgery bleeding is very heavy please come please hurry,emergency,
Rectal bleeding please someone come fast,emergency,
Rectal bleeding please someone come fast please come quickly.,emergency,
Red welts are appearing all over my body,emergency,
Respiratory distress please send someone immediately please do not delay.,emergency,
Romba vali irukku udhavi seyyungal please do not delay.,emergency,
SOS please someone respond at the earliest please.,emergency,
SOS please someone respond please do not delay.,emergency,
Saans nahi aa raha mujhe please come,emergency,
Seene mein bahut dard ho raha hai as soon as possible.,emergency,
Seene mein bahut dard ho raha hai please come,emergency,
Seene mein bahut dard ho raha hai please do not delay.,emergency,
Seizure attack please someone come immediately,emergency,
Severe bleeding from my stomach area thank you.,emergency,
Severe headache with vision changes please come please hurry,emergency,
Severe nausea and vomiting please send someone,emergency,
Severe nausea and vomiting please send someone as soon as possible.,emergency,
Severe nausea and vomiting please send someone please help,emergency,
Severe nausea and vomiting please send someone please hurry,emergency,
Severe pain in my lower back I cannot move please come,emergency,
Severe tightness in chest and I am sweating I need help now.,emergency,
Somebody help me please this is critical,emergency,
Somebody please come this cannot wait it is very serious.,emergency,
Somebody please come this cannot wait please come,emergency,
Something has gone wrong please send the doctor,emergency,
Something has gone wrong please send the doctor thank you.,emergency,
Something in the drip is causing a reaction please stop it,emergency,
Something in the drip is causing a reaction please stop it can you help?,emergency,
Something in the drip is causing a reaction please stop it kindly help.,emergency,
Sudden confusion and I cannot recognize anyone help me,emergency,
Sudden numbness in my face and arm is that possible?,emergency,
Temperature is 105 this is an emergency I need help now.,emergency,
Temperature is 105 this is an emergency I would really appreciate it.,emergency,
Tez bukhar hai aur body kaamp rahi hai,emergency,
Tez bukhar hai aur body kaamp rahi hai at the earliest please.,emergency,
Tez bukhar hai aur body kaamp rahi hai it is very serious.,emergency,
The bone pain is unbearable please send someone as soon as possible.,emergency,
The bone pain is unbearable please send someone please do not delay.,emergency,
The bone pain is unbearable please send someone thank you.,emergency,
The cardiac monitor shows irregular readings please come,emergency,
The cardiac monitor shows irregular readings please come help me,emergency,
The cardiac monitor shows irregular readings please come please help,emergency,
The defibrillator alarm is going off,emergency,
The defibrillator alarm is going off can you help?,emergency,
The defibrillator alarm is going off thank you.,emergency,
The dialysis machine has stopped please come urgently,emergency,
The dialysis machine has stopped please come urgently kindly help.,emergency,
The drip needle fell out and blood is coming help me,emergency,
The feeding tube pump is alarming critically,emergency,
The feeding tube pump is alarming critically I would really appreciate it.,emergency,
The fever is making me hallucinate please help,emergency,
The fever is making me hallucinate please help I need help now.,emergency,
The fever is making me hallucinate please help I would really appreciate it.,emergency,
The fever is making me hallucinate please help thank you.,emergency,
The headache is so intense I feel like my head will burst,emergency,
The heart monitor flatlined please check is that possible?,emergency,
The heart monitor flatlined please check thank you.,emergency,
The infusion pump stopped and my medication is not going in,emergency,
The infusion pump stopped and my medication is not going in I need help now.,emergency,
The infusion pump stopped and my medication is not going in can you help?,emergency,
The monitor alarm is beeping loudly please come someone come please,emergency,
The nausea is so bad I cannot open my eyes,emergency,
The nausea is so bad I cannot open my eyes it is very serious.,emergency,
The nausea is so bad I cannot open my eyes please come,emergency,
The nerve pain is shooting through my entire body,emergency,
The nerve pain is shooting through my entire body as soon as possible.,emergency,
The oxygen concentrator is making a strange noise and stopped,emergency,
The oxygen concentrator is making a strange noise and stopped I need help now.,emergency,
The oxygen concentrator is making a strange noise and stopped I would really appreciate it.,emergency,
The oxygen concentrator is making a strange noise and stopped can you help?,emergency,
The oxygen concentrator is making a strange noise and stopped help me,emergency,
The oxygen flow meter broke I am not getting air,emergency,
The oxygen flow meter broke I am not getting air kindly help.,emergency,
The oxygen flow meter broke I am not getting air please come,emergency,
The pain after surgery has suddenly become extreme please help.,emergency,
The pain hit me suddenly and it is unbearable,emergency,
The pain hit me suddenly and it is unbearable I would really appreciate it.,emergency,
The pain is making me scream please help as soon as possible.,emergency,
The pain is so severe I cannot handle it thank you.,emergency,
The patient in the next bed is having a fit please help.,emergency,
The shaking will not stop please help me it is very serious.,emergency,
The stitches have opened and it is bleeding at the earliest please.,emergency,
The stitches have opened and it is bleeding kindly help.,emergency,
The suction device failed and I am choking please do not delay.,emergency,
The ventilator has stopped working please come,emergency,
The ventilator has stopped working please come I need help now.,emergency,
The ventilator has stopped working please come as soon as possible.,emergency,
The ventilator has stopped working please come someone come please,emergency,
The ventilator has stopped working please come thank you.,emergency,
The ventilator has stopped working please come this is urgent.,emergency,
The ventilator tube has come out please help please hurry,emergency,
The vomiting will not stop I am losing fluids,emergency,
The vomiting will not stop I am losing fluids I would really appreciate it.,emergency,
The vomiting will not stop I am losing fluids help me,emergency,
The vomiting will not stop I am losing fluids is that possible?,emergency,
The vomiting will not stop I am losing fluids please come,emergency,
The wound is hemorrhaging please send help now,emergency,
The wound is hemorrhaging please send help now it is very serious.,emergency,
There is a crushing pain in my chest please help,emergency,
There is a stabbing pain in my heart area help me,emergency,
There is blood in my vomit please help,emergency,
There is blood in my vomit please help thank you.,emergency,
There is blood on my pillow from my ear can you help?,emergency,
There is blood on my pillow from my ear it is very serious.,emergency,
There is blood soaking through my bandage please come,emergency,
There is dark blood in my vomit,emergency,
There is dark blood in my vomit at the earliest please.,emergency,
There is internal bleeding I can feel it,emergency,
There is internal bleeding I can feel it I need help now.,emergency,
This is an emergency do not delay,emergency,
This is an emergency do not delay at the earliest please.,emergency,
This is not normal something serious is happening,emergency,
This is not normal something serious is happening as soon as possible.,emergency,
This is not normal something serious is happening at the earliest please.,emergency,
Throat is closing up please help,emergency,
Throat is closing up please help please come quickly.,emergency,
Throat is closing up please help this is urgent.,emergency,
Tremors have started again please come check,emergency,
Tremors have started again please come check at the earliest please.,emergency,
Tremors have started again please come check is that possible?,emergency,
Tremors have started again please come check thank you.,emergency,
Udane vaanga please emergency please hurry,emergency,
Um Bahut dard hai please koi aao please hurry,emergency,
Um Blood everywhere please hurry please do not delay.,emergency,
Um Blood is pooling under my bandage this is urgent.,emergency,
Um Emergency please the pain is too much I need help now.,emergency,
Um Enakku swaasam varalai help pannga please do not delay.,emergency,
Um Feeling very faint and weak suddenly someone come please,emergency,
Um Fever is not coming down despite medication as soon as possible.,emergency,
Um Fever spiked suddenly after the procedure please do not delay.,emergency,
Um Heart is beating too fast I feel scared,emergency,
Um Help me I am not able to breathe please come,emergency,
Um I am afraid I am about to have another seizure,emergency,
Um I am convulsing please do not leave me alone,emergency,
Um I am coughing and blood is coming out,emergency,
Um I am fitting please hold me and call help it is very serious.,emergency,
Um I am in a very bad state please come kindly help.,emergency,
Um I am struggling to breathe,emergency,
Um I am very scared something is very wrong,emergency,
Um I am vomiting and there is blood in it is that possible?,emergency,
Um I cannot catch my breath it keeps getting worse please do not delay.,emergency,
Um I cannot control one side of my body at the earliest please.,emergency,
Um I cannot keep anything down and I feel very weak it is very serious.,emergency,
Um I cannot understand what people are saying suddenly,emergency,
Um I fainted and hit my head on the floor as soon as possible.,emergency,
Um I fainted and hit my head on the floor it is very serious.,emergency,
Um I feel a seizure coming on please help,emergency,
Um I feel a sudden severe headache I need help now.,emergency,
Um I feel disoriented and cannot remember where I am,emergency,
Um I feel extremely hot and my temperature keeps rising I would really appreciate it.,emergency,
Um I feel like I am dying please help me,emergency,
Um I feel like I will choke on my vomit please help,emergency,
Um I feel like I will choke on my vomit please help please come quickly.,emergency,
Um I feel like my throat is being squeezed shut this is urgent.,emergency,
Um I feel like something is stuck in my throat I cannot breathe thank you.,emergency,
Um I feel numbness spreading down one side I would really appreciate it.,emergency,
Um I feel paralyzed on one side thank you.,emergency,
Um I feel tightness in my throat after eating as soon as possible.,emergency,
Um I feel tightness in my throat after eating please come quickly.,emergency,
Um I feel unconscious please help can you help?,emergency,
Um I feel unconscious please help please come quickly.,emergency,
Um I feel very dizzy I might fall thank you.,emergency,
Um I fell and I think I hurt my head,emergency,
Um I fell off the wheelchair,emergency,
Um I fell while trying to use the commode,emergency,
Um I had a grand mal seizure please check me,emergency,
Um I had a seizure and I cannot remember what happened please help.,emergency,
Um I lost balance and fell near the door help me,emergency,
Um I need the crash cart please come fast,emergency,
Um I rolled off the bed please help,emergency,
Um I slipped getting out of bed and cannot move I would really appreciate it.,emergency,
Um I tried to get up and fell on the floor please come quickly.,emergency,
Um I tried to stand and collapsed please hurry,emergency,
Um I tripped on the IV stand and fell this is urgent.,emergency,
Um I tumbled while trying to reach the call bell this is urgent.,emergency,
Um I vomited and there are streaks of blood,emergency,
Um I vomited and there are streaks of blood thank you.,emergency,
Um I woke up with severe chest pain,emergency,
Um IV pump has malfunctioned and fluid is flowing too fast I would really appreciate it.,emergency,
Um Left side chest pain radiating to my jaw,emergency,
Um My BiPAP machine has stopped working it is very serious.,emergency,
Um My balance is gone I cannot walk straight can you help?,emergency,
Um My balance is gone I cannot walk straight please come quickly.,emergency,
Um My body is swelling up please help at the earliest please.,emergency,
Um My breathing has stopped help,emergency,
Um My child has a very high fever please come this is urgent.,emergency,
Um My dressing is completely soaked in blood I need help now.,emergency,
Um My head is spinning and I cannot see straight please do not delay.,emergency,
Um My life support machine is beeping red alarm,emergency,
Um My nose is blocked and I cannot breathe through my mouth I need help now.,emergency,
Um My nose will not stop bleeding can you help?,emergency,
Um My skin is burning and covered in red patches it is very serious.,emergency,
Um My speech is slurred and I feel confused,emergency,
Um My surgical wound has started bleeding heavily help me,emergency,
Um Pain in my chest is shooting down my left arm,emergency,
Um Pain medication is not working at all I need help now thank you.,emergency,
Um Please come right now I am in trouble,emergency,
Um Please come right now I am in trouble it is very serious.,emergency,
Um Please come right now I am in trouble please help.,emergency,
Um Respiratory distress please send someone immediately as soon as possible.,emergency,
Um Severe tightness in chest and I am sweating help me,emergency,
Um Sudden confusion and I cannot recognize anyone,emergency,
Um The abdominal pain is tearing me apart,emergency,
Um The bone pain is unbearable please send someone please come,emergency,
Um The cardiac monitor shows irregular readings please come I would really appreciate it.,emergency,
Um The cardiac monitor shows irregular readings please come please do not delay.,emergency,
Um The dialysis machine has stopped please come urgently,emergency,
Um The dialysis machine has stopped please come urgently as soon as possible.,emergency,
Um The nerve pain is shooting through my entire body thank you.,emergency,
Um The oxygen flow meter broke I am not getting air I would really appreciate it.,emergency,
Um The oxygen flow meter broke I am not getting air please come quickly.,emergency,
Um The pain hit me suddenly and it is unbearable help me,emergency,
Um There are hives spreading all over my chest and neck,emergency,
Um Uncontrollable spasms in my body please help,emergency,
Um Urgent help needed in my room please,emergency,
Um Vomiting continuously since the last hour kindly help.,emergency,
Uncontrollable spasms in my body please help,emergency,
Uncontrollable spasms in my body please help please come,emergency,
Urgent help needed in my room please help.,emergency,
Violent vomiting after the medication please come it is very serious.,emergency,
Vomiting continuously since the last hour,emergency,
Vomiting continuously since the last hour is that possible?,emergency,
Vomiting continuously since the last hour kindly help.,emergency,
Worst headache I have ever had suddenly it is very serious.,emergency,
Worst headache I have ever had suddenly thank you.,emergency,
Worst pain I have ever felt in my life,emergency,
Wound is bleeding very much,emergency,
Wound is bleeding very much I would really appreciate it.,emergency,
Wound is bleeding very much is that possible?,emergency,
actually Allergic reaction to the antibiotic please come fast can you help?,emergency,
actually Blood is coming out a lot help me,emergency,
actually Blood is dripping from my IV site this is urgent.,emergency,
actually Breathing is very painful right now someone come please,emergency,
actually Breathing problem la irukken,emergency,
actually Breathing problem la irukken as soon as possible.,emergency,
actually Fever with uncontrollable shivering please come,emergency,
actually Heart attack aa help can you help?,emergency,
actually Heart attack aa help please help,emergency,
actually Heart is beating too fast I feel scared,emergency,
actually Heart racing and I feel like I will collapse it is very serious.,emergency,
actually Help me help me I am dying is that possible?,emergency,
actually High fever and I am delirious please help as soon as possible.,emergency,
actually High fever and I am delirious please help please hurry,emergency,
actually I am afraid I am about to have another seizure,emergency,
actually I am afraid I am about to have another seizure kindly help.,emergency,
actually I am bleeding badly please come please come,emergency,
actually I am crying from the pain please come,emergency,
actually I am deteriorating fast please come kindly help.,emergency,
actually I am drenched in sweat and the fever is very high please help,emergency,
actually I am dry heaving and cannot stop I would really appreciate it.,emergency,
actually I am fitting please hold me and call help,emergency,
actually I am having a bad reaction to the IV medication this is urgent.,emergency,
actually I am having a reaction to the medicine I need help now.,emergency,
actually I am having trouble swallowing my throat is closing as soon as possible.,emergency,
actually I am in excruciating pain please help kindly help.,emergency,
actually I am in terrible pain and I am scared I would really appreciate it.,emergency,
actually I am losing a lot of blood please help,emergency,
actually I am projectile vomiting and I feel terrible help me,emergency,
actually I am shaking from the pain it is too much at the earliest please.,emergency,
actually I bit my tongue during the shaking episode thank you.,emergency,
actually I cannot hold any water down please help me I need help now.,emergency,
actually I cannot hold any water down please help me kindly help.,emergency,
actually I cannot keep my eyes open I am losing consciousness as soon as possible.,emergency,
actually I cannot walk my leg is not responding,emergency,
actually I collapsed in the corridor please help me,emergency,
actually I cut myself and it won't stop bleeding,emergency,
actually I fainted and hit my head on the floor please come,emergency,
actually I feel a seizure coming on please help,emergency,
actually I feel a seizure coming on please help at the earliest please.,emergency,
actually I feel a squeezing pressure in my chest can you help?,emergency,
actually I feel a squeezing pressure in my chest is that possible?,emergency,
actually I feel anaphylaxis coming on please help me now is that possible?,emergency,
actually I feel disoriented and cannot remember where I am,emergency,
actually I feel disoriented and cannot remember where I am please hurry,emergency,
actually I feel heavy pressure on my chest like a weight,emergency,
actually I feel like I will choke on my vomit please help it is very serious.,emergency,
actually I feel like something is stuck in my throat I cannot breathe please come quickly.,emergency,
actually I feel very unsteady and about to fall thank you.,emergency,
actually I fell and I cannot feel my legs,emergency,
actually I fell down from the bed help me,emergency,
actually I fell sideways and my hip is in terrible pain kindly help.,emergency,
actually I had a convulsion and I am confused now as soon as possible.,emergency,
actually I had a seizure just now,emergency,
actually I have high fever and seizure please come,emergency,
actually I have high fever and seizure please come kindly help.,emergency,
actually I have high fever with chills and body ache,emergency,
actually I have high fever with chills and body ache please do not delay.,emergency,
actually I have never felt pain this bad before please come,emergency,
actually I have severe chest pain,emergency,
actually I have severe chest pain please hurry,emergency,
actually I keep coughing and cannot breathe in between,emergency,
actually I keep coughing and cannot breathe in between please help,emergency,
actually I keep feeling faint every time I try to sit up please hurry,emergency,
actually I lost feeling in my right hand suddenly thank you.,emergency,
actually I think I am going into anaphylactic shock at the earliest please.,emergency,
actually I think my heart is failing please come it is very serious.,emergency,
actually I threw up and there is blood in it please hurry,emergency,
actually I tumbled while trying to reach the call bell please help.,emergency,
actually Koi hai please mujhe bachao it is very serious.,emergency,
actually My arms and legs are twitching violently is that possible?,emergency,
actually My body just went into a convulsion please help,emergency,
actually My breathing has stopped help please hurry,emergency,
actually My chest feels like it is on fire I need help now.,emergency,
actually My chest feels like it is on fire please help.,emergency,
actually My child has a very high fever please come is that possible?,emergency,
actually My child is having a seizure in the pediatric ward as soon as possible.,emergency,
actually My eyes rolled back and my body started shaking please help,emergency,
actually My heartbeat is very irregular and painful,emergency,
actually My legs gave way and I fell help me,emergency,
actually My life support machine is beeping red alarm,emergency,
actually My oxygen mask fell off I can't breathe please come quickly.,emergency,
actually My oxygen saturation monitor is showing dangerously low,emergency,
actually My oxygen tube came off and I am struggling to breathe I need help now.,emergency,
actually My pain is a 10 out of 10 please help,emergency,
actually My roommate has fainted please come immediately is that possible?,emergency,
actually My skin is burning and covered in red patches please come quickly.,emergency,
actually My temperature has spiked to 104 please come I would really appreciate it.,emergency,
actually My temperature has spiked to 104 please come kindly help.,emergency,
actually My temperature has spiked to 104 please come please come,emergency,
actually My throat is swelling I can't swallow,emergency,
actually My throat is swelling I can't swallow this is urgent.,emergency,
actually My whole body is in severe pain as soon as possible.,emergency,
actually Pain in my chest is shooting down my left arm as soon as possible.,emergency,
actually Seene mein bahut dard ho raha hai please hurry,emergency,
actually Seizure attack please someone come immediately please come quickly.,emergency,
actually Somebody help me please this is critical,emergency,
actually Something in the drip is causing a reaction please stop it please come,emergency,
actually Sudden dizziness and I almost collapsed kindly help.,emergency,
actually Tez bukhar hai aur body kaamp rahi hai at the earliest please.,emergency,
actually The cardiac monitor shows irregular readings please come this is urgent.,emergency,
actually The feeding tube pump is alarming critically thank you.,emergency,
actually The nausea is so bad I cannot open my eyes can you help?,emergency,
actually The oxygen flow meter broke I am not getting air,emergency,
actually The pain after surgery has suddenly become extreme is that possible?,emergency,
actually The pain hit me suddenly and it is unbearable help me,emergency,
actually The stitches have opened and it is bleeding,emergency,
actually The suction device failed and I am choking,emergency,
actually The ventilator has stopped working please come please come,emergency,
actually This is an emergency do not delay,emergency,
actually Udane vaanga please emergency,emergency,
excuse me Bleeding from the injection site is not stopping I would really appreciate it.,emergency,
excuse me Blood is coming from my drain tube area at the earliest please.,emergency,
excuse me Breathing machine alarm is going off nonstop,emergency,
excuse me Convulsion ho gaya hai please jaldi aao,emergency,
excuse me Dard sahaan nahi ho raha please jaldi aao,emergency,
excuse me Emergency please the pain is too much,emergency,
excuse me Everything went black for a moment please check as soon as possible.,emergency,
excuse me Heart racing and I feel like I will collapse,emergency,
excuse me High fever caused a fit please come immediately this is urgent.,emergency,
excuse me High grade fever with severe headache please come it is very serious.,emergency,
excuse me High grade fever with severe headache please come kindly help.,emergency,
excuse me Hives all over and throat tightening as soon as possible.,emergency,
excuse me I almost fell out of the bed,emergency,
excuse me I am afraid I am about to have another seizure can you help?,emergency,
excuse me I am dry heaving and cannot stop kindly help.,emergency,
excuse me I am dry heaving and cannot stop please do not delay.,emergency,
excuse me I am feeling very woozy I think I will pass out please do not delay.,emergency,
excuse me I am having trouble swallowing my throat is closing,emergency,
excuse me I am not going to make it please come now at the earliest please.,emergency,
excuse me I am projectile vomiting and I feel terrible this is urgent.,emergency,
excuse me I am very scared something is very wrong,emergency,
excuse me I am vomiting and feeling extremely dehydrated please hurry,emergency,
excuse me I am vomiting uncontrollably please help can you help?,emergency,
excuse me I broke out in hives and I am having trouble breathing please do not delay.,emergency,
excuse me I can't breathe please help me,emergency,
excuse me I can't breathe please help me I need help now.,emergency,
excuse me I cannot breathe at all,emergency,
excuse me I cannot catch my breath it keeps getting worse,emergency,
excuse me I cannot see clearly everything is blurry suddenly please come quickly.,emergency,
excuse me I cannot take this pain anymore please come quickly.,emergency,
excuse me I fainted and hit my head on the floor please come quickly.,emergency,
excuse me I fainted and hit my head on the floor please help,emergency,
excuse me I fainted just now someone please come I would really appreciate it.,emergency,
excuse me I fainted just now someone please come it is very serious.,emergency,
excuse me I feel anaphylaxis coming on please help me now please come,emergency,
excuse me I feel extremely lightheaded I might pass out kindly help.,emergency,
excuse me I feel like the room is spinning and I might collapse please come,emergency,
excuse me I feel my heart is going to explode,emergency,
excuse me I feel paralyzed on one side please help.,emergency,
excuse me I feel tightness in my throat after eating,emergency,
excuse me I fell while trying to use the commode,emergency,
excuse me I had a seizure just now thank you.,emergency,
excuse me I have had a fever above 103 for the last two hours kindly help.,emergency,
excuse me I have never felt pain this bad before please come quickly.,emergency,
excuse me I have rigors with high fever please come fast thank you.,emergency,
excuse me I just had a blackout episode please come is that possible?,emergency,
excuse me I just had a blackout episode please come someone come please,emergency,
excuse me I lost vision in one eye please help,emergency,
excuse me I passed out briefly please check me,emergency,
excuse me I slipped getting out of bed and cannot move can you help?,emergency,
excuse me I threw up and there is blood in it help me,emergency,
excuse me I tripped on the IV stand and fell,emergency,
excuse me I tripped on the cord and fell hard it is very serious.,emergency,
excuse me I woke up gasping I cannot get air in it is very serious.,emergency,
excuse me IV pump has malfunctioned and fluid is flowing too fast at the earliest please.,emergency,
excuse me My arm went limp suddenly I cannot lift it please do not delay.,emergency,
excuse me My catheter is causing severe pain and there is blood I need help now.,emergency,
excuse me My chest feels like it is on fire please come quickly.,emergency,
excuse me My chest is very tight I can't breathe someone come please,emergency,
excuse me My child is having a seizure in the pediatric ward please do not delay.,emergency,
excuse me My eyes rolled back and my body started shaking,emergency,
excuse me My fever has suddenly gone very high please help,emergency,
excuse me My gums are bleeding and will not stop please help.,emergency,
excuse me My heart is racing uncontrollably kindly help.,emergency,
excuse me My oxygen tube came off and I am struggling to breathe thank you.,emergency,
excuse me My oxygen tube came off and I am struggling to breathe this is urgent.,emergency,
excuse me My skin is burning and covered in red patches please help.,emergency,
excuse me My stomach is cramping and I keep vomiting,emergency,
excuse me My surgical wound has started bleeding heavily,emergency,
excuse me My temperature has spiked to 104 please come,emergency,
excuse me My throat is closing I cannot get air at the earliest please.,emergency,
excuse me My throat is swelling I can't swallow,emergency,
excuse me One side of my face is drooping at the earliest please.,emergency,
excuse me Pain is spreading from my chest to my arm,emergency,
excuse me Please come my breathing is very labored,emergency,
excuse me Please hurry the pain is getting worse every second please help.,emergency,
excuse me SOS please someone respond,emergency,
excuse me Severe bleeding from my stomach area as soon as possible.,emergency,
excuse me Severe nausea and vomiting please send someone someone come please,emergency,
excuse me Sharp chest pain starting now I need help now.,emergency,
excuse me Something in the drip is causing a reaction please stop it I would really appreciate it.,emergency,
excuse me Something in the drip is causing a reaction please stop it kindly help.,emergency,
excuse me Sudden dizziness and I almost collapsed please do not delay.,emergency,
excuse me Sudden numbness in my face and arm I would really appreciate it.,emergency,
excuse me Temperature is 105 this is an emergency please come,emergency,
excuse me Tez bukhar hai aur body kaamp rahi hai,emergency,
excuse me Tez bukhar hai aur body kaamp rahi hai as soon as possible.,emergency,
excuse me The dialysis machine has stopped please come urgently I would really appreciate it.,emergency,
excuse me The feeding tube pump is alarming critically please help,emergency,
excuse me The monitor alarm is beeping loudly please come can you help?,emergency,
excuse me The monitor alarm is beeping loudly please come please help,emergency,
excuse me The ventilator has stopped working please come as soon as possible.,emergency,
excuse me There is a crushing pain in my chest is that possible?,emergency,
excuse me There is dark blood in my vomit at the earliest please.,emergency,
excuse me Throat is closing up please help.,emergency,
excuse me Udane vaanga please emergency can you help?,emergency,
excuse me Uncontrollable spasms in my body please help please do not delay.,emergency,
excuse me Ventilator pressure alarm please come immediately someone come please,emergency,
excuse me Violent vomiting after the medication please come at the earliest please.,emergency,
excuse me Wound is bleeding very much,emergency,
excuse me Wound is bleeding very much is that possible?,emergency,
hello Bahut dard hai please koi aao,emergency,
hello Bleeding from the incision site please hurry,emergency,
hello Bleeding from the injection site is not stopping please come quickly.,emergency,
hello Blood in my vomit this is serious is that possible?,emergency,
hello Breathing is very painful right now thank you.,emergency,
hello Breathing machine alarm is going off nonstop thank you.,emergency,
hello Chest pain is unbearable please help please hurry,emergency,
hello Chest pain started suddenly while lying down is that possible?,emergency,
hello Constant vomiting and severe stomach pain as soon as possible.,emergency,
hello Constant vomiting and severe stomach pain please do not delay.,emergency,
hello Convulsion ho gaya hai please jaldi aao I need help now.,emergency,
hello Double vision started suddenly please help.,emergency,
hello ECG monitor is showing flat line please come at the earliest please.,emergency,
hello Emergency alarm on my bedside monitor please respond help me,emergency,
hello Emergency emergency please someone help me,emergency,
hello Emergency emergency please someone help me I need help now.,emergency,
hello Emergency emergency please someone help me please come quickly.,emergency,
hello Everything is going black,emergency,
hello Fever spiked suddenly after the procedure please hurry,emergency,
hello Fever with uncontrollable shivering please come please come,emergency,
hello Heart attack aa help this is urgent.,emergency,
hello Heart pain very serious please come thank you.,emergency,
hello Hives all over and throat tightening please come,emergency,
hello I am afraid I am about to have another seizure,emergency,
hello I am blacking out please help,emergency,
hello I am burning up with very high fever thank you.,emergency,
hello I am crying from the pain please come this is urgent.,emergency,
hello I am deteriorating fast please come this is urgent.,emergency,
hello I am having a dizzy spell and I cannot stand,emergency,
hello I am having a reaction to the medicine,emergency,
hello I am having trouble swallowing my throat is closing,emergency,
hello I am hyperventilating and I cannot stop can you help?,emergency,
hello I am hyperventilating and I cannot stop is that possible?,emergency,
hello I am in terrible pain and I am scared at the earliest please.,emergency,
hello I am projectile vomiting and I feel terrible I need help now.,emergency,
hello I am shaking from the pain it is too much please help,emergency,
hello I am shivering and shaking please help me at the earliest please.,emergency,
hello I am very scared something is very wrong please help.,emergency,
hello I am vomiting and feeling extremely dehydrated is that possible?,emergency,
hello I am vomiting uncontrollably please help,emergency,
hello I cannot breathe at all kindly help.,emergency,
hello I cannot catch my breath it keeps getting worse thank you.,emergency,
hello I cannot move my left arm or leg I need help now.,emergency,
hello I cannot speak properly my words are jumbled,emergency,
hello I cannot stop throwing up please come help me,emergency,
hello I cannot understand what people are saying suddenly,emergency,
hello I coughed up blood just now,emergency,
hello I fainted just now someone please come can you help?,emergency,
hello I feel a squeezing pressure in my chest please hurry,emergency,
hello I feel heavy pressure on my chest like a weight please help,emergency,
hello I feel like my bones are breaking from the pain,emergency,
hello I feel like my throat is being squeezed shut,emergency,
hello I feel paralyzed on one side,emergency,
hello I feel very dizzy I might fall please come quickly.,emergency,
hello I fell against the bedside table and hurt my ribs,emergency,
hello I have been vomiting bile please help me I would really appreciate it.,emergency,
hello I have rigors with high fever please come fast,emergency,
hello I just had a blackout episode please come can you help?,emergency,
hello I need help immediately this is life threatening,emergency,
hello I need help immediately this is life threatening please help,emergency,
hello I passed out briefly please check me,emergency,
hello I rolled off the bed please help I would really appreciate it.,emergency,
hello I rolled off the bed please help please do not delay.,emergency,
hello I think my heart is failing please come thank you.,emergency,
hello I threw up and there is blood in it I need help now.,emergency,
hello I took the tablet and now my face is puffing up,emergency,
hello I took the tablet and now my face is puffing up help me,emergency,
hello IV pump has malfunctioned and fluid is flowing too fast I would really appreciate it.,emergency,
hello Koi hai please mujhe bachao,emergency,
hello Life-threatening situation please hurry please help,emergency,
hello My BiPAP machine has stopped working is that possible?,emergency,
hello My airway feels blocked please hurry can you help?,emergency,
hello My arm went limp suddenly I cannot lift it please help,emergency,
hello My balance is gone I cannot walk straight,emergency,
hello My body just went into a convulsion this is urgent.,emergency,
hello My chest feels like it is being squeezed thank you.,emergency,
hello My face and lips are swelling up,emergency,
hello My face and lips are swelling up this is urgent.,emergency,
hello My head is spinning and I cannot see straight,emergency,
hello My lips are turning blue and swelling help me,emergency,
hello My pain is a 10 out of 10 please help,emergency,
hello My roommate has fainted please come immediately kindly help.,emergency,
hello My stomach is cramping and I keep vomiting can you help?,emergency,
hello My whole body is in severe pain it is very serious.,emergency,
hello Nothing is helping with the pain I need a doctor now as soon as possible.,emergency,
hello Nothing is helping with the pain I need a doctor now please hurry,emergency,
hello Respiratory distress please send someone immediately please help.,emergency,
hello Romba vali irukku udhavi seyyungal please do not delay.,emergency,
hello Severe nausea and vomiting please send someone I need help now.,emergency,
hello Sudden dizziness and I almost collapsed please do not delay.,emergency,
hello Sudden numbness in my face and arm it is very serious.,emergency,
hello Tez bukhar hai aur body kaamp rahi hai is that possible?,emergency,
hello Tez bukhar hai aur body kaamp rahi hai this is urgent.,emergency,
hello The dialysis machine has stopped please come urgently kindly help.,emergency,
hello The infusion pump stopped and my medication is not going in thank you.,emergency,
hello The pain hit me suddenly and it is unbearable is that possible?,emergency,
hello The pain hit me suddenly and it is unbearable please help,emergency,
hello The pain is making me scream please help,emergency,
hello The patient in the next bed is having a fit please do not delay.,emergency,
hello The patient in the next bed is having a fit please help,emergency,
hello The shaking will not stop please help me at the earliest please.,emergency,
hello The suction device failed and I am choking this is urgent.,emergency,
hello There are hives spreading all over my chest and neck,emergency,
hello This is an emergency do not delay someone come please,emergency,
hello Throat is closing up please help,emergency,
hello Tremors have started again please come check kindly help.,emergency,
hello Udane vaanga please emergency,emergency,
hello Uncontrollable spasms in my body please help is that possible?,emergency,
please Bachao bachao hospital mein koi hai,emergency,
please Breathing problem la irukken,emergency,
please Chest pain started suddenly while lying down,emergency,
please Chest pain started suddenly while lying down thank you.,emergency,
please Chest tightness is increasing rapidly thank you.,emergency,
please Code blue please someone come thank you.,emergency,
please ECG monitor is showing flat line please come please help.,emergency,
please Emergency alarm on my bedside monitor please respond it is very serious.,emergency,
please Every time I lie down I cannot breathe at the earliest please.,emergency,
please Fever is not coming down despite medication,emergency,
please Fever is not coming down despite medication please do not delay.,emergency,
please I am begging please come and help me,emergency,
please I am bleeding badly please come please come quickly.,emergency,
please I am having a dizzy spell and I cannot stand please help,emergency,
please I am having a severe allergic reaction my throat feels tight,emergency,
please I am having trouble swallowing my throat is closing please come quickly.,emergency,
please I am losing consciousness please help me,emergency,
please I am passing blood in my urine please come please do not delay.,emergency,
please I am projectile vomiting and I feel terrible,emergency,
please I am screaming in agony please someone help at the earliest please.,emergency,
please I am shivering with high fever please send someone,emergency,
please I am vomiting and feeling extremely dehydrated this is urgent.,emergency,
please I cannot stop throwing up please come please hurry,emergency,
please I cannot take this pain anymore,emergency,
please I cannot understand what people are saying suddenly it is very serious.,emergency,
please I cannot understand what people are saying suddenly please help.,emergency,
please I fainted just now someone please come,emergency,
please I feel a seizure coming on please help,emergency,
please I feel a squeezing pressure in my chest someone come please,emergency,
please I feel disoriented and cannot remember where I am,emergency,
please I feel extremely lightheaded I might pass out is that possible?,emergency,
please I feel like my bones are breaking from the pain kindly help.,emergency,
please I feel like my lungs are being crushed as soon as possible.,emergency,
please I feel like something is stuck in my throat I cannot breathe someone come please,emergency,
please I feel my heart is going to explode I need help now.,emergency,
please I feel weak on the right side of my body please help.,emergency,
please I feel weak on the right side of my body this is urgent.,emergency,
please I fell and I think I hurt my head as soon as possible.,emergency,
please I fell and my arm might be broken,emergency,
please I felt a jolt and then everything started shaking,emergency,
please I have had a fever above 103 for the last two hours thank you.,emergency,
please I have never felt pain this bad before,emergency,
please I have never felt pain this bad before thank you.,emergency,
please I have severe chest pain,emergency,
please I have severe chest pain thank you.,emergency,
please I just had a blackout episode please come I need help now.,emergency,
please I keep coughing and cannot breathe in between at the earliest please.,emergency,
please I keep drifting in and out of consciousness at the earliest please.,emergency,
please I lost feeling in my right hand suddenly it is very serious.,emergency,
please I slipped getting out of bed and cannot move,emergency,
please I slipped near the shower and hit my head is that possible?,emergency,
please I think I am having a heart attack as soon as possible.,emergency,
please I think I am having an allergic reaction someone come please,emergency,
please I threw up and there is blood in it,emergency,
please I woke up and I cannot breathe as soon as possible.,emergency,
please Maarpu vali maarpu vali help,emergency,
please My arms and legs are twitching violently,emergency,
please My balance is gone I cannot walk straight thank you.,emergency,
please My body is shaking uncontrollably thank you.,emergency,
please My chest feels like it is on fire,emergency,
please My chest is very tight I can't breathe I would really appreciate it.,emergency,
please My child has a very high fever please come this is urgent.,emergency,
please My face and lips are swelling up,emergency,
please My hands and feet are swelling after the injection help me,emergency,
please My heart feels like it stopped for a second please do not delay.,emergency,
please My heart is pounding and I feel faint please hurry,emergency,
please My heartbeat is very irregular and painful someone come please,emergency,
please My legs are jerking uncontrollably is that possible?,emergency,
please My legs gave way and I fell,emergency,
please My lips are turning blue and swelling,emergency,
please My nose is blocked and I cannot breathe through my mouth please come,emergency,
please My oxygen mask fell off I can't breathe can you help?,emergency,
please My oxygen saturation monitor is showing dangerously low,emergency,
please My skin is burning and covered in red patches please help,emergency,
please My skin is covered in hives and I feel dizzy,emergency,
please My skin is covered in hives and I feel dizzy kindly help.,emergency,
please My stomach is cramping and I keep vomiting is that possible?,emergency,
please My temperature has spiked to 104 please come,emergency,
please My whole body is in severe pain,emergency,
please Pain medication is not working at all I need help now kindly help.,emergency,
please Respiratory distress please send someone immediately can you help?,emergency,
please Severe nausea and vomiting please send someone please hurry,emergency,
please Somebody help me please this is critical at the earliest please.,emergency,
please Somebody help me please this is critical can you help?,emergency,
please Sudden dizziness and I almost collapsed at the earliest please.,emergency,
please Temperature is 105 this is an emergency this is urgent.,emergency,
please Tez bukhar hai aur body kaamp rahi hai please help,emergency,
please The feeding tube pump is alarming critically please hurry,emergency,
please The feeding tube pump is alarming critically this is urgent.,emergency,
please The fever is making me hallucinate please help.,emergency,
please The headache is so intense I feel like my head will burst,emergency,
please The infusion pump stopped and my medication is not going in as soon as possible.,emergency,
please The nausea is so bad I cannot open my eyes please hurry,emergency,
please The pain after surgery has suddenly become extreme,emergency,
please The patient in the next bed is having a fit,emergency,
please The patient next to me has dangerously high fever I would really appreciate it.,emergency,
please The vomiting will not stop I am losing fluids please hurry,emergency,
please There is blood in my vomit please help,emergency,
please This is not normal something serious is happening please hurry,emergency,
please Vomiting continuously since the last hour,emergency,
please Worst headache I have ever had suddenly I need help now.,emergency,
please Wound is bleeding very much is that possible?,emergency,
,,
Actually Can I delay my lunch I am not hungry yet,nutrition_request,
Actually Can I get an extra roti please,nutrition_request,
Actually Can I get electrolyte drink please,nutrition_request,
Actually Can I get lemon water please,nutrition_request,
Actually Can I get something easy to digest,nutrition_request,
Actually Can I get something easy to digest please help.,nutrition_request,
Actually Can I have a glass of milk before sleeping,nutrition_request,
Actually Can I have an extra dessert please can you help?,nutrition_request,
Actually Can I have some dry fruits to munch on,nutrition_request,
Actually Can I have some paneer in my meal kindly help.,nutrition_request,
Actually Can I schedule my meals at different times I would really appreciate it.,nutrition_request,
Actually Can someone ask the doctor if I can resume normal food can someone help?,nutrition_request,
Actually Can someone bring me a glass of cold water I would really appreciate it.,nutrition_request,
Actually Can someone verify what I am allowed to eat after the procedure,nutrition_request,
Actually Can the dietitian come and speak to me about my food plan,nutrition_request,
Actually Can you send the menu for today,nutrition_request,
Actually Can you send the menu for today please help.,nutrition_request,
Actually Has the doctor approved solid food for me,nutrition_request,
Actually I am on a cardiac diet please follow the restrictions is that possible?,nutrition_request,
Actually I am on a renal diet please check with the dietitian,nutrition_request,
Actually I am vegetarian please do not send non-veg food,nutrition_request,
Actually I did not receive my evening snack as soon as possible.,nutrition_request,
Actually I had gastric surgery please send only what is permitted thank you so much,nutrition_request,
Actually I have celiac disease please no wheat or gluten can someone help?,nutrition_request,
Actually I have peanut allergy please double check my meals,nutrition_request,
Actually I have soy allergy please check the ingredients kindly help.,nutrition_request,
Actually I need a low cholesterol diet please,nutrition_request,
Actually I need diet counseling before discharge as soon as possible.,nutrition_request,
Actually I need hot water with honey and lemon please,nutrition_request,
Actually I need ketogenic diet meals as per my plan I would really appreciate it.,nutrition_request,
Actually I need low fat food for my liver condition kindly help.,nutrition_request,
Actually I need lukewarm water for my medicine,nutrition_request,
Actually I need meal planning help for my kidney condition this is urgent.,nutrition_request,
Actually I want green tea please is that possible?,nutrition_request,
Actually I want some yogurt please,nutrition_request,
Actually I want to request a specific meal for tomorrow can someone help?,nutrition_request,
Actually I want to request a specific meal for tomorrow thank you so much,nutrition_request,
Actually I was given non-veg but I am vegetarian please change,nutrition_request,
Actually I was skipped during the meal rounds can someone help?,nutrition_request,
Actually I was skipped during the meal rounds thank you so much,nutrition_request,
Actually I would like some steamed vegetables,nutrition_request,
Actually Is there a late-night meal option please help.,nutrition_request,
Actually Is there a late-night meal option thank you so much,nutrition_request,
Actually Is there an option for early dinner can someone help?,nutrition_request,
Actually My family brought home food can I eat it,nutrition_request,
Actually My portion was very small can I get more food kindly help.,nutrition_request,
Actually My stomach is upset can I get plain rice and curd I would really appreciate it.,nutrition_request,
Actually My tea has no sugar I asked for sugar kindly help.,nutrition_request,
Actually Pasikudhu sapdala please at the earliest please.,nutrition_request,
Actually Please send me some mashed potatoes kindly help.,nutrition_request,
Actually Post endoscopy I am allowed to eat can I get some food,nutrition_request,
Actually Post surgery I can only have liquids please send accordingly thank you,nutrition_request,
Actually The dal has too much chili I cannot eat it,nutrition_request,
Actually The food is too salty I cannot eat it,nutrition_request,
Actually The food portion is too small I am still hungry,nutrition_request,
Actually The food smells different today is it okay to eat is that possible?,nutrition_request,
Actually The food trolley did not come to my room is that possible?,nutrition_request,
Actually The food was cold can I get fresh warm food kindly help.,nutrition_request,
Actually The fruit that came was rotten please replace,nutrition_request,
Actually The nutritionist needs to adjust my protein intake,nutrition_request,
Actually The vegetables are overcooked and mushy I would really appreciate it.,nutrition_request,
Actually There is no salt or pepper with my tray,nutrition_request,
Actually What time is dinner being served kindly help.,nutrition_request,
After the dental procedure I need liquid meals only can you help?,nutrition_request,
After the dental procedure I need liquid meals only please,nutrition_request,
After the procedure can I eat solid food now,nutrition_request,
Can I change my meal preference for dinner at the earliest please.,nutrition_request,
Can I change my meal preference for dinner please help.,nutrition_request,
Can I delay my lunch I am not hungry yet,nutrition_request,
Can I delay my lunch I am not hungry yet please help.,nutrition_request,
Can I eat normally now or am I still on a restricted diet can you help?,nutrition_request,
Can I eat normally now or am I still on a restricted diet kindly help.,nutrition_request,
Can I get a banana please is that possible?,nutrition_request,
Can I get a banana please thank you so much,nutrition_request,
Can I get a sandwich for my snack can you help?,nutrition_request,
Can I get a second helping of rice,nutrition_request,
Can I get a snack please,nutrition_request,
Can I get an extra piece of fruit at the earliest please.,nutrition_request,
Can I get an extra piece of fruit this is urgent.,nutrition_request,
Can I get an extra roti please can you help?,nutrition_request,
Can I get another cup of tea please at the earliest please.,nutrition_request,
Can I get electrolyte drink please help.,nutrition_request,
Can I get extra serving I am still hungry,nutrition_request,
Can I get my meal delivered now I am very hungry I would really appreciate it.,nutrition_request,
Can I get roasted chicken with my lunch,nutrition_request,
Can I get some juice,nutrition_request,
Can I get some juice at the earliest please.,nutrition_request,
Can I get some tender coconut water,nutrition_request,
Can I get something easy to digest,nutrition_request,
Can I get something easy to digest kindly help.,nutrition_request,
Can I get vermicelli upma for breakfast thank you so much,nutrition_request,
Can I have a glass of milk before sleeping,nutrition_request,
Can I have an extra dessert please,nutrition_request,
Can I have breakfast please it is late,nutrition_request,
Can I have custard for dessert,nutrition_request,
Can I have custard for dessert I would really appreciate it.,nutrition_request,
Can I have ginger tea for my nausea,nutrition_request,
Can I have moong dal soup,nutrition_request,
Can I have moong dal soup kindly help.,nutrition_request,
Can I have moong dal soup please,nutrition_request,
Can I have moong dal soup thank you,nutrition_request,
Can I have more chapati my meal had only two,nutrition_request,
Can I have my lunch please as soon as possible.,nutrition_request,
Can I have some coconut water as soon as possible.,nutrition_request,
Can I have some dry fruits to munch on as soon as possible.,nutrition_request,
Can I have warm water please help.,nutrition_request,
Can I have warm water please kindly help.,nutrition_request,
Can I know the meal timings for today,nutrition_request,
Can I know the meal timings for today can you help?,nutrition_request,
Can I pre-order my meal for tomorrow thank you,nutrition_request,
Can I schedule my meals at different times please help.,nutrition_request,
Can I see the weekly meal plan,nutrition_request,
Can I see the weekly meal plan thank you so much,nutrition_request,
Can someone ask the doctor if I can resume normal food as soon as possible.,nutrition_request,
Can someone bring me fresh lime juice,nutrition_request,
Can someone bring me fresh lime juice as soon as possible.,nutrition_request,
Can someone check if my food order was placed,nutrition_request,
Can someone confirm my dietary restrictions with the kitchen,nutrition_request,
Can someone confirm my dietary restrictions with the kitchen can you help?,nutrition_request,
Can someone verify what I am allowed to eat after the procedure,nutrition_request,
Can someone verify what I am allowed to eat after the procedure thank you,nutrition_request,
Can someone verify what I am allowed to eat after the procedure this is urgent.,nutrition_request,
Can the dietitian come and speak to me about my food plan I would really appreciate it.,nutrition_request,
Can the dietitian come and speak to me about my food plan thank you,nutrition_request,
Can the dietitian suggest high iron foods for me,nutrition_request,
Can the dietitian suggest high iron foods for me please help.,nutrition_request,
Can the nutritionist suggest meals for my diabetes at the earliest please.,nutrition_request,
Can you hear me? After the biopsy I need something gentle on my stomach as soon as possible.,nutrition_request,
Can you hear me? After the dental procedure I need liquid meals only kindly help.,nutrition_request,
Can you hear me? Can I delay my lunch I am not hungry yet as soon as possible.,nutrition_request,
Can you hear me? Can I get an extra piece of fruit can you help?,nutrition_request,
Can you hear me? Can I have more chapati my meal had only two I would really appreciate it.,nutrition_request,
Can you hear me? Can I pre-order my meal for tomorrow can someone help?,nutrition_request,
Can you hear me? Can I schedule my meals at different times thank you,nutrition_request,
Can you hear me? Can someone bring me fresh lime juice at the earliest please.,nutrition_request,
Can you hear me? Can someone confirm my dietary restrictions with the kitchen,nutrition_request,
Can you hear me? Can the nutritionist suggest meals for my diabetes can you help?,nutrition_request,
Can you hear me? I am allergic to nuts please make sure there are none,nutrition_request,
Can you hear me? I ate very little at lunch can I get a snack now,nutrition_request,
Can you hear me? I ate very little at lunch can I get a snack now please help.,nutrition_request,
Can you hear me? I cannot eat hard food after surgery please send soft food at the earliest please.,nutrition_request,
Can you hear me? I cannot eat hard food after surgery please send soft food can someone help?,nutrition_request,
Can you hear me? I cannot eat salt please send low sodium food kindly help.,nutrition_request,
Can you hear me? I did not get my prescribed diet please resend,nutrition_request,
Can you hear me? I just came out of surgery when can I eat,nutrition_request,
Can you hear me? I need a DASH diet as the doctor prescribed thank you,nutrition_request,
Can you hear me? I need diet counseling before discharge as soon as possible.,nutrition_request,
Can you hear me? I need glucose water I am feeling very weak,nutrition_request,
Can you hear me? I need hot water with honey and lemon please,nutrition_request,
Can you hear me? I need meal planning help for my kidney condition,nutrition_request,
Can you hear me? I need the nutritionist to plan my post-discharge meals,nutrition_request,
Can you hear me? I need to eat before taking my medicine,nutrition_request,
Can you hear me? I want green tea please kindly help.,nutrition_request,
Can you hear me? I want to ask the dietitian about supplements please,nutrition_request,
Can you hear me? I want to discuss my diet plan with the nutritionist as soon as possible.,nutrition_request,
Can you hear me? I want to talk to the dietitian about my post-surgery diet,nutrition_request,
Can you hear me? I would like a fruit salad please can you help?,nutrition_request,
Can you hear me? I would like some chamomile tea please I would really appreciate it.,nutrition_request,
Can you hear me? I would like some sambar rice please,nutrition_request,
Can you hear me? Is there an option for early dinner,nutrition_request,
Can you hear me? Is there an option for early dinner I would really appreciate it.,nutrition_request,
Can you hear me? My stomach is upset can I get plain rice and curd can someone help?,nutrition_request,
Can you hear me? Please bring me a cup of black coffee,nutrition_request,
Can you hear me? Please send me some mashed potatoes,nutrition_request,
Can you hear me? Please send me some roti with sabzi,nutrition_request,
Can you hear me? The bread is stale please send fresh ones,nutrition_request,
Can you hear me? The food is too salty I cannot eat it,nutrition_request,
Can you hear me? What is on the menu for lunch today thank you,nutrition_request,
Can you hear me? What time does the kitchen close,nutrition_request,
Can you send the menu for today,nutrition_request,
Can you send the menu for today as soon as possible.,nutrition_request,
Excuse me After the biopsy I need something gentle on my stomach this is urgent.,nutrition_request,
Excuse me Can I get an extra piece of fruit at the earliest please.,nutrition_request,
Excuse me Can I get another glass of juice,nutrition_request,
Excuse me Can I get electrolyte drink please thank you,nutrition_request,
Excuse me Can I get some soup please,nutrition_request,
Excuse me Can I get something easy to digest please,nutrition_request,
Excuse me Can I get vermicelli upma for breakfast,nutrition_request,
Excuse me Can I have an extra dessert please can someone help?,nutrition_request,
Excuse me Can I have custard for dessert thank you so much,nutrition_request,
Excuse me Can I have moong dal soup kindly help.,nutrition_request,
Excuse me Can I have my lunch please,nutrition_request,
Excuse me Can I schedule my meals at different times,nutrition_request,
Excuse me Can someone check if my food order was placed this is urgent.,nutrition_request,
Excuse me Can someone confirm my dietary restrictions with the kitchen thank you so much,nutrition_request,
Excuse me Can someone verify what I am allowed to eat after the procedure please help.,nutrition_request,
Excuse me I am dehydrated please bring extra water can you help?,nutrition_request,
Excuse me I am on tube feeding but I want to try sipping water,nutrition_request,
Excuse me I am on tube feeding but I want to try sipping water is that possible?,nutrition_request,
Excuse me I am still hungry can I get some bread thank you,nutrition_request,
Excuse me I am vegan please no dairy or eggs in my food,nutrition_request,
Excuse me I am vegetarian please do not send non-veg food I would really appreciate it.,nutrition_request,
Excuse me I am very hungry can I get something to eat,nutrition_request,
Excuse me I finished my food can I get more please,nutrition_request,
Excuse me I missed my meal can someone bring food,nutrition_request,
Excuse me I need a low sodium diet can you update my meal plan thank you so much,nutrition_request,
Excuse me I need a midnight snack I am hungry is that possible?,nutrition_request,
Excuse me I need diet counseling before discharge,nutrition_request,
Excuse me I need hot water with honey and lemon thank you,nutrition_request,
Excuse me I need semi-solid food I cannot chew properly yet thank you so much,nutrition_request,
Excuse me I need something to eat between meals this is urgent.,nutrition_request,
Excuse me I need to eat before taking my medicine is that possible?,nutrition_request,
Excuse me I want to ask the dietitian about supplements is that possible?,nutrition_request,
Excuse me I want to know if I can eat outside food as soon as possible.,nutrition_request,
Excuse me I was skipped during the meal rounds can you help?,nutrition_request,
Excuse me I would like some curd rice please can someone help?,nutrition_request,
Excuse me I would like some sambar rice please,nutrition_request,
Excuse me Is there a fixed time for tea and coffee I would really appreciate it.,nutrition_request,
Excuse me My food has not arrived yet it is very late,nutrition_request,
Excuse me My food tray is dirty can I get a clean one,nutrition_request,
Excuse me My meal does not match what the dietitian prescribed,nutrition_request,
Excuse me My stomach is upset can I get plain rice and curd kindly help.,nutrition_request,
Excuse me My throat is sore can I get lukewarm soup only,nutrition_request,
Excuse me My tray came but the food was wrong,nutrition_request,
Excuse me Please bring my meal I am hungry,nutrition_request,
Excuse me Please send Jain food only no onion garlic please help.,nutrition_request,
Excuse me The bread is stale please send fresh ones thank you,nutrition_request,
Excuse me The curd is sour it does not taste right as soon as possible.,nutrition_request,
Excuse me The food trolley did not come to my room can you help?,nutrition_request,
Excuse me The juice tastes strange I am not sure it is fresh,nutrition_request,
Excuse me The meal service skipped my room again is that possible?,nutrition_request,
Excuse me The quantity of rice is very less can I get more,nutrition_request,
Excuse me The soup has gone cold please send a fresh one can someone help?,nutrition_request,
Excuse me What are the options for breakfast today,nutrition_request,
Excuse me What time is breakfast tomorrow thank you,nutrition_request,
Excuse me When is the last meal of the day served,nutrition_request,
Excuse me When is the snack trolley coming at the earliest please.,nutrition_request,
Has my diet plan been updated after the latest test results can someone help?,nutrition_request,
Has the doctor approved solid food for me please,nutrition_request,
Hello After the procedure can I eat solid food now,nutrition_request,
Hello After the procedure can I eat solid food now I would really appreciate it.,nutrition_request,
Hello After the procedure can I eat solid food now please help.,nutrition_request,
Hello Can I get herbal tea before bed please help.,nutrition_request,
Hello Can I get some soup please kindly help.,nutrition_request,
Hello Can I get some water please,nutrition_request,
Hello Can I get vermicelli upma for breakfast at the earliest please.,nutrition_request,
Hello Can I have a glass of milk before sleeping I would really appreciate it.,nutrition_request,
Hello Can I have custard for dessert,nutrition_request,
Hello Can I have idli or dosa for breakfast,nutrition_request,
Hello Can I have idli or dosa for breakfast is that possible?,nutrition_request,
Hello Can I have moong dal soup kindly help.,nutrition_request,
Hello Can I have more chapati my meal had only two as soon as possible.,nutrition_request,
Hello Can I have poha for breakfast tomorrow thank you so much,nutrition_request,
Hello Can I have pongal for breakfast,nutrition_request,
Hello Can I have some dry fruits to munch on,nutrition_request,
Hello Can I have some paneer in my meal I would really appreciate it.,nutrition_request,
Hello Can I have upma or oats please,nutrition_request,
Hello Can I have upma or oats please at the earliest please.,nutrition_request,
Hello Can I have upma or oats please help.,nutrition_request,
Hello Can I have warm water please I would really appreciate it.,nutrition_request,
Hello Can I pre-order my meal for tomorrow thank you so much,nutrition_request,
Hello Can I schedule my meals at different times can someone help?,nutrition_request,
Hello Can I see the weekly meal plan kindly help.,nutrition_request,
Hello Can someone bring me a glass of cold water is that possible?,nutrition_request,
Hello Can someone bring me a glass of cold water please help.,nutrition_request,
Hello Can someone bring me fresh lime juice please,nutrition_request,
Hello Can someone confirm my dietary restrictions with the kitchen kindly help.,nutrition_request,
Hello Can someone verify what I am allowed to eat after the procedure please help.,nutrition_request,
Hello Can the dietitian come and speak to me about my food plan please,nutrition_request,
Hello Can the dietitian recommend foods to reduce bloating can you help?,nutrition_request,
Hello Can the nutritionist suggest meals for my diabetes as soon as possible.,nutrition_request,
Hello I am allergic to nuts please make sure there are none at the earliest please.,nutrition_request,
Hello I am allergic to nuts please make sure there are none is that possible?,nutrition_request,
Hello I am on a renal diet please check with the dietitian kindly help.,nutrition_request,
Hello I am on tube feeding but I want to try sipping water,nutrition_request,
Hello I am pre-diabetic please reduce the sugar content as soon as possible.,nutrition_request,
Hello I am still hungry after the meal can I have more at the earliest please.,nutrition_request,
Hello I am vegetarian please do not send non-veg food this is urgent.,nutrition_request,
Hello I am very hungry can I get something to eat,nutrition_request,
Hello I am very hungry can I get something to eat please help.,nutrition_request,
Hello I ate very little at lunch can I get a snack now,nutrition_request,
Hello I ate very little at lunch can I get a snack now at the earliest please.,nutrition_request,
Hello I cannot eat hard food after surgery please send soft food,nutrition_request,
Hello I cannot eat hard food after surgery please send soft food I would really appreciate it.,nutrition_request,
Hello I cannot eat hard food after surgery please send soft food please help.,nutrition_request,
Hello I cannot eat heavy food can I get something light,nutrition_request,
Hello I cannot eat heavy food please send porridge or soup thank you so much,nutrition_request,
Hello I did not get my afternoon snack thank you so much,nutrition_request,
Hello I did not get my prescribed diet please resend as soon as possible.,nutrition_request,
Hello I did not receive my evening snack,nutrition_request,
Hello I did not receive my evening snack at the earliest please.,nutrition_request,
Hello I did not receive my evening snack please help.,nutrition_request,
Hello I feel like vomiting but need food what can I eat,nutrition_request,
Hello I feel nauseous but I need to eat can I get something mild,nutrition_request,
Hello I feel nauseous but I need to eat can I get something mild is that possible?,nutrition_request,
Hello I finished my food can I get more please,nutrition_request,
Hello I had gastric surgery please send only what is permitted please help.,nutrition_request,
Hello I have been waiting since 12 for lunch it is now 2 kindly help.,nutrition_request,
Hello I have not eaten since morning can I get food this is urgent.,nutrition_request,
Hello I have seafood allergy please be careful is that possible?,nutrition_request,
Hello I just came out of surgery when can I eat can someone help?,nutrition_request,
Hello I need a DASH diet as the doctor prescribed,nutrition_request,
Hello I need a low cholesterol diet please,nutrition_request,
Hello I need a low sodium diet can you update my meal plan I would really appreciate it.,nutrition_request,
Hello I need a low sodium diet can you update my meal plan please,nutrition_request,
Hello I need food that is easy on my stomach after chemo I would really appreciate it.,nutrition_request,
Hello I need food that is easy on my stomach after chemo as soon as possible.,nutrition_request,
Hello I need hot water with honey and lemon at the earliest please.,nutrition_request,
Hello I need low fat food for my liver condition I would really appreciate it.,nutrition_request,
Hello I need something to eat between meals,nutrition_request,
Hello I need the nutritionist to plan my post-discharge meals,nutrition_request,
Hello I need to eat before taking my medicine please help.,nutrition_request,
Hello I want chapati not rice please at the earliest please.,nutrition_request,
Hello I want chapati not rice please thank you,nutrition_request,
Hello I want green tea please,nutrition_request,
Hello I want to know what is for dinner today can someone help?,nutrition_request,
Hello I want to request a specific meal for tomorrow,nutrition_request,
Hello I was given non-veg but I am vegetarian please change,nutrition_request,
Hello I would like some sambar rice please thank you so much,nutrition_request,
Hello I would like some steamed vegetables,nutrition_request,
Hello My food arrived but the lid was open and it is cold,nutrition_request,
Hello My food has not arrived yet it is very late at the earliest please.,nutrition_request,
Hello My lunch tray has not been delivered yet can someone help?,nutrition_request,
Hello My snack time was missed can someone bring something I would really appreciate it.,nutrition_request,
Hello My stomach is upset can I get plain rice and curd,nutrition_request,
Hello My throat hurts from the intubation can I get ice cream is that possible?,nutrition_request,
Hello My tray came but the food was wrong,nutrition_request,
Hello My water bottle is empty can someone fill it,nutrition_request,
Hello Nobody brought me breakfast this morning thank you so much,nutrition_request,
Hello Pasikudhu sapdala please,nutrition_request,
Hello Post endoscopy I am allowed to eat can I get some food,nutrition_request,
Hello Post endoscopy I am allowed to eat can I get some food at the earliest please.,nutrition_request,
Hello The bread is stale please send fresh ones can you help?,nutrition_request,
Hello The breakfast trolley passed my room without stopping,nutrition_request,
Hello The curd is sour it does not taste right,nutrition_request,
Hello The dietitian changed my diet but the kitchen sent the old one,nutrition_request,
Hello The dietitian changed my diet but the kitchen sent the old one can you help?,nutrition_request,
Hello The dinner tray never came to my room as soon as possible.,nutrition_request,
Hello The meal service skipped my room again,nutrition_request,
Hello The milk smells off I do not think it is fresh,nutrition_request,
Hello The rice is undercooked can I get a fresh plate can you help?,nutrition_request,
Hello The rice is undercooked can I get a fresh plate thank you,nutrition_request,
Hello There is no spoon or fork with my tray is that possible?,nutrition_request,
Hello They sent me the wrong diet I ordered soft food,nutrition_request,
Hello What are the options for breakfast today at the earliest please.,nutrition_request,
Hello What time is lunch usually served here,nutrition_request,
Hello When is the snack trolley coming thank you so much,nutrition_request,
Hello When is the snack trolley coming this is urgent.,nutrition_request,
Hi Can I change my meal preference for dinner please help.,nutrition_request,
Hi Can I get an extra piece of fruit please help.,nutrition_request,
Hi Can I get another cup of tea please,nutrition_request,
Hi Can I get cornflakes with milk for breakfast,nutrition_request,
Hi Can I get extra serving I am still hungry can you help?,nutrition_request,
Hi Can I get my meal delivered now I am very hungry I would really appreciate it.,nutrition_request,
Hi Can I get some juice is that possible?,nutrition_request,
Hi Can I get some juice please help.,nutrition_request,
Hi Can I have moong dal soup,nutrition_request,
Hi Can I have warm water please can you help?,nutrition_request,
Hi Can I schedule my meals at different times thank you so much,nutrition_request,
Hi Can I see the weekly meal plan please,nutrition_request,
Hi I am Muslim can I have halal food only please help.,nutrition_request,
Hi I am feeling very weak because I have not eaten can you help?,nutrition_request,
Hi I am very hungry can I get something to eat can someone help?,nutrition_request,
Hi I ate very little at lunch can I get a snack now kindly help.,nutrition_request,
Hi I cannot eat fried food please send something baked or boiled please,nutrition_request,
Hi I cannot eat hard food after surgery please send soft food,nutrition_request,
Hi I cannot eat spicy food please tell the kitchen,nutrition_request,
Hi I cannot eat spicy food please tell the kitchen can you help?,nutrition_request,
Hi I did not get my prescribed diet please resend can you help?,nutrition_request,
Hi I need a high fiber diet please adjust this is urgent.,nutrition_request,
Hi I need a midnight snack I am hungry,nutrition_request,
Hi I need glucose water I am feeling very weak this is urgent.,nutrition_request,
Hi I need lukewarm water for my medicine this is urgent.,nutrition_request,
Hi I need more fluids please,nutrition_request,
Hi I need something to eat between meals as soon as possible.,nutrition_request,
Hi I want some bread and butter please,nutrition_request,
Hi I was asleep during lunch can I still get food is that possible?,nutrition_request,
Hi I would like a second serving of soup,nutrition_request,
Hi I would like some steamed vegetables,nutrition_request,
Hi Is breakfast served before 7 AM this is urgent.,nutrition_request,
Hi My family brought home food can I eat it,nutrition_request,
Hi My meal does not match what the dietitian prescribed,nutrition_request,
Hi My snack time was missed can someone bring something can you help?,nutrition_request,
Hi My snack time was missed can someone bring something please help.,nutrition_request,
Hi My throat is sore can I get lukewarm soup only,nutrition_request,
Hi My tray came but the food was wrong,nutrition_request,
Hi Please bring me apple juice,nutrition_request,
Hi Please bring my meal I am hungry can you help?,nutrition_request,
Hi Please send me some mashed potatoes this is urgent.,nutrition_request,
Hi The breakfast trolley passed my room without stopping,nutrition_request,
Hi The food smells different today is it okay to eat please,nutrition_request,
Hi The food smells different today is it okay to eat thank you so much,nutrition_request,
Hi The food trolley did not come to my room,nutrition_request,
Hi The food trolley did not come to my room can you help?,nutrition_request,
Hi The vegetables are overcooked and mushy,nutrition_request,
Hi What is on the menu for lunch today thank you so much,nutrition_request,
Hi What time is lunch usually served here I would really appreciate it.,nutrition_request,
I am allergic to nuts please make sure there are none is that possible?,nutrition_request,
I am feeling very weak because I have not eaten,nutrition_request,
I am on a clear liquid diet only please,nutrition_request,
I am on a clear liquid diet only please can someone help?,nutrition_request,
I am on a renal diet please check with the dietitian I would really appreciate it.,nutrition_request,
I am on a renal diet please check with the dietitian can you help?,nutrition_request,
I am pre-diabetic please reduce the sugar content,nutrition_request,
I am still hungry can I get some bread I would really appreciate it.,nutrition_request,
I am still hungry can I get some bread at the earliest please.,nutrition_request,
I am vegan please no dairy or eggs in my food,nutrition_request,
I am vegan please no dairy or eggs in my food thank you so much,nutrition_request,
I am vegetarian please make sure my meals do not have meat,nutrition_request,
I am very hungry can I get something to eat,nutrition_request,
I am very hungry can I get something to eat can you help?,nutrition_request,
I am very thirsty can someone bring water,nutrition_request,
I am very thirsty can someone bring water at the earliest please.,nutrition_request,
I am very thirsty can someone bring water please help.,nutrition_request,
I ate very little at lunch can I get a snack now can someone help?,nutrition_request,
I ate very little at lunch can I get a snack now this is urgent.,nutrition_request,
I cannot eat fried food please send something baked or boiled please help.,nutrition_request,
I cannot eat fried food please send something baked or boiled this is urgent.,nutrition_request,
I cannot eat heavy food can I get something light,nutrition_request,
I cannot eat heavy food please send porridge or soup at the earliest please.,nutrition_request,
I cannot eat salt please send low sodium food,nutrition_request,
I cannot open my mouth wide can I get a straw for soup please help.,nutrition_request,
I cannot open my mouth wide can I get a straw for soup thank you,nutrition_request,
I did not get my afternoon snack,nutrition_request,
I do not have much appetite but I should eat something small is that possible?,nutrition_request,
I feel nauseous but I need to eat can I get something mild,nutrition_request,
I feel nauseous but I need to eat can I get something mild kindly help.,nutrition_request,
I feel nauseous but I need to eat can I get something mild please help.,nutrition_request,
I had gastric surgery please send only what is permitted is that possible?,nutrition_request,
I have a gluten allergy please be careful with my food thank you so much,nutrition_request,
I have been waiting for my meal for an hour,nutrition_request,
I have celiac disease please no wheat or gluten this is urgent.,nutrition_request,
I have peanut allergy please double check my meals,nutrition_request,
I have soy allergy please check the ingredients as soon as possible.,nutrition_request,
I have soy allergy please check the ingredients at the earliest please.,nutrition_request,
I just came out of surgery when can I eat please help.,nutrition_request,
I just came out of surgery when can I eat thank you,nutrition_request,
I missed my meal can someone bring food I would really appreciate it.,nutrition_request,
I need a DASH diet as the doctor prescribed please help.,nutrition_request,
I need a low sodium diet can you update my meal plan kindly help.,nutrition_request,
I need a midnight snack I am hungry is that possible?,nutrition_request,
I need diet counseling before discharge,nutrition_request,
I need diet counseling before discharge can you help?,nutrition_request,
I need diet counseling before discharge this is urgent.,nutrition_request,
I need glucose water I am feeling very weak,nutrition_request,
I need hot water with honey and lemon thank you so much,nutrition_request,
I need jeera water for my digestion kindly help.,nutrition_request,
I need jeera water for my digestion please,nutrition_request,
I need lukewarm water for my medicine I would really appreciate it.,nutrition_request,
I need lukewarm water for my medicine this is urgent.,nutrition_request,
I need meal planning help for my kidney condition please,nutrition_request,
I need meal planning help for my kidney condition please help.,nutrition_request,
I need more fluids please,nutrition_request,
I need soft food my dentures are out for cleaning please help.,nutrition_request,
I need soft food my dentures are out for cleaning this is urgent.,nutrition_request,
I need something to eat between meals can someone help?,nutrition_request,
I need the nutritionist to plan my post-discharge meals,nutrition_request,
I need the nutritionist to plan my post-discharge meals thank you,nutrition_request,
I need to eat before taking my medicine,nutrition_request,
I need to eat before taking my medicine please help.,nutrition_request,
I need to eat before taking my medicine this is urgent.,nutrition_request,
I rang the bell for food but nothing came at the earliest please.,nutrition_request,
I rang the bell for food but nothing came please help.,nutrition_request,
I rang the bell for food but nothing came thank you,nutrition_request,
I want a small snack before bedtime as soon as possible.,nutrition_request,
I want a small snack before bedtime can you help?,nutrition_request,
I want chapati not rice please,nutrition_request,
I want green tea please can someone help?,nutrition_request,
I want plain dahi with some sugar this is urgent.,nutrition_request,
I want rasam rice please,nutrition_request,
I want some bread and butter please,nutrition_request,
I want some bread and butter please is that possible?,nutrition_request,
I want some bread and butter please kindly help.,nutrition_request,
I want some toast with jam for breakfast,nutrition_request,
I want some warm milk please,nutrition_request,
I want some yogurt please is that possible?,nutrition_request,
I want to ask the dietitian about supplements thank you,nutrition_request,
I want to know if I can eat outside food is that possible?,nutrition_request,
I want to know what is for dinner today as soon as possible.,nutrition_request,
I want to request a specific meal for tomorrow,nutrition_request,
I want to request a specific meal for tomorrow I would really appreciate it.,nutrition_request,
I want to request a specific meal for tomorrow can you help?,nutrition_request,
I want to talk to the dietitian about my post-surgery diet can you help?,nutrition_request,
I want to talk to the dietitian about my post-surgery diet is that possible?,nutrition_request,
I want to talk to the dietitian about my post-surgery diet please help.,nutrition_request,
I want to talk to the dietitian about my post-surgery diet this is urgent.,nutrition_request,
I was skipped during the meal rounds,nutrition_request,
I was skipped during the meal rounds I would really appreciate it.,nutrition_request,
I was skipped during the meal rounds can you help?,nutrition_request,
I would like a second serving of soup can you help?,nutrition_request,
I would like a second serving of soup kindly help.,nutrition_request,
I would like some chamomile tea please thank you so much,nutrition_request,
I would like some curd rice please,nutrition_request,
I would like some rice and dal please,nutrition_request,
I would like some rice and dal please can someone help?,nutrition_request,
I would like some steamed vegetables can you help?,nutrition_request,
Is there a fixed time for tea and coffee,nutrition_request,
Is there an option for early dinner can someone help?,nutrition_request,
It is past dinner time and I still have no food as soon as possible.,nutrition_request,
It is past dinner time and I still have no food kindly help.,nutrition_request,
Just wanted to say Can I change my meal preference for dinner please help.,nutrition_request,
Just wanted to say Can I eat normally now or am I still on a restricted diet thank you so much,nutrition_request,
Just wanted to say Can I get a bowl of oatmeal can someone help?,nutrition_request,
Just wanted to say Can I get an early breakfast I have a test in the morning,nutrition_request,
Just wanted to say Can I get an extra roti please,nutrition_request,
Just wanted to say Can I get electrolyte drink please,nutrition_request,
Just wanted to say Can I get my meal delivered now I am very hungry at the earliest please.,nutrition_request,
Just wanted to say Can I get some water please can you help?,nutrition_request,
Just wanted to say Can I get something easy to digest thank you so much,nutrition_request,
Just wanted to say Can I have a boiled egg for protein,nutrition_request,
Just wanted to say Can I have an extra dessert please this is urgent.,nutrition_request,
Just wanted to say Can I see the weekly meal plan at the earliest please.,nutrition_request,
Just wanted to say Can the dietitian come and speak to me about my food plan,nutrition_request,
Just wanted to say Can the dietitian update my calorie intake please help.,nutrition_request,
Just wanted to say Has the doctor approved solid food for me please,nutrition_request,
Just wanted to say I ate very little at lunch can I get a snack now,nutrition_request,
Just wanted to say I cannot eat salt please send low sodium food this is urgent.,nutrition_request,
Just wanted to say I cannot eat spicy food please tell the kitchen,nutrition_request,
Just wanted to say I feel like vomiting but need food what can I eat please,nutrition_request,
Just wanted to say I had gastric surgery please send only what is permitted is that possible?,nutrition_request,
Just wanted to say I have a gluten allergy please be careful with my food,nutrition_request,
Just wanted to say I have difficulty swallowing can I get pureed food,nutrition_request,
Just wanted to say I have difficulty swallowing can I get pureed food at the earliest please.,nutrition_request,
Just wanted to say I have difficulty swallowing can I get pureed food this is urgent.,nutrition_request,
Just wanted to say I have mouth ulcers can I get soft cool food,nutrition_request,
Just wanted to say I have mouth ulcers can I get soft cool food at the earliest please.,nutrition_request,
Just wanted to say I just came out of surgery when can I eat this is urgent.,nutrition_request,
Just wanted to say I need a DASH diet as the doctor prescribed,nutrition_request,
Just wanted to say I need diet counseling before discharge please help.,nutrition_request,
Just wanted to say I need glucose water I am feeling very weak please help.,nutrition_request,
Just wanted to say I need meal planning help for my kidney condition thank you,nutrition_request,
Just wanted to say I need pureed food I cannot chew properly as soon as possible.,nutrition_request,
Just wanted to say I skipped breakfast can I get a bigger lunch kindly help.,nutrition_request,
Just wanted to say I want a small snack before bedtime,nutrition_request,
Just wanted to say I want chapati not rice please,nutrition_request,
Just wanted to say I want rasam rice please can you help?,nutrition_request,
Just wanted to say I want some toast with jam for breakfast,nutrition_request,
Just wanted to say I want some warm milk please as soon as possible.,nutrition_request,
Just wanted to say I want to discuss my diet plan with the nutritionist please help.,nutrition_request,
Just wanted to say I want to know what is for dinner today,nutrition_request,
Just wanted to say Is there a late-night meal option can you help?,nutrition_request,
Just wanted to say Is there an option for early dinner,nutrition_request,
Just wanted to say Mujhe bhook lagi hai khana chahiye I would really appreciate it.,nutrition_request,
Just wanted to say My doctor said soft diet only has the kitchen been informed this is urgent.,nutrition_request,
Just wanted to say My meal does not match what the dietitian prescribed,nutrition_request,
Just wanted to say My meal was never brought after the tray collection,nutrition_request,
Just wanted to say My throat hurts from the intubation can I get ice cream I would really appreciate it.,nutrition_request,
Just wanted to say My throat hurts from the intubation can I get ice cream thank you so much,nutrition_request,
Just wanted to say My throat is sore can I get lukewarm soup only thank you so much,nutrition_request,
Just wanted to say My water bottle is empty can someone fill it,nutrition_request,
Just wanted to say My water jug is empty please refill it,nutrition_request,
Just wanted to say Nobody brought me breakfast this morning at the earliest please.,nutrition_request,
Just wanted to say Please get me some fruit,nutrition_request,
Just wanted to say Please get me some light food please help.,nutrition_request,
Just wanted to say Please send bland food my stomach is very sensitive can you help?,nutrition_request,
Just wanted to say The dinner tray never came to my room as soon as possible.,nutrition_request,
Just wanted to say The food portion is too small I am still hungry,nutrition_request,
Just wanted to say The fruit that came was rotten please replace,nutrition_request,
Just wanted to say The fruit that came was rotten please replace please,nutrition_request,
Just wanted to say The nutritionist needs to adjust my protein intake,nutrition_request,
Just wanted to say The vegetables are overcooked and mushy I would really appreciate it.,nutrition_request,
Just wanted to say When is lunch being served I am starving,nutrition_request,
Mujhe bhook lagi hai khana chahiye,nutrition_request,
My doctor said soft diet only has the kitchen been informed,nutrition_request,
My family brought home food can I eat it,nutrition_request,
My family brought home food can I eat it at the earliest please.,nutrition_request,
My family brought home food can I eat it please,nutrition_request,
My food arrived but the lid was open and it is cold please help.,nutrition_request,
My food is completely bland can I get some salt can someone help?,nutrition_request,
My food is completely bland can I get some salt is that possible?,nutrition_request,
My food tray is dirty can I get a clean one thank you so much,nutrition_request,
My jaw hurts can I get liquid or mashed food,nutrition_request,
My lunch tray has not been delivered yet,nutrition_request,
My meal does not match what the dietitian prescribed,nutrition_request,
My meal was never brought after the tray collection as soon as possible.,nutrition_request,
My meal was never brought after the tray collection thank you so much,nutrition_request,
My portion was very small can I get more food,nutrition_request,
My snack time was missed can someone bring something kindly help.,nutrition_request,
My stomach was operated on please send light food only thank you,nutrition_request,
My tea has no sugar I asked for sugar please help.,nutrition_request,
My throat hurts from the intubation can I get ice cream,nutrition_request,
My throat hurts from the intubation can I get ice cream this is urgent.,nutrition_request,
My throat is sore can I get lukewarm soup only,nutrition_request,
My throat is sore can I get lukewarm soup only this is urgent.,nutrition_request,
My tray came but the food was wrong please help.,nutrition_request,
My water bottle is empty can someone fill it,nutrition_request,
No one has brought food to my bed,nutrition_request,
Nobody brought me breakfast this morning,nutrition_request,
Nobody brought me breakfast this morning please,nutrition_request,
Nobody brought me breakfast this morning this is urgent.,nutrition_request,
Please Can I get an extra piece of fruit this is urgent.,nutrition_request,
Please Can I get herbal tea before bed is that possible?,nutrition_request,
Please Can I have custard for dessert please help.,nutrition_request,
Please Can I have some buttermilk please,nutrition_request,
Please Can I have upma or oats please can you help?,nutrition_request,
Please Can I see the weekly meal plan,nutrition_request,
Please Can someone check if my food order was placed can you help?,nutrition_request,
Please Can someone confirm my dietary restrictions with the kitchen,nutrition_request,
Please Can someone confirm my dietary restrictions with the kitchen this is urgent.,nutrition_request,
Please I am vegetarian please make sure my meals do not have meat,nutrition_request,
Please I am very hungry can I get something to eat can you help?,nutrition_request,
Please I cannot eat heavy food can I get something light kindly help.,nutrition_request,
Please I cannot eat salt please send low sodium food,nutrition_request,
Please I cannot have sugar please check my diet this is urgent.,nutrition_request,
Please I cannot open my mouth wide can I get a straw for soup kindly help.,nutrition_request,
Please I feel like vomiting but need food what can I eat thank you,nutrition_request,
Please I have not eaten since morning can I get food,nutrition_request,
Please I have soy allergy please check the ingredients at the earliest please.,nutrition_request,
Please I missed my meal can someone bring food please,nutrition_request,
Please I need a low potassium diet as per doctor instructions please,nutrition_request,
Please I need lukewarm water for my medicine thank you so much,nutrition_request,
Please I need semi-solid food I cannot chew properly yet,nutrition_request,
Please I need semi-solid food I cannot chew properly yet kindly help.,nutrition_request,
Please I need the nutritionist to plan my post-discharge meals kindly help.,nutrition_request,
Please I want chapati not rice please at the earliest please.,nutrition_request,
Please I want to discuss my diet plan with the nutritionist,nutrition_request,
Please I want to know what is for dinner today,nutrition_request,
Please I was skipped during the meal rounds,nutrition_request,
Please I would like a fruit salad please can someone help?,nutrition_request,
Please I would like some rice and dal please is that possible?,nutrition_request,
Please My doctor put me on a liquid diet please send accordingly can someone help?,nutrition_request,
Please My snack time was missed can someone bring something this is urgent.,nutrition_request,
Please My throat is sore can I get lukewarm soup only this is urgent.,nutrition_request,
Please My tray came but the food was wrong can someone help?,nutrition_request,
Please My water jug is empty please refill it please,nutrition_request,
Please The breakfast trolley passed my room without stopping can you help?,nutrition_request,
Please The food smells different today is it okay to eat,nutrition_request,
Please The food was cold can I get fresh warm food at the earliest please.,nutrition_request,
Please The milk smells off I do not think it is fresh can you help?,nutrition_request,
Please The nutritionist needs to adjust my protein intake can someone help?,nutrition_request,
Please The rice is undercooked can I get a fresh plate as soon as possible.,nutrition_request,
Please They sent me the wrong diet I ordered soft food I would really appreciate it.,nutrition_request,
Please What time is breakfast tomorrow,nutrition_request,
Please What time is breakfast tomorrow as soon as possible.,nutrition_request,
Please What time is lunch usually served here thank you so much,nutrition_request,
Please What time will the soup be served,nutrition_request,
Please When is lunch being served I am starving thank you so much,nutrition_request,
Please When will the evening snack be served kindly help.,nutrition_request,
Please bring me a cup of black coffee,nutrition_request,
Please bring me a cup of black coffee please help.,nutrition_request,
Please bring me a cup of black coffee this is urgent.,nutrition_request,
Please bring my meal I am hungry,nutrition_request,
Please bring my meal I am hungry at the earliest please.,nutrition_request,
Please get me some light food can you help?,nutrition_request,
Please get me some light food is that possible?,nutrition_request,
Please get me some light food thank you,nutrition_request,
Please send bland food my stomach is very sensitive,nutrition_request,
Please send bland food my stomach is very sensitive kindly help.,nutrition_request,
Please send bland food my stomach is very sensitive please,nutrition_request,
Please send me some crackers and cheese,nutrition_request,
Please send me some crackers and cheese can you help?,nutrition_request,
Please send me some crackers and cheese thank you,nutrition_request,
Please send me some mashed potatoes,nutrition_request,
Post endoscopy I am allowed to eat can I get some food,nutrition_request,
The bread is stale please send fresh ones as soon as possible.,nutrition_request,
The bread is stale please send fresh ones can you help?,nutrition_request,
The breakfast trolley passed my room without stopping can you help?,nutrition_request,
The chapati is too hard I cannot eat it please,nutrition_request,
The curd is sour it does not taste right,nutrition_request,
The curry is too oily for my condition,nutrition_request,
The dietitian changed my diet but the kitchen sent the old one,nutrition_request,
The dietitian changed my diet but the kitchen sent the old one can you help?,nutrition_request,
The food is too salty I cannot eat it I would really appreciate it.,nutrition_request,
The food is too salty I cannot eat it as soon as possible.,nutrition_request,
The food portion is too small I am still hungry thank you,nutrition_request,
The food smells different today is it okay to eat,nutrition_request,
The food smells different today is it okay to eat this is urgent.,nutrition_request,
The fruit that came was rotten please replace at the earliest please.,nutrition_request,
The juice tastes strange I am not sure it is fresh,nutrition_request,
The juice tastes strange I am not sure it is fresh is that possible?,nutrition_request,
The milk smells off I do not think it is fresh,nutrition_request,
The quantity of rice is very less can I get more,nutrition_request,
The rice is undercooked can I get a fresh plate,nutrition_request,
The rice is undercooked can I get a fresh plate I would really appreciate it.,nutrition_request,
The vegetables are overcooked and mushy as soon as possible.,nutrition_request,
There is hair in my food please replace it as soon as possible.,nutrition_request,
There is no salt or pepper with my tray please help.,nutrition_request,
There is no spoon or fork with my tray,nutrition_request,
They forgot to give me dinner please send now,nutrition_request,
They sent me the wrong diet I ordered soft food,nutrition_request,
Um After the procedure can I eat solid food now as soon as possible.,nutrition_request,
Um Can I get a bowl of oatmeal this is urgent.,nutrition_request,
Um Can I get a snack please can you help?,nutrition_request,
Um Can I get cornflakes with milk for breakfast at the earliest please.,nutrition_request,
Um Can I get extra serving I am still hungry,nutrition_request,
Um Can I get extra serving I am still hungry this is urgent.,nutrition_request,
Um Can I get my meal delivered now I am very hungry,nutrition_request,
Um Can I get something easy to digest,nutrition_request,
Um Can I get something easy to digest thank you,nutrition_request,
Um Can I have a glass of milk before sleeping,nutrition_request,
Um Can I have khichdi please it is easy to digest at the earliest please.,nutrition_request,
Um Can I have warm water please is that possible?,nutrition_request,
Um Can I schedule my meals at different times,nutrition_request,
Um Can I see the weekly meal plan thank you,nutrition_request,
Um Can someone check if my food order was placed thank you so much,nutrition_request,
Um Can someone check why my tray is late,nutrition_request,
Um Can the dietitian come and speak to me about my food plan at the earliest please.,nutrition_request,
Um Can the nutritionist suggest meals for my diabetes kindly help.,nutrition_request,
Um I am allergic to nuts please make sure there are none can someone help?,nutrition_request,
Um I am vegetarian please make sure my meals do not have meat as soon as possible.,nutrition_request,
Um I am vegetarian please make sure my meals do not have meat can someone help?,nutrition_request,
Um I cannot eat hard food after surgery please send soft food as soon as possible.,nutrition_request,
Um I did not get my afternoon snack thank you so much,nutrition_request,
Um I did not get my prescribed diet please resend is that possible?,nutrition_request,
Um I did not receive my evening snack kindly help.,nutrition_request,
Um I had gastric surgery please send only what is permitted please,nutrition_request,
Um I need food that is easy on my stomach after chemo,nutrition_request,
Um I need low fat food for my liver condition kindly help.,nutrition_request,
Um I need more fluids please,nutrition_request,
Um I need semi-solid food I cannot chew properly yet is that possible?,nutrition_request,
Um I need some crackers to nibble on kindly help.,nutrition_request,
Um I want chapati not rice please,nutrition_request,
Um I want some warm milk please help.,nutrition_request,
Um I want to ask the dietitian about supplements,nutrition_request,
Um I want to ask the dietitian about supplements kindly help.,nutrition_request,
Um I want to know if I can eat outside food this is urgent.,nutrition_request,
Um I want to know what is for dinner today,nutrition_request,
Um I want to request a specific meal for tomorrow,nutrition_request,
Um I want to talk to the dietitian about my post-surgery diet,nutrition_request,
Um I would like a second serving of soup I would really appreciate it.,nutrition_request,
Um Is breakfast served before 7 AM can you help?,nutrition_request,
Um Is breakfast served before 7 AM kindly help.,nutrition_request,
Um My doctor said soft diet only has the kitchen been informed,nutrition_request,
Um My family brought home food can I eat it is that possible?,nutrition_request,
Um My food tray is dirty can I get a clean one,nutrition_request,
Um My meal was never brought after the tray collection,nutrition_request,
Um My portion was very small can I get more food I would really appreciate it.,nutrition_request,
Um Nobody brought me breakfast this morning,nutrition_request,
Um Pasikudhu sapdala please,nutrition_request,
Um Please bring me a cup of black coffee can someone help?,nutrition_request,
Um Please send bland food my stomach is very sensitive,nutrition_request,
Um The bread is stale please send fresh ones,nutrition_request,
Um The food smells different today is it okay to eat,nutrition_request,
Um The nutritionist needs to adjust my protein intake,nutrition_request,
Um The quantity of rice is very less can I get more thank you so much,nutrition_request,
Um The rice is undercooked can I get a fresh plate can someone help?,nutrition_request,
Um They sent me the wrong diet I ordered soft food,nutrition_request,
Um What are the options for breakfast today,nutrition_request,
Um What time does the kitchen close kindly help.,nutrition_request,
Um When will the evening snack be served is that possible?,nutrition_request,
What are the options for breakfast today,nutrition_request,
What are the options for breakfast today can someone help?,nutrition_request,
What is on the menu for lunch today,nutrition_request,
What is on the menu for lunch today please,nutrition_request,
What is on the menu for lunch today thank you so much,nutrition_request,
What is on the menu for lunch today this is urgent.,nutrition_request,
What time does the kitchen close,nutrition_request,
What time does the kitchen close at the earliest please.,nutrition_request,
What time does the kitchen close kindly help.,nutrition_request,
What time is breakfast tomorrow,nutrition_request,
What time is breakfast tomorrow can you help?,nutrition_request,
What time is breakfast tomorrow thank you so much,nutrition_request,
What time will the soup be served I would really appreciate it.,nutrition_request,
When is lunch being served I am starving,nutrition_request,
When is lunch being served I am starving at the earliest please.,nutrition_request,
When is the last meal of the day served can someone help?,nutrition_request,
When is the last meal of the day served thank you so much,nutrition_request,
When is the snack trolley coming,nutrition_request,
When will the dietitian visit me as soon as possible.,nutrition_request,
When will the dietitian visit me at the earliest please.,nutrition_request,
When will the evening snack be served thank you,nutrition_request,
actually After the biopsy I need something gentle on my stomach at the earliest please.,nutrition_request,
actually After the dental procedure I need liquid meals only as soon as possible.,nutrition_request,
actually After the dental procedure I need liquid meals only can someone help?,nutrition_request,
actually After the procedure can I eat solid food now,nutrition_request,
actually After the procedure can I eat solid food now at the earliest please.,nutrition_request,
actually Can I change my meal preference for dinner,nutrition_request,
actually Can I eat normally now or am I still on a restricted diet thank you so much,nutrition_request,
actually Can I get a banana please as soon as possible.,nutrition_request,
actually Can I get a hot drink with my next meal please,nutrition_request,
actually Can I get an extra piece of fruit I would really appreciate it.,nutrition_request,
actually Can I get an extra roti please I would really appreciate it.,nutrition_request,
actually Can I get electrolyte drink please,nutrition_request,
actually Can I get extra serving I am still hungry I would really appreciate it.,nutrition_request,
actually Can I get some juice please,nutrition_request,
actually Can I have a boiled egg for protein please,nutrition_request,
actually Can I have ginger tea for my nausea please help.,nutrition_request,
actually Can I have more chapati my meal had only two at the earliest please.,nutrition_request,
actually Can I have some coconut water,nutrition_request,
actually Can I have warm water please,nutrition_request,
actually Can someone ask the doctor if I can resume normal food,nutrition_request,
actually Can someone ask the doctor if I can resume normal food please,nutrition_request,
actually Can someone bring me ORS solution please help.,nutrition_request,
actually Can someone check why my tray is late,nutrition_request,
actually Doctor said I can eat now can you send food thank you,nutrition_request,
actually I am allergic to shellfish please no prawns or crab kindly help.,nutrition_request,
actually I am on a renal diet please check with the dietitian thank you,nutrition_request,
actually I am still hungry can I get some bread,nutrition_request,
actually I feel like vomiting but need food what can I eat,nutrition_request,
actually I have been waiting since 12 for lunch it is now 2,nutrition_request,
actually I have celiac disease please no wheat or gluten please,nutrition_request,
actually I have mouth ulcers can I get soft cool food I would really appreciate it.,nutrition_request,
actually I missed my meal can someone bring food please help.,nutrition_request,
actually I need diet counseling before discharge as soon as possible.,nutrition_request,
actually I need hot water with honey and lemon at the earliest please.,nutrition_request,
actually I need jeera water for my digestion,nutrition_request,
actually I need lukewarm water for my medicine,nutrition_request,
actually I need more fluids please thank you so much,nutrition_request,
actually I need soft food my dentures are out for cleaning can you help?,nutrition_request,
actually I need some crackers to nibble on kindly help.,nutrition_request,
actually I need the nutritionist to plan my post-discharge meals can someone help?,nutrition_request,
actually I want green tea please,nutrition_request,
actually I want to ask the dietitian about supplements,nutrition_request,
actually I would like a fruit salad please help.,nutrition_request,
actually I would like a second serving of soup at the earliest please.,nutrition_request,
actually I would like some chamomile tea please kindly help.,nutrition_request,
actually I would like some rice and dal please thank you so much,nutrition_request,
actually Is breakfast served before 7 AM please,nutrition_request,
actually Mujhe bhook lagi hai khana chahiye,nutrition_request,
actually Mujhe bhook lagi hai khana chahiye please help.,nutrition_request,
actually My family brought home food can I eat it can someone help?,nutrition_request,
actually My food is completely bland can I get some salt I would really appreciate it.,nutrition_request,
actually Nobody brought me breakfast this morning,nutrition_request,
actually Please bring me some appam and stew please,nutrition_request,
actually The bread is stale please send fresh ones I would really appreciate it.,nutrition_request,
actually The dietitian changed my diet but the kitchen sent the old one thank you,nutrition_request,
actually The dinner tray never came to my room kindly help.,nutrition_request,
actually The food was cold can I get fresh warm food thank you,nutrition_request,
actually The tea was not included can you send please help.,nutrition_request,
actually There is no salt or pepper with my tray,nutrition_request,
excuse me After the biopsy I need something gentle on my stomach at the earliest please.,nutrition_request,
excuse me After the biopsy I need something gentle on my stomach please,nutrition_request,
excuse me Can I eat normally now or am I still on a restricted diet,nutrition_request,
excuse me Can I get an extra piece of fruit thank you so much,nutrition_request,
excuse me Can I get an extra roti please thank you,nutrition_request,
excuse me Can I get herbal tea before bed this is urgent.,nutrition_request,
excuse me Can I get more protein in my meals to help my recovery,nutrition_request,
excuse me Can I get some soup please kindly help.,nutrition_request,
excuse me Can I get the soft diet option please can you help?,nutrition_request,
excuse me Can I get the soft diet option please thank you,nutrition_request,
excuse me Can I have custard for dessert can someone help?,nutrition_request,
excuse me Can I have khichdi please it is easy to digest,nutrition_request,
excuse me Can I have khichdi please it is easy to digest is that possible?,nutrition_request,
excuse me Can I have some buttermilk please,nutrition_request,
excuse me Can I schedule my meals at different times,nutrition_request,
excuse me Can someone check why my tray is late as soon as possible.,nutrition_request,
excuse me Can someone verify what I am allowed to eat after the procedure as soon as possible.,nutrition_request,
excuse me Can the dietitian suggest high iron foods for me thank you so much,nutrition_request,
excuse me Can the dietitian update my calorie intake can you help?,nutrition_request,
excuse me Has the doctor approved solid food for me,nutrition_request,
excuse me I am diabetic please make sure the food is appropriate,nutrition_request,
excuse me I am lactose intolerant please no milk products please help.,nutrition_request,
excuse me I cannot open my mouth wide can I get a straw for soup is that possible?,nutrition_request,
excuse me I have not eaten since morning can I get food please,nutrition_request,
excuse me I have not eaten since morning can I get food thank you so much,nutrition_request,
excuse me I need a high fiber diet please adjust,nutrition_request,
excuse me I need a low sodium diet can you update my meal plan I would really appreciate it.,nutrition_request,
excuse me I need a midnight snack I am hungry please help.,nutrition_request,
excuse me I need a midnight snack I am hungry thank you so much,nutrition_request,
excuse me I need diet counseling before discharge is that possible?,nutrition_request,
excuse me I need lukewarm water for my medicine can someone help?,nutrition_request,
excuse me I need meal planning help for my kidney condition,nutrition_request,
excuse me I need soft food my dentures are out for cleaning,nutrition_request,
excuse me I want plain dahi with some sugar,nutrition_request,
excuse me I want plain dahi with some sugar thank you so much,nutrition_request,
excuse me I want some bread and butter please at the earliest please.,nutrition_request,
excuse me I want some yogurt please,nutrition_request,
excuse me I want to request a specific meal for tomorrow kindly help.,nutrition_request,
excuse me I was skipped during the meal rounds is that possible?,nutrition_request,
excuse me It is past dinner time and I still have no food,nutrition_request,
excuse me My food arrived but the lid was open and it is cold please help.,nutrition_request,
excuse me My food tray is dirty can I get a clean one,nutrition_request,
excuse me My tea has no sugar I asked for sugar at the earliest please.,nutrition_request,
excuse me My tray came but the food was wrong please,nutrition_request,
excuse me Nobody brought me breakfast this morning,nutrition_request,
excuse me Please bring my meal I am hungry,nutrition_request,
excuse me Please get me some fruit kindly help.,nutrition_request,
excuse me Please send Jain food only no onion garlic at the earliest please.,nutrition_request,
excuse me Please send me some mashed potatoes can you help?,nutrition_request,
excuse me The fruit that came was rotten please replace can you help?,nutrition_request,
excuse me There is hair in my food please replace it thank you so much,nutrition_request,
excuse me They forgot to give me dinner please send now,nutrition_request,
excuse me What time is dinner being served thank you so much,nutrition_request,
hi Can I change my meal preference for dinner,nutrition_request,
hi Can I get a second helping of rice I would really appreciate it.,nutrition_request,
hi Can I get electrolyte drink please,nutrition_request,
hi Can I get extra serving I am still hungry is that possible?,nutrition_request,
hi Can I get herbal tea before bed can you help?,nutrition_request,
hi Can I get roasted chicken with my lunch please help.,nutrition_request,
hi Can I get something easy to digest is that possible?,nutrition_request,
hi Can I have an extra dessert please,nutrition_request,
hi Can I have idli or dosa for breakfast this is urgent.,nutrition_request,
hi Can I have pongal for breakfast can someone help?,nutrition_request,
hi Can I have some coconut water,nutrition_request,
hi Can I have upma or oats please,nutrition_request,
hi Can someone bring me fresh lime juice,nutrition_request,
hi Can the dietitian come and speak to me about my food plan at the earliest please.,nutrition_request,
hi Can the dietitian update my calorie intake at the earliest please.,nutrition_request,
hi Can you send the menu for today thank you so much,nutrition_request,
hi I am feeling very weak because I have not eaten thank you so much,nutrition_request,
hi I am lactose intolerant please no milk products,nutrition_request,
hi I am pre-diabetic please reduce the sugar content kindly help.,nutrition_request,
hi I ate very little at lunch can I get a snack now,nutrition_request,
hi I cannot eat hard food after surgery please send soft food,nutrition_request,
hi I cannot have sugar please check my diet can you help?,nutrition_request,
hi I have a gluten allergy please be careful with my food I would really appreciate it.,nutrition_request,
hi I need a high fiber diet please adjust I would really appreciate it.,nutrition_request,
hi I need lukewarm water for my medicine,nutrition_request,
hi I need more fluids please,nutrition_request,
hi I need to eat before taking my medicine at the earliest please.,nutrition_request,
hi I need to eat before taking my medicine thank you so much,nutrition_request,
hi I want plain dahi with some sugar,nutrition_request,
hi I want some yogurt please,nutrition_request,
hi I want to discuss my diet plan with the nutritionist this is urgent.,nutrition_request,
hi My food tray is dirty can I get a clean one kindly help.,nutrition_request,
hi My lunch tray has not been delivered yet I would really appreciate it.,nutrition_request,
hi My snack time was missed can someone bring something at the earliest please.,nutrition_request,
hi Please bring me apple juice I would really appreciate it.,nutrition_request,
hi The food smells different today is it okay to eat,nutrition_request,
hi They sent me the wrong diet I ordered soft food please,nutrition_request,
hi What time is dinner being served,nutrition_request,
hi What time is lunch usually served here can someone help?,nutrition_request,
hi When is lunch being served I am starving thank you so much,nutrition_request,
hi When is the snack trolley coming is that possible?,nutrition_request,
pls After the biopsy I need something gentle on my stomach thank you so much,nutrition_request,
pls Can I get a sandwich for my snack at the earliest please.,nutrition_request,
pls Can I get a snack please,nutrition_request,
pls Can I get a snack please this is urgent.,nutrition_request,
pls Can I get extra serving I am still hungry I would really appreciate it.,nutrition_request,
pls Can I get my meal delivered now I am very hungry,nutrition_request,
pls Can I have some buttermilk please as soon as possible.,nutrition_request,
pls Can I have some buttermilk please kindly help.,nutrition_request,
pls Can someone bring me a glass of cold water please help.,nutrition_request,
pls Can the dietitian come and speak to me about my food plan,nutrition_request,
pls Can the nutritionist suggest meals for my diabetes,nutrition_request,
pls Can you send the menu for today,nutrition_request,
pls Doctor said I can eat now can you send food as soon as possible.,nutrition_request,
pls I am Muslim can I have halal food only please I would really appreciate it.,nutrition_request,
pls I am allergic to shellfish please no prawns or crab please help.,nutrition_request,
pls I am feeling very weak because I have not eaten thank you,nutrition_request,
pls I cannot eat salt please send low sodium food please help.,nutrition_request,
pls I cannot eat spicy food please tell the kitchen is that possible?,nutrition_request,
pls I did not get my afternoon snack,nutrition_request,
pls I did not get my prescribed diet please resend this is urgent.,nutrition_request,
pls I do not have much appetite but I should eat something small is that possible?,nutrition_request,
pls I have mouth ulcers can I get soft cool food thank you,nutrition_request,
pls I just came out of surgery when can I eat,nutrition_request,
pls I need a high fiber diet please adjust,nutrition_request,
pls I need a low sodium diet can you update my meal plan,nutrition_request,
pls I need food that is easy on my stomach after chemo this is urgent.,nutrition_request,
pls I need meal planning help for my kidney condition thank you,nutrition_request,
pls I need some crackers to nibble on,nutrition_request,
pls I need to eat before taking my medicine can someone help?,nutrition_request,
pls I want a little more dal with my rice,nutrition_request,
pls I want some warm milk please this is urgent.,nutrition_request,
pls I want to discuss my diet plan with the nutritionist can you help?,nutrition_request,
pls I want to discuss my diet plan with the nutritionist thank you so much,nutrition_request,
pls I was asleep during lunch can I still get food,nutrition_request,
pls I was skipped during the meal rounds,nutrition_request,
pls I would like a second serving of soup,nutrition_request,
pls Is there a late-night meal option can someone help?,nutrition_request,
pls Is there an option for early dinner,nutrition_request,
pls Is there an option for early dinner thank you,nutrition_request,
pls My food has not arrived yet it is very late kindly help.,nutrition_request,
pls My food was supposed to come at 8 it is now 9,nutrition_request,
pls My stomach is upset can I get plain rice and curd,nutrition_request,
pls My water jug is empty please refill it please help.,nutrition_request,
pls The juice tastes strange I am not sure it is fresh,nutrition_request,
pls The nutritionist needs to adjust my protein intake as soon as possible.,nutrition_request,
pls The rice is undercooked can I get a fresh plate thank you,nutrition_request,
pls They sent me the wrong diet I ordered soft food,nutrition_request,
pls What time does the kitchen close can someone help?,nutrition_request,
pls What time will the soup be served kindly help.,nutrition_request,
pls When is the snack trolley coming please help.,nutrition_request,
um After the procedure can I eat solid food now thank you so much,nutrition_request,
um Can I delay my lunch I am not hungry yet can someone help?,nutrition_request,
um Can I eat normally now or am I still on a restricted diet kindly help.,nutrition_request,
um Can I get a hot drink with my next meal please I would really appreciate it.,nutrition_request,
um Can I get electrolyte drink please help.,nutrition_request,
um Can I get lemon water please I would really appreciate it.,nutrition_request,
um Can I get some juice thank you so much,nutrition_request,
um Can I have a glass of milk before sleeping can someone help?,nutrition_request,
um Can I have a glass of milk before sleeping please,nutrition_request,
um Can I have an extra dessert please,nutrition_request,
um Can someone check if my food order was placed is that possible?,nutrition_request,
um Can the dietitian come and speak to me about my food plan please,nutrition_request,
um I am Muslim can I have halal food only please I would really appreciate it.,nutrition_request,
um I am diabetic please make sure the food is appropriate can someone help?,nutrition_request,
um I am on a clear liquid diet only please as soon as possible.,nutrition_request,
um I am vegan please no dairy or eggs in my food,nutrition_request,
um I am vegan please no dairy or eggs in my food can someone help?,nutrition_request,
um I cannot have sugar please check my diet,nutrition_request,
um I did not get my afternoon snack is that possible?,nutrition_request,
um I have celiac disease please no wheat or gluten as soon as possible.,nutrition_request,
um I have difficulty swallowing can I get pureed food thank you,nutrition_request,
um I just came out of surgery when can I eat,nutrition_request,
um I need food that is easy on my stomach after chemo I would really appreciate it.,nutrition_request,
um I need jeera water for my digestion this is urgent.,nutrition_request,
um I need soft food my dentures are out for cleaning can you help?,nutrition_request,
um I want chapati not rice please thank you,nutrition_request,
um I want chapati not rice please this is urgent.,nutrition_request,
um I want green tea please,nutrition_request,
um I want some yogurt please,nutrition_request,
um I want to discuss my diet plan with the nutritionist,nutrition_request,
um I was asleep during lunch can I still get food please,nutrition_request,
um I was given non-veg but I am vegetarian please change,nutrition_request,
um Is breakfast served before 7 AM this is urgent.,nutrition_request,
um My doctor said I should have a high protein diet is that possible?,nutrition_request,
um My food was supposed to come at 8 it is now 9,nutrition_request,
um My throat hurts from the intubation can I get ice cream,nutrition_request,
um No one has brought food to my bed I would really appreciate it.,nutrition_request,
um Please bring me a cup of black coffee I would really appreciate it.,nutrition_request,
um Please bring me apple juice thank you so much,nutrition_request,
um The juice tastes strange I am not sure it is fresh kindly help.,nutrition_request,
um The morning tea was not delivered today,nutrition_request,
um The quantity of rice is very less can I get more at the earliest please.,nutrition_request,
um There is hair in my food please replace it,nutrition_request,
um There is no salt or pepper with my tray at the earliest please.,nutrition_request,
um What are the options for breakfast today can someone help?,nutrition_request,
um What time does the kitchen close,nutrition_request,
,,
Actually Alright I am going to rest now please,general_conversation,
Actually Being here away from my kids is hard,general_conversation,
Actually Being in the hospital is very boring,general_conversation,
Actually Being in the hospital is very boring just letting you know.,general_conversation,
Actually Being in the hospital is very boring thank you so much,general_conversation,
Actually Bye bye and thank you all is that possible?,general_conversation,
Actually Can CareMate call the nurse for me thank you so much,general_conversation,
Actually Can CareMate tell me a joke,general_conversation,
Actually Can I ask CareMate anything thank you so much,general_conversation,
Actually Can I do some stretching exercises in bed please,general_conversation,
Actually Can I have something to read,general_conversation,
Actually Can I listen to podcasts on the hospital wifi this is urgent.,general_conversation,
Actually Can I talk to CareMate anytime just letting you know.,general_conversation,
Actually Can a chaplain come and visit me,general_conversation,
Actually Can a chaplain come and visit me at the earliest please.,general_conversation,
Actually Can my brother stay overnight with me,general_conversation,
Actually Can my caretaker come in during non-visiting hours,general_conversation,
Actually Can my caretaker come in during non-visiting hours please,general_conversation,
Actually Can my family bring food from outside just letting you know.,general_conversation,
Actually Can my neighbor who is also admitted come visit me,general_conversation,
Actually Can my neighbor who is also admitted come visit me I would really appreciate it.,general_conversation,
Actually Can my wife use the restroom on this floor can you help?,general_conversation,
Actually Can someone bring me a sudoku book kindly help.,general_conversation,
Actually Can someone bring me a sudoku book that is all.,general_conversation,
Actually Can someone bring my prayer beads from my bag thank you,general_conversation,
Actually Can someone bring my prayer beads from my bag this is urgent.,general_conversation,
Actually Can someone face my bed towards the east for prayer,general_conversation,
Actually Can someone play some music in the room,general_conversation,
Actually Can someone tell my family I am doing well can you help?,general_conversation,
Actually Can someone tell my family I am doing well that is all.,general_conversation,
Actually Can the lights be turned off I want to sleep,general_conversation,
Actually Does CareMate learn from my requests,general_conversation,
Actually Everyone has treated me with so much respect this is urgent.,general_conversation,
Actually Everyone is so caring and attentive I would really appreciate it.,general_conversation,
Actually Good afternoon,general_conversation,
Actually Good evening how are you,general_conversation,
Actually Good morning how is everyone today is that possible?,general_conversation,
Actually Good night I will sleep now please,general_conversation,
Actually Hello CareMate thank you so much,general_conversation,
Actually Hello I just want to say hi,general_conversation,
Actually Hello is anyone there can you help?,general_conversation,
Actually Hello is this thing working,general_conversation,
Actually Hello is this thing working thank you so much,general_conversation,
Actually Hello is this thing working this is urgent.,general_conversation,
Actually Hey good night,general_conversation,
Actually Hey there can you hear me,general_conversation,
Actually Hi good morning,general_conversation,
Actually Hi just checking if this is on just letting you know.,general_conversation,
Actually Hi there just letting you know.,general_conversation,
Actually Hmm never mind it is nothing at the earliest please.,general_conversation,
Actually Hmm never mind it is nothing just letting you know.,general_conversation,
Actually Hospital life is not easy but I am managing I would really appreciate it.,general_conversation,
Actually Hospital life is not easy but I am managing just letting you know.,general_conversation,
Actually Hospital life is not easy but I am managing thank you so much,general_conversation,
Actually How do I change the TV channel,general_conversation,
Actually How do I use the call bell,general_conversation,
Actually How does CareMate work,general_conversation,
Actually How does this system work exactly,general_conversation,
Actually How many patients are in this ward,general_conversation,
Actually How many patients are in this ward that is all.,general_conversation,
Actually How many visitors can I have at once,general_conversation,
Actually How many visitors can I have at once that is all.,general_conversation,
Actually How smart is CareMate,general_conversation,
Actually I accidentally pressed the button ignore this,general_conversation,
Actually I accidentally pressed the button ignore this I would really appreciate it.,general_conversation,
Actually I am a little anxious about tomorrow's procedure,general_conversation,
Actually I am a little anxious about tomorrow's procedure I would really appreciate it.,general_conversation,
Actually I am being discharged I want to thank everyone,general_conversation,
Actually I am being discharged I want to thank everyone please,general_conversation,
Actually I am being discharged and I just wanted to thank everyone just letting you know.,general_conversation,
Actually I am bored can someone talk to me,general_conversation,
Actually I am coping well today,general_conversation,
Actually I am counting the days until discharge,general_conversation,
Actually I am counting the days until discharge kindly help.,general_conversation,
Actually I am excited but also a little nervous about going home,general_conversation,
Actually I am feeling a little bored here,general_conversation,
Actually I am feeling better emotionally today can you help?,general_conversation,
Actually I am feeling much better today than yesterday,general_conversation,
Actually I am feeling very sleepy,general_conversation,
Actually I am feeling very sleepy I would really appreciate it.,general_conversation,
Actually I am going crazy just lying here,general_conversation,
Actually I am going to sleep now good night thank you,general_conversation,
Actually I am grateful for the round the clock care,general_conversation,
Actually I am just checking in to say I am fine,general_conversation,
Actually I am nervous about managing at home without the nurses at the earliest please.,general_conversation,
Actually I am nervous about managing at home without the nurses thank you so much,general_conversation,
Actually I am nervous about managing at home without the nurses that is all.,general_conversation,
Actually I am nervous about the surgery thank you,general_conversation,
Actually I am worried about the test results,general_conversation,
Actually I can hear better today after the treatment,general_conversation,
Actually I cannot wait to sleep in my own bed,general_conversation,
Actually I cannot wait to sleep in my own bed at the earliest please.,general_conversation,
Actually I could not sleep at all last night,general_conversation,
Actually I could not sleep at all last night just letting you know.,general_conversation,
Actually I cried a little today I miss home I would really appreciate it.,general_conversation,
Actually I did not need oxygen support today,general_conversation,
Actually I do not need anything right now just checking,general_conversation,
Actually I enjoy chatting with CareMate,general_conversation,
Actually I feel comforted by praying thank you,general_conversation,
Actually I feel grateful but also ready to leave just letting you know.,general_conversation,
Actually I feel lighter and more energetic today,general_conversation,
Actually I feel lighter and more energetic today thank you,general_conversation,
Actually I feel like my requests are taking too long,general_conversation,
Actually I feel more hopeful about my recovery now can you help?,general_conversation,
Actually I feel much better after the treatment today at the earliest please.,general_conversation,
Actually I feel spiritually at peace today I would really appreciate it.,general_conversation,
Actually I feel trapped in this bed all day,general_conversation,
Actually I feel trapped in this bed all day please,general_conversation,
Actually I feel very safe and comfortable here,general_conversation,
Actually I feel very safe and comfortable here is that possible?,general_conversation,
Actually I felt a little ignored earlier but it is okay now kindly help.,general_conversation,
Actually I finally got some rest this afternoon,general_conversation,
Actually I finally got some rest this afternoon this is urgent.,general_conversation,
Actually I forgot what I was going to say can you help?,general_conversation,
Actually I forgot what I was going to say thank you so much,general_conversation,
Actually I had a dream and woke up startled I would really appreciate it.,general_conversation,
Actually I had a dream and woke up startled can you help?,general_conversation,
Actually I had a good bowel movement today,general_conversation,
Actually I had a good bowel movement today is that possible?,general_conversation,
Actually I had a nightmare and woke up scared is that possible?,general_conversation,
Actually I had a nightmare and woke up scared please,general_conversation,
Actually I had a nightmare and woke up scared this is urgent.,general_conversation,
Actually I had a nightmare last night,general_conversation,
Actually I had a panic attack in the night but I am okay now I would really appreciate it.,general_conversation,
Actually I had to press the call bell three times before someone came,general_conversation,
Actually I had to press the call bell three times before someone came please,general_conversation,
Actually I had trouble falling asleep because of the pain thank you so much,general_conversation,
Actually I have been counting tiles on the ceiling thank you,general_conversation,
Actually I have been counting tiles on the ceiling thank you so much,general_conversation,
Actually I have been staring at the ceiling all day thank you so much,general_conversation,
Actually I like talking to you CareMate,general_conversation,
Actually I need some entertainment suggestions,general_conversation,
Actually I noticed the hospital has a new wing can you help?,general_conversation,
Actually I noticed they changed the flowers in the vase,general_conversation,
Actually I noticed they repainted the walls recently,general_conversation,
Actually I noticed they repainted the walls recently kindly help.,general_conversation,
Actually I pressed the button by mistake sorry,general_conversation,
Actually I saw a cat in the hospital garden today,general_conversation,
Actually I saw a cat in the hospital garden today at the earliest please.,general_conversation,
Actually I saw a rainbow outside today I would really appreciate it.,general_conversation,
Actually I saw a rainbow outside today please,general_conversation,
Actually I slept for only two hours,general_conversation,
Actually I slept for only two hours is that possible?,general_conversation,
Actually I spoke to my family and I feel better,general_conversation,
Actually I think I was dreaming I heard someone call me,general_conversation,
Actually I thought I heard a noise but it is nothing I would really appreciate it.,general_conversation,
Actually I thought of something but forgot,general_conversation,
Actually I thought of something but forgot is that possible?,general_conversation,
Actually I thought of something but forgot thank you so much,general_conversation,
Actually I took a few steps with the walker today at the earliest please.,general_conversation,
Actually I took a few steps with the walker today can you help?,general_conversation,
Actually I usually sleep at 10 PM can the lights go off by then is that possible?,general_conversation,
Actually I want to call my daughter can I use the phone just letting you know.,general_conversation,
Actually I want to meditate for a while please do not disturb thank you,general_conversation,
Actually I want to meditate for a while please do not disturb this is urgent.,general_conversation,
Actually I want to observe my fast but I am not sure if I can,general_conversation,
Actually I want to observe my fast but I am not sure if I can please,general_conversation,
Actually I want to observe my fast but I am not sure if I can thank you so much,general_conversation,
Actually I want to pray can I have a few undisturbed minutes,general_conversation,
Actually I want to read my holy book can someone bring it just letting you know.,general_conversation,
Actually I want to write a thank you note for the team kindly help.,general_conversation,
Actually I was able to eat solid food today for the first time at the earliest please.,general_conversation,
Actually I was just mumbling to myself can you help?,general_conversation,
Actually I will miss CareMate when I go home,general_conversation,
Actually I will miss CareMate when I go home just letting you know.,general_conversation,
Actually I will miss CareMate when I go home that is all.,general_conversation,
Actually I will miss the nurses when I leave is that possible?,general_conversation,
Actually I wish I could go for a walk outside is that possible?,general_conversation,
Actually I wish there were more channels on the TV thank you so much,general_conversation,
Actually I woke up feeling refreshed today,general_conversation,
Actually I woke up feeling refreshed today this is urgent.,general_conversation,
Actually I woke up in the middle of the night and could not go back to sleep thank you,general_conversation,
Actually I would like to do my morning prayers,general_conversation,
Actually I would like to do my morning prayers can you help?,general_conversation,
Actually I would like to do my morning prayers thank you so much,general_conversation,
Actually Ignore that last call I am fine,general_conversation,
Actually Ignore that last call I am fine thank you,general_conversation,
Actually Is CareMate always available at night too,general_conversation,
Actually Is CareMate connected to the nurses station this is urgent.,general_conversation,
Actually Is there a Sunday service I can attend from my room at the earliest please.,general_conversation,
Actually Is there a chapel or prayer room in the hospital,general_conversation,
Actually Is there a library or book cart in the hospital this is urgent.,general_conversation,
Actually Is there a park nearby I can see trees from here just letting you know.,general_conversation,
Actually Is there a phone I can use to call my family thank you so much,general_conversation,
Actually Is there a priest or imam who visits the hospital just letting you know.,general_conversation,
Actually Is there a priest or imam who visits the hospital thank you,general_conversation,
Actually Is there a real person behind CareMate please,general_conversation,
Actually Is there a temple or mosque near the hospital,general_conversation,
Actually Is there an interfaith prayer room here,general_conversation,
Actually Is there any activity or game I can do kindly help.,general_conversation,
Actually Is there anything to do here,general_conversation,
Actually Is there anything to do here at the earliest please.,general_conversation,
Actually Is there anything to do here that is all.,general_conversation,
Actually Is there something to do here I am bored thank you so much,general_conversation,
Actually It looks like it will rain today,general_conversation,
Actually It looks like it will rain today at the earliest please.,general_conversation,
Actually Just giving feedback the bathroom smell is not great just letting you know.,general_conversation,
Actually Just wanted to say everyone has been very nice that is all.,general_conversation,
Actually Leaving the hospital feels bittersweet,general_conversation,
Actually My appetite is coming back slowly,general_conversation,
Actually My blood pressure seems more stable today that is all.,general_conversation,
Actually My breathing feels easier today,general_conversation,
Actually My children made me a card can someone bring it in,general_conversation,
Actually My church group wants to visit is there a limit,general_conversation,
Actually My colleague sent flowers can someone bring them in,general_conversation,
Actually My cousin is here from abroad can he come in can you help?,general_conversation,
Actually My daughter called she wants to know how I am doing please,general_conversation,
Actually My daughter called she wants to know how I am doing thank you so much,general_conversation,
Actually My discharge is today I feel relieved,general_conversation,
Actually My family wants to bring home-cooked food is that okay,general_conversation,
Actually My fever has come down I feel better please,general_conversation,
Actually My grandchildren want to visit is that okay this is urgent.,general_conversation,
Actually My husband is coming can you let him in I would really appreciate it.,general_conversation,
Actually My incision looks cleaner today,general_conversation,
Actually My mind went blank for a moment,general_conversation,
Actually My mother is elderly can she sit in a comfortable chair,general_conversation,
Actually My sister is here where should she wait just letting you know.,general_conversation,
Actually My sister is here where should she wait kindly help.,general_conversation,
Actually My sister is here where should she wait please,general_conversation,
Actually My wife is waiting outside can she visit now,general_conversation,
Actually My wife is waiting outside can she visit now thank you,general_conversation,
Actually Never mind I figured it out myself that is all.,general_conversation,
Actually No worries I sorted it out myself,general_conversation,
Actually No worries I sorted it out myself thank you so much,general_conversation,
Actually Oh I thought the nurse was here,general_conversation,
Actually Oh I thought the nurse was here I would really appreciate it.,general_conversation,
Actually Oh wait I remember now no it is gone,general_conversation,
Actually Okay thank you goodbye,general_conversation,
Actually Okay thank you goodbye this is urgent.,general_conversation,
Actually Shubh ratri,general_conversation,
Actually Shubh ratri thank you,general_conversation,
Actually Sorry I did not mean to press the button,general_conversation,
Actually Sorry I did not mean to press the button this is urgent.,general_conversation,
Actually Sorry wrong button,general_conversation,
Actually Sorry wrong button kindly help.,general_conversation,
Actually Thank you all I am heading home now can you help?,general_conversation,
Actually Thank you for making my stay comfortable please,general_conversation,
Actually Thank you for sending the nurse quickly this is urgent.,general_conversation,
Actually Thank you for the quick response to my call,general_conversation,
Actually Thank you so much for your help,general_conversation,
Actually Thanks for everything,general_conversation,
Actually That is all I needed thanks,general_conversation,
Actually The TV channels are limited can you add more at the earliest please.,general_conversation,
Actually The admission process was quick and efficient,general_conversation,
Actually The air conditioning is at a perfect temperature can you help?,general_conversation,
Actually The ambulance siren sounds close can you help?,general_conversation,
Actually The bathroom is very clean and well maintained kindly help.,general_conversation,
Actually The bed is very comfortable thank you,general_conversation,
Actually The blanket has a slight smell is that possible?,general_conversation,
Actually The blanket has a slight smell thank you,general_conversation,
Actually The corridor is always so clean,general_conversation,
Actually The corridor is always so clean can you help?,general_conversation,
Actually The doctor explained everything so well,general_conversation,
Actually The elevator music is pleasant,general_conversation,
Actually The food quality is very good here this is urgent.,general_conversation,
Actually The food was very good today thank you,general_conversation,
Actually The food was very good today thank you please,general_conversation,
Actually The garden downstairs looks peaceful,general_conversation,
Actually The hallway is a bit too noisy during the day please,general_conversation,
Actually The hospital corridor is always busy,general_conversation,
Actually The hospital corridor is always busy thank you so much,general_conversation,
Actually The hospital garden looks beautiful kindly help.,general_conversation,
Actually The hospital garden looks beautiful thank you so much,general_conversation,
Actually The hospital wifi is quite fast,general_conversation,
Actually The hospital wifi is quite fast kindly help.,general_conversation,
Actually The mattress makes it hard to sleep that is all.,general_conversation,
Actually The medication seems to be working well this is urgent.,general_conversation,
Actually The monsoon rain sounds nice from in here,general_conversation,
Actually The moon is very bright tonight,general_conversation,
Actually The night staff could be a bit more responsive,general_conversation,
Actually The noise in the corridor at night is disturbing,general_conversation,
Actually The noise in the corridor at night is disturbing thank you,general_conversation,
Actually The nurse was a little rude please note,general_conversation,
Actually The nurses went above and beyond for me,general_conversation,
Actually The staff here is very professional that is all.,general_conversation,
Actually The sunset today was gorgeous that is all.,general_conversation,
Actually The sunset today was gorgeous this is urgent.,general_conversation,
Actually The toilet flush sound is very loud,general_conversation,
Actually The trees outside my window are swaying thank you so much,general_conversation,
Actually The waiting area is comfortable for visitors thank you,general_conversation,
Actually The ward could use some air freshener that is all.,general_conversation,
Actually The ward staff is very efficient,general_conversation,
Actually There are so many doctors in this hospital at the earliest please.,general_conversation,
Actually There is a mosquito problem in my room,general_conversation,
Actually There is a mosquito problem in my room I would really appreciate it.,general_conversation,
Actually There is a mosquito problem in my room this is urgent.,general_conversation,
Actually There is a nice painting on the wall opposite my bed,general_conversation,
Actually There is a nice painting on the wall opposite my bed this is urgent.,general_conversation,
Actually This hospital is very clean I am impressed,general_conversation,
Actually Time is passing so slowly here thank you,general_conversation,
Actually Very good hospital I will recommend to others thank you,general_conversation,
Actually What floor is the cafeteria on,general_conversation,
Actually What is the name of the doctor on duty tonight,general_conversation,
Actually What language does CareMate understand,general_conversation,
Actually When can my kids come to see me,general_conversation,
Alright I am going to rest now,general_conversation,
Alright I am going to rest now is that possible?,general_conversation,
Alright I am going to rest now that is all.,general_conversation,
Alvida I am going home now,general_conversation,
Alvida I am going home now please,general_conversation,
Alvida I am going home now thank you,general_conversation,
Are there any books available to borrow I would really appreciate it.,general_conversation,
Are there any books available to borrow thank you so much,general_conversation,
Are there any books available to borrow that is all.,general_conversation,
Are you a robot or a human,general_conversation,
Are you a robot or a human just letting you know.,general_conversation,
Being here away from my kids is hard,general_conversation,
Being here away from my kids is hard can you help?,general_conversation,
Being here away from my kids is hard is that possible?,general_conversation,
Being in the hospital is very boring,general_conversation,
Being in the hospital is very boring I would really appreciate it.,general_conversation,
Being in the hospital is very boring at the earliest please.,general_conversation,
Being in the hospital is very boring just letting you know.,general_conversation,
Bye bye and thank you all just letting you know.,general_conversation,
Bye bye and thank you all that is all.,general_conversation,
Can CareMate call the nurse for me,general_conversation,
Can CareMate call the nurse for me can you help?,general_conversation,
Can CareMate call the nurse for me that is all.,general_conversation,
Can CareMate call the nurse for me this is urgent.,general_conversation,
Can CareMate help me track my medications,general_conversation,
Can CareMate help me track my medications can you help?,general_conversation,
Can CareMate help me track my medications just letting you know.,general_conversation,
Can CareMate play music for me,general_conversation,
Can CareMate play music for me thank you,general_conversation,
Can CareMate play music for me thank you so much,general_conversation,
Can CareMate remind me to take medicine,general_conversation,
Can CareMate remind me to take medicine just letting you know.,general_conversation,
Can CareMate remind me to take medicine please,general_conversation,
Can CareMate tell me a joke,general_conversation,
Can CareMate tell me a joke I would really appreciate it.,general_conversation,
Can I ask CareMate anything,general_conversation,
Can I ask CareMate anything just letting you know.,general_conversation,
Can I ask CareMate anything this is urgent.,general_conversation,
Can I color or draw I need something to do,general_conversation,
Can I color or draw I need something to do thank you so much,general_conversation,
Can I do some stretching exercises in bed,general_conversation,
Can I do some stretching exercises in bed at the earliest please.,general_conversation,
Can I do some stretching exercises in bed just letting you know.,general_conversation,
Can I do some stretching exercises in bed this is urgent.,general_conversation,
Can I get a newspaper to read,general_conversation,
Can I get a newspaper to read just letting you know.,general_conversation,
Can I get a newspaper to read kindly help.,general_conversation,
Can I get a newspaper to read thank you so much,general_conversation,
Can I go for a small walk in the corridor just letting you know.,general_conversation,
Can I go for a small walk in the corridor please,general_conversation,
Can I go for a small walk in the corridor thank you so much,general_conversation,
Can I have something to read,general_conversation,
Can I have something to read at the earliest please.,general_conversation,
Can I have something to read just letting you know.,general_conversation,
Can I have something to read thank you so much,general_conversation,
Can I light a small lamp for my prayers,general_conversation,
Can I light a small lamp for my prayers is that possible?,general_conversation,
Can I light a small lamp for my prayers please,general_conversation,
Can I light a small lamp for my prayers that is all.,general_conversation,
Can I listen to podcasts on the hospital wifi,general_conversation,
Can I listen to podcasts on the hospital wifi can you help?,general_conversation,
Can I listen to podcasts on the hospital wifi just letting you know.,general_conversation,
Can I listen to podcasts on the hospital wifi kindly help.,general_conversation,
Can I listen to podcasts on the hospital wifi please,general_conversation,
Can I listen to podcasts on the hospital wifi that is all.,general_conversation,
Can I listen to some music while resting,general_conversation,
Can I listen to some music while resting just letting you know.,general_conversation,
Can I listen to some music while resting that is all.,general_conversation,
Can I step out to the balcony for fresh air,general_conversation,
Can I talk to CareMate anytime,general_conversation,
Can I talk to CareMate anytime I would really appreciate it.,general_conversation,
Can I talk to CareMate anytime at the earliest please.,general_conversation,
Can I talk to CareMate anytime please,general_conversation,
Can I talk to CareMate anytime thank you,general_conversation,
Can I talk to CareMate anytime thank you so much,general_conversation,
Can I use my mobile phone here,general_conversation,
Can I use my mobile phone here thank you,general_conversation,
Can I watch TV is the TV time over,general_conversation,
Can I watch TV is the TV time over kindly help.,general_conversation,
Can a chaplain come and visit me,general_conversation,
Can a chaplain come and visit me is that possible?,general_conversation,
Can a chaplain come and visit me thank you,general_conversation,
Can my brother stay overnight with me,general_conversation,
Can my brother stay overnight with me can you help?,general_conversation,
Can my brother stay overnight with me thank you,general_conversation,
Can my brother stay overnight with me that is all.,general_conversation,
Can my caretaker come in during non-visiting hours,general_conversation,
Can my caretaker come in during non-visiting hours I would really appreciate it.,general_conversation,
Can my caretaker come in during non-visiting hours can you help?,general_conversation,
Can my caretaker come in during non-visiting hours just letting you know.,general_conversation,
Can my children come during visiting hours,general_conversation,
Can my children come during visiting hours please,general_conversation,
Can my family bring my clothes from home just letting you know.,general_conversation,
Can my family bring my clothes from home this is urgent.,general_conversation,
Can my neighbor who is also admitted come visit me I would really appreciate it.,general_conversation,
Can my neighbor who is also admitted come visit me is that possible?,general_conversation,
Can my neighbor who is also admitted come visit me this is urgent.,general_conversation,
Can my spouse stay with me tonight,general_conversation,
Can my spouse stay with me tonight please,general_conversation,
Can my spouse stay with me tonight thank you,general_conversation,
Can my wife use the restroom on this floor,general_conversation,
Can my wife use the restroom on this floor is that possible?,general_conversation,
Can my wife use the restroom on this floor kindly help.,general_conversation,
Can my wife use the restroom on this floor thank you,general_conversation,
Can my wife use the restroom on this floor thank you so much,general_conversation,
Can my wife use the restroom on this floor this is urgent.,general_conversation,
Can someone bring me a sudoku book,general_conversation,
Can someone bring me a sudoku book thank you,general_conversation,
Can someone bring me a sudoku book that is all.,general_conversation,
Can someone bring my prayer beads from my bag,general_conversation,
Can someone bring my prayer beads from my bag at the earliest please.,general_conversation,
Can someone bring my prayer beads from my bag is that possible?,general_conversation,
Can someone bring my prayer beads from my bag just letting you know.,general_conversation,
Can someone bring my prayer beads from my bag thank you,general_conversation,
Can someone bring my prayer beads from my bag thank you so much,general_conversation,
Can someone bring my prayer beads from my bag that is all.,general_conversation,
Can someone bring the rosary from my drawer,general_conversation,
Can someone bring the rosary from my drawer at the earliest please.,general_conversation,
Can someone bring the rosary from my drawer can you help?,general_conversation,
Can someone bring the rosary from my drawer is that possible?,general_conversation,
Can someone bring the rosary from my drawer just letting you know.,general_conversation,
Can someone bring the rosary from my drawer please,general_conversation,
Can someone face my bed towards the east for prayer,general_conversation,
Can someone face my bed towards the east for prayer I would really appreciate it.,general_conversation,
Can someone face my bed towards the east for prayer at the earliest please.,general_conversation,
Can someone face my bed towards the east for prayer can you help?,general_conversation,
Can someone face my bed towards the east for prayer kindly help.,general_conversation,
Can someone face my bed towards the east for prayer thank you so much,general_conversation,
Can someone help me set up my prayer mat,general_conversation,
Can someone help me set up my prayer mat I would really appreciate it.,general_conversation,
Can someone help me set up my prayer mat just letting you know.,general_conversation,
Can someone help me set up my prayer mat kindly help.,general_conversation,
Can someone help me set up my prayer mat this is urgent.,general_conversation,
Can someone play some music in the room,general_conversation,
Can someone play some music in the room can you help?,general_conversation,
Can someone play some music in the room is that possible?,general_conversation,
Can someone play some music in the room just letting you know.,general_conversation,
Can someone play some music in the room thank you so much,general_conversation,
Can someone tell my family I am doing well,general_conversation,
Can someone tell my family I am doing well just letting you know.,general_conversation,
Can someone tell my family I am doing well kindly help.,general_conversation,
Can someone tell my family I am doing well this is urgent.,general_conversation,
Can the lights be turned off I want to sleep,general_conversation,
Can the lights be turned off I want to sleep that is all.,general_conversation,
Can you hear me? Are there any books available to borrow kindly help.,general_conversation,
Can you hear me? Being here away from my kids is hard please,general_conversation,
Can you hear me? Being in the hospital is very boring this is urgent.,general_conversation,
Can you hear me? Bye bye and thank you all this is urgent.,general_conversation,
Can you hear me? Can CareMate call the nurse for me,general_conversation,
Can you hear me? Can CareMate play music for me,general_conversation,
Can you hear me? Can CareMate tell me a joke,general_conversation,
Can you hear me? Can I get a newspaper to read just letting you know.,general_conversation,
Can you hear me? Can I have something to read,general_conversation,
Can you hear me? Can I have something to read that is all.,general_conversation,
Can you hear me? Can I light a small lamp for my prayers,general_conversation,
Can you hear me? Can I light a small lamp for my prayers please,general_conversation,
Can you hear me? Can I listen to podcasts on the hospital wifi this is urgent.,general_conversation,
Can you hear me? Can I listen to some music while resting kindly help.,general_conversation,
Can you hear me? Can I talk to CareMate anytime,general_conversation,
Can you hear me? Can I watch TV is the TV time over,general_conversation,
Can you hear me? Can a chaplain come and visit me,general_conversation,
Can you hear me? Can my caretaker come in during non-visiting hours,general_conversation,
Can you hear me? Can my caretaker come in during non-visiting hours is that possible?,general_conversation,
Can you hear me? Can my children come during visiting hours,general_conversation,
Can you hear me? Can my family bring food from outside,general_conversation,
Can you hear me? Can my family bring my clothes from home,general_conversation,
Can you hear me? Can my family bring my clothes from home thank you so much,general_conversation,
Can you hear me? Can my spouse stay with me tonight this is urgent.,general_conversation,
Can you hear me? Can someone bring the rosary from my drawer please,general_conversation,
Can you hear me? Can someone face my bed towards the east for prayer,general_conversation,
Can you hear me? Can someone help me set up my prayer mat thank you,general_conversation,
Can you hear me? Can someone help me set up my prayer mat that is all.,general_conversation,
Can you hear me? Can someone tell my family I am doing well,general_conversation,
Can you hear me? Cancel my previous request I do not need it,general_conversation,
Can you hear me? Cancel my previous request I do not need it I would really appreciate it.,general_conversation,
Can you hear me? False alarm sorry I am fine,general_conversation,
Can you hear me? Finally going home I am so happy,general_conversation,
Can you hear me? Going home today fingers crossed for a smooth recovery,general_conversation,
Can you hear me? Going home today fingers crossed for a smooth recovery thank you,general_conversation,
Can you hear me? Going home today fingers crossed for a smooth recovery that is all.,general_conversation,
Can you hear me? Good evening how are you can you help?,general_conversation,
Can you hear me? Goodbye I am leaving the hospital today,general_conversation,
Can you hear me? Hello can anyone hear me,general_conversation,
Can you hear me? How do I change the TV channel that is all.,general_conversation,
Can you hear me? How do I use the call bell,general_conversation,
Can you hear me? How many more days will I be here,general_conversation,
Can you hear me? How many visitors can I have at once,general_conversation,
Can you hear me? How smart is CareMate at the earliest please.,general_conversation,
Can you hear me? I am a little anxious about tomorrow's procedure,general_conversation,
Can you hear me? I am a little anxious about tomorrow's procedure thank you,general_conversation,
Can you hear me? I am being discharged and I just wanted to thank everyone,general_conversation,
Can you hear me? I am counting the days until discharge is that possible?,general_conversation,
Can you hear me? I am excited but also a little nervous about going home,general_conversation,
Can you hear me? I am feeling a little bored here thank you so much,general_conversation,
Can you hear me? I am feeling a little lonely today,general_conversation,
Can you hear me? I am feeling better emotionally today,general_conversation,
Can you hear me? I am feeling more positive today,general_conversation,
Can you hear me? I am feeling very sleepy,general_conversation,
Can you hear me? I am getting restless being here so long kindly help.,general_conversation,
Can you hear me? I am going to sleep now good night,general_conversation,
Can you hear me? I am going to sleep now good night I would really appreciate it.,general_conversation,
Can you hear me? I am grateful for the round the clock care,general_conversation,
Can you hear me? I am happy with the treatment I am receiving can you help?,general_conversation,
Can you hear me? I am happy with the treatment I am receiving that is all.,general_conversation,
Can you hear me? I am just checking in to say I am fine,general_conversation,
Can you hear me? I am just humming to myself,general_conversation,
Can you hear me? I am packing my things I am going home,general_conversation,
Can you hear me? I am so bored in this room this is urgent.,general_conversation,
Can you hear me? I am so excited to go home today,general_conversation,
Can you hear me? I am so excited to go home today kindly help.,general_conversation,
Can you hear me? I am so excited to go home today this is urgent.,general_conversation,
Can you hear me? I am tired of being in bed all the time kindly help.,general_conversation,
Can you hear me? I am worried about the test results I would really appreciate it.,general_conversation,
Can you hear me? I appreciate the prompt service,general_conversation,
Can you hear me? I appreciate the prompt service just letting you know.,general_conversation,
Can you hear me? I can hear better today after the treatment,general_conversation,
Can you hear me? I can hear better today after the treatment thank you,general_conversation,
Can you hear me? I can hear birds outside my window,general_conversation,
Can you hear me? I cannot remember why I called can you help?,general_conversation,
Can you hear me? I could not sleep at all last night,general_conversation,
Can you hear me? I could not sleep at all last night at the earliest please.,general_conversation,
Can you hear me? I could sleep without pain medication last night,general_conversation,
Can you hear me? I cried a little today I miss home I would really appreciate it.,general_conversation,
Can you hear me? I did not need oxygen support today I would really appreciate it.,general_conversation,
Can you hear me? I enjoy chatting with CareMate,general_conversation,
Can you hear me? I feel homesick I want to go home,general_conversation,
Can you hear me? I feel isolated being in this room all day that is all.,general_conversation,
Can you hear me? I feel less anxious today thank you,general_conversation,
Can you hear me? I feel spiritually at peace today,general_conversation,
Can you hear me? I feel spiritually at peace today is that possible?,general_conversation,
Can you hear me? I feel stronger today than yesterday,general_conversation,
Can you hear me? I feel trapped in this bed all day,general_conversation,
Can you hear me? I feel well enough to read a book today please,general_conversation,
Can you hear me? I finally got some rest this afternoon,general_conversation,
Can you hear me? I had a dream and woke up startled,general_conversation,
Can you hear me? I had a good sleep last night at the earliest please.,general_conversation,
Can you hear me? I had a nightmare and woke up scared,general_conversation,
Can you hear me? I had to press the call bell three times before someone came please,general_conversation,
Can you hear me? I have been counting tiles on the ceiling thank you,general_conversation,
Can you hear me? I hope I do not have to come back here again,general_conversation,
Can you hear me? I hope I do not have to come back here again that is all.,general_conversation,
Can you hear me? I just woke up good morning,general_conversation,
Can you hear me? I just woke up good morning thank you,general_conversation,
Can you hear me? I managed to walk a few steps today,general_conversation,
Can you hear me? I need complete silence to sleep please,general_conversation,
Can you hear me? I need complete silence to sleep please just letting you know.,general_conversation,
Can you hear me? I need some entertainment suggestions,general_conversation,
Can you hear me? I need some entertainment suggestions just letting you know.,general_conversation,
Can you hear me? I pressed the button by mistake sorry please,general_conversation,
Can you hear me? I really appreciate the care I am getting,general_conversation,
Can you hear me? I really appreciate the care I am getting please,general_conversation,
Can you hear me? I really appreciate the emotional support from the staff I would really appreciate it.,general_conversation,
Can you hear me? I saw a cat in the hospital garden today thank you,general_conversation,
Can you hear me? I slept for only two hours is that possible?,general_conversation,
Can you hear me? I slept for only two hours just letting you know.,general_conversation,
Can you hear me? I thought of something but forgot,general_conversation,
Can you hear me? I usually sleep at 10 PM can the lights go off by then thank you,general_conversation,
Can you hear me? I want to commend the housekeeping staff,general_conversation,
Can you hear me? I want to commend the housekeeping staff at the earliest please.,general_conversation,
Can you hear me? I want to meditate for a while please do not disturb is that possible?,general_conversation,
Can you hear me? I want to pray can I have a few undisturbed minutes just letting you know.,general_conversation,
Can you hear me? I want to read my holy book can someone bring it this is urgent.,general_conversation,
Can you hear me? I want to say goodbye I am going home today thank you,general_conversation,
Can you hear me? I want to say thank you before I leave can you help?,general_conversation,
Can you hear me? I was able to sit up without assistance please,general_conversation,
Can you hear me? I was dreaming and pressed the button sorry is that possible?,general_conversation,
Can you hear me? I was just mumbling to myself is that possible?,general_conversation,
Can you hear me? I was just thinking out loud,general_conversation,
Can you hear me? I was trying to adjust my pillow and hit the call button please,general_conversation,
Can you hear me? I will miss CareMate when I go home kindly help.,general_conversation,
Can you hear me? I will miss the nurses when I leave,general_conversation,
Can you hear me? I will miss the nurses when I leave can you help?,general_conversation,
Can you hear me? I will recommend this hospital to everyone I know,general_conversation,
Can you hear me? I will recommend this hospital to everyone I know can you help?,general_conversation,
Can you hear me? I will recommend this hospital to everyone I know just letting you know.,general_conversation,
Can you hear me? I will remember the kindness of the staff,general_conversation,
Can you hear me? I wish I could go for a walk outside,general_conversation,
Can you hear me? I wish I could go to the hospital garden,general_conversation,
Can you hear me? I woke up feeling refreshed today at the earliest please.,general_conversation,
Can you hear me? I woke up feeling refreshed today please,general_conversation,
Can you hear me? I woke up in the middle of the night and could not go back to sleep,general_conversation,
Can you hear me? I would like to do my evening prayer quietly,general_conversation,
Can you hear me? I would like to do my evening prayer quietly I would really appreciate it.,general_conversation,
Can you hear me? I would like to do my evening prayer quietly at the earliest please.,general_conversation,
Can you hear me? I would like to do my evening prayer quietly kindly help.,general_conversation,
Can you hear me? I would like to do my morning prayers,general_conversation,
Can you hear me? Ignore that last call I am fine,general_conversation,
Can you hear me? Is CareMate connected to the nurses station at the earliest please.,general_conversation,
Can you hear me? Is CareMate recording what I say please,general_conversation,
Can you hear me? Is it raining outside today,general_conversation,
Can you hear me? Is there a Sunday service I can attend from my room thank you,general_conversation,
Can you hear me? Is there a chapel or prayer room in the hospital,general_conversation,
Can you hear me? Is there a chapel or prayer room in the hospital is that possible?,general_conversation,
Can you hear me? Is there a common area where I can sit with my family just letting you know.,general_conversation,
Can you hear me? Is there a library or book cart in the hospital,general_conversation,
Can you hear me? Is there a library or book cart in the hospital that is all.,general_conversation,
Can you hear me? Is there a phone I can use to call my family just letting you know.,general_conversation,
Can you hear me? Is there anything to do here,general_conversation,
Can you hear me? Is there anything to do here can you help?,general_conversation,
Can you hear me? It looks like it will rain today,general_conversation,
Can you hear me? Just giving feedback the bathroom smell is not great that is all.,general_conversation,
Can you hear me? Just testing if this thing works,general_conversation,
Can you hear me? Kya tum samajh sakte ho hindi that is all.,general_conversation,
Can you hear me? My church group wants to visit is there a limit,general_conversation,
Can you hear me? My cousin is here from abroad can he come in,general_conversation,
Can you hear me? My daughter called she wants to know how I am doing,general_conversation,
Can you hear me? My daughter called she wants to know how I am doing that is all.,general_conversation,
Can you hear me? My daughter called she wants to know how I am doing this is urgent.,general_conversation,
Can you hear me? My family is here can they come in is that possible?,general_conversation,
Can you hear me? My family is here can they come in kindly help.,general_conversation,
Can you hear me? My family is picking me up today please,general_conversation,
Can you hear me? My family wants to bring home-cooked food is that okay this is urgent.,general_conversation,
Can you hear me? My fever has come down I feel better,general_conversation,
Can you hear me? My in-laws are waiting downstairs please let them know just letting you know.,general_conversation,
Can you hear me? My incision looks cleaner today,general_conversation,
Can you hear me? My incision looks cleaner today thank you,general_conversation,
Can you hear me? My mind went blank for a moment this is urgent.,general_conversation,
Can you hear me? My mother is elderly can she sit in a comfortable chair,general_conversation,
Can you hear me? My pain has reduced a lot can you help?,general_conversation,
Can you hear me? My parents are coming today what time can they visit,general_conversation,
Can you hear me? My room has a lovely view of the garden,general_conversation,
Can you hear me? My room has a lovely view of the garden thank you so much,general_conversation,
Can you hear me? My sister is here where should she wait,general_conversation,
Can you hear me? My swelling has gone down is that possible?,general_conversation,
Can you hear me? My swelling has gone down that is all.,general_conversation,
Can you hear me? My wife is waiting outside can she visit now that is all.,general_conversation,
Can you hear me? Namaste,general_conversation,
Can you hear me? Nandri sister,general_conversation,
Can you hear me? Nee yaaru,general_conversation,
Can you hear me? Nothing important just talking to myself,general_conversation,
Can you hear me? Oh wait I remember now no it is gone,general_conversation,
Can you hear me? Shukriya bahut achha service hai,general_conversation,
Can you hear me? Sorry I did not mean to press the button thank you so much,general_conversation,
Can you hear me? Sorry wrong button,general_conversation,
Can you hear me? Suprabhatam,general_conversation,
Can you hear me? Thank you CareMate you are very helpful kindly help.,general_conversation,
Can you hear me? Thank you for keeping my family informed,general_conversation,
Can you hear me? Thank you for the blanket it helped a lot,general_conversation,
Can you hear me? Thank you for the blanket it helped a lot that is all.,general_conversation,
Can you hear me? Thank you for the quick response to my call I would really appreciate it.,general_conversation,
Can you hear me? The AC was not working properly earlier is that possible?,general_conversation,
Can you hear me? The admission process was quick and efficient at the earliest please.,general_conversation,
Can you hear me? The air smells fresh after the rain at the earliest please.,general_conversation,
Can you hear me? The air smells fresh after the rain thank you,general_conversation,
Can you hear me? The bed is very comfortable,general_conversation,
Can you hear me? The breakfast today was not fresh thank you so much,general_conversation,
Can you hear me? The cleaning staff does an amazing job at the earliest please.,general_conversation,
Can you hear me? The clock on the wall is ticking loudly kindly help.,general_conversation,
Can you hear me? The corridor is always so clean,general_conversation,
Can you hear me? The days feel very long in here,general_conversation,
Can you hear me? The days feel very long in here can you help?,general_conversation,
Can you hear me? The discharge process was very smooth,general_conversation,
Can you hear me? The doctor explained everything so well this is urgent.,general_conversation,
Can you hear me? The elevator music is pleasant please,general_conversation,
Can you hear me? The elevator works smoothly here,general_conversation,
Can you hear me? The elevator works smoothly here can you help?,general_conversation,
Can you hear me? The elevator works smoothly here just letting you know.,general_conversation,
Can you hear me? The food was very good today thank you,general_conversation,
Can you hear me? The food was very good today thank you I would really appreciate it.,general_conversation,
Can you hear me? The hallway decorations are cheerful can you help?,general_conversation,
Can you hear me? The hallway is a bit too noisy during the day is that possible?,general_conversation,
Can you hear me? The hospital corridor is always busy,general_conversation,
Can you hear me? The hospital garden looks beautiful please,general_conversation,
Can you hear me? The hospital wifi is quite fast please,general_conversation,
Can you hear me? The intercom sound quality is not great,general_conversation,
Can you hear me? The lights are a bit too bright at night,general_conversation,
Can you hear me? The mattress makes it hard to sleep I would really appreciate it.,general_conversation,
Can you hear me? The mattress makes it hard to sleep that is all.,general_conversation,
Can you hear me? The meal was cold this morning just wanted to let you know thank you,general_conversation,
Can you hear me? The monitor beeps wake me up constantly can you help?,general_conversation,
Can you hear me? The moon is very bright tonight thank you,general_conversation,
Can you hear me? The moon is very bright tonight this is urgent.,general_conversation,
Can you hear me? The new bedsheets are very comfortable kindly help.,general_conversation,
Can you hear me? The new bedsheets are very comfortable that is all.,general_conversation,
Can you hear me? The night staff could be a bit more responsive,general_conversation,
Can you hear me? The night was peaceful I slept well,general_conversation,
Can you hear me? The nurse was a little rude please note,general_conversation,
Can you hear me? The nurses here are so kind thank you at the earliest please.,general_conversation,
Can you hear me? The nurses here are so kind thank you can you help?,general_conversation,
Can you hear me? The nurses here are so kind thank you please,general_conversation,
Can you hear me? The physiotherapist was very encouraging can you help?,general_conversation,
Can you hear me? The room cleaning could be more frequent,general_conversation,
Can you hear me? The room is very comfortable thank you,general_conversation,
Can you hear me? The trees outside my window are swaying,general_conversation,
Can you hear me? The ward could use some air freshener I would really appreciate it.,general_conversation,
Can you hear me? The water jug was empty for a long time,general_conversation,
Can you hear me? The water jug was empty for a long time please,general_conversation,
Can you hear me? The weather outside looks nice from the window just letting you know.,general_conversation,
Can you hear me? The weather outside looks nice from the window this is urgent.,general_conversation,
Can you hear me? There are so many doctors in this hospital,general_conversation,
Can you hear me? There is a nice painting on the wall opposite my bed,general_conversation,
Can you hear me? There is a nice painting on the wall opposite my bed can you help?,general_conversation,
Can you hear me? This has been a long stay but I am finally leaving,general_conversation,
Can you hear me? This has been a long stay but I am finally leaving thank you,general_conversation,
Can you hear me? What are the visiting rules on weekends,general_conversation,
Can you hear me? What are the visiting rules on weekends kindly help.,general_conversation,
Can you hear me? When can my kids come to see me,general_conversation,
Can you hear me? When can my kids come to see me I would really appreciate it.,general_conversation,
Can you hear me? When can my kids come to see me is that possible?,general_conversation,
Can you hear me? When do visiting hours start in the morning just letting you know.,general_conversation,
Can you hear me? When is visiting hour please I would really appreciate it.,general_conversation,
Can you hear me? When is visiting hour please just letting you know.,general_conversation,
Can you hear me? When is visiting hour please kindly help.,general_conversation,
Can you hear me? Who built CareMate,general_conversation,
Can you hear me? You are very helpful CareMate just letting you know.,general_conversation,
Can you understand Tamil,general_conversation,
Cancel my previous request I do not need it,general_conversation,
Cancel my previous request I do not need it I would really appreciate it.,general_conversation,
Do you understand Hindi too,general_conversation,
Do you understand Hindi too at the earliest please.,general_conversation,
Do you understand Hindi too thank you so much,general_conversation,
Doctor was very gentle and kind during the check,general_conversation,
Doctor was very gentle and kind during the check I would really appreciate it.,general_conversation,
Doctor was very gentle and kind during the check please,general_conversation,
Does CareMate learn from my requests just letting you know.,general_conversation,
Does CareMate understand all languages just letting you know.,general_conversation,
Does CareMate understand all languages kindly help.,general_conversation,
Everyone has treated me with so much respect thank you,general_conversation,
Everyone is so caring and attentive,general_conversation,
Everyone is so caring and attentive I would really appreciate it.,general_conversation,
Everyone is so caring and attentive this is urgent.,general_conversation,
Excuse me Being here away from my kids is hard is that possible?,general_conversation,
Excuse me Being in the hospital is very boring,general_conversation,
Excuse me Being in the hospital is very boring that is all.,general_conversation,
Excuse me Bye bye and thank you all,general_conversation,
Excuse me Can CareMate call the nurse for me,general_conversation,
Excuse me Can CareMate help me track my medications can you help?,general_conversation,
Excuse me Can I ask CareMate anything at the earliest please.,general_conversation,
Excuse me Can I color or draw I need something to do that is all.,general_conversation,
Excuse me Can I do some stretching exercises in bed that is all.,general_conversation,
Excuse me Can I listen to podcasts on the hospital wifi,general_conversation,
Excuse me Can I use my mobile phone here,general_conversation,
Excuse me Can a chaplain come and visit me,general_conversation,
Excuse me Can a chaplain come and visit me I would really appreciate it.,general_conversation,
Excuse me Can a chaplain come and visit me thank you,general_conversation,
Excuse me Can my brother stay overnight with me,general_conversation,
Excuse me Can my brother stay overnight with me is that possible?,general_conversation,
Excuse me Can my family bring food from outside at the earliest please.,general_conversation,
Excuse me Can my family bring my clothes from home,general_conversation,
Excuse me Can my neighbor who is also admitted come visit me please,general_conversation,
Excuse me Can my spouse stay with me tonight,general_conversation,
Excuse me Can my wife use the restroom on this floor,general_conversation,
Excuse me Can someone bring the rosary from my drawer at the earliest please.,general_conversation,
Excuse me Can someone help me set up my prayer mat I would really appreciate it.,general_conversation,
Excuse me Can someone help me set up my prayer mat that is all.,general_conversation,
Excuse me Can someone tell my family I am doing well,general_conversation,
Excuse me Can the lights be turned off I want to sleep I would really appreciate it.,general_conversation,
Excuse me Cancel my previous request I do not need it,general_conversation,
Excuse me Do you understand Hindi too,general_conversation,
Excuse me False alarm sorry I am fine,general_conversation,
Excuse me False alarm sorry I am fine thank you,general_conversation,
Excuse me Going home today fingers crossed for a smooth recovery,general_conversation,
Excuse me Going home today fingers crossed for a smooth recovery thank you so much,general_conversation,
Excuse me Good afternoon this is urgent.,general_conversation,
Excuse me Good morning how is everyone today,general_conversation,
Excuse me Good morning how is everyone today this is urgent.,general_conversation,
Excuse me Good night I will sleep now,general_conversation,
Excuse me Good night I will sleep now can you help?,general_conversation,
Excuse me Good night see you tomorrow,general_conversation,
Excuse me Good night see you tomorrow thank you so much,general_conversation,
Excuse me Goodbye I am leaving the hospital today I would really appreciate it.,general_conversation,
Excuse me Hello CareMate,general_conversation,
Excuse me Hi good morning thank you,general_conversation,
Excuse me Hi there,general_conversation,
Excuse me Hospital life is not easy but I am managing kindly help.,general_conversation,
Excuse me How do I change the TV channel at the earliest please.,general_conversation,
Excuse me How do I use the call bell this is urgent.,general_conversation,
Excuse me How does CareMate work,general_conversation,
Excuse me How does this system work exactly,general_conversation,
Excuse me How does this system work exactly can you help?,general_conversation,
Excuse me How long has this hospital been here,general_conversation,
Excuse me How long has this hospital been here please,general_conversation,
Excuse me How many patients are in this ward I would really appreciate it.,general_conversation,
Excuse me How many visitors can I have at once please,general_conversation,
Excuse me I accidentally pressed the button ignore this,general_conversation,
Excuse me I accidentally spoke into the device can you help?,general_conversation,
Excuse me I am a light sleeper and the ward is noisy at the earliest please.,general_conversation,
Excuse me I am a light sleeper and the ward is noisy just letting you know.,general_conversation,
Excuse me I am being discharged I want to thank everyone kindly help.,general_conversation,
Excuse me I am being discharged and I just wanted to thank everyone is that possible?,general_conversation,
Excuse me I am excited but also a little nervous about going home thank you,general_conversation,
Excuse me I am feeling low because my family could not visit today,general_conversation,
Excuse me I am feeling more positive today,general_conversation,
Excuse me I am getting restless being here so long please,general_conversation,
Excuse me I am going crazy just lying here just letting you know.,general_conversation,
Excuse me I am going to sleep now good night,general_conversation,
Excuse me I am going to try to nap for a while just letting you know.,general_conversation,
Excuse me I am grateful for the round the clock care,general_conversation,
Excuse me I am just checking in to say I am fine,general_conversation,
Excuse me I am just humming to myself,general_conversation,
Excuse me I am nervous about managing at home without the nurses I would really appreciate it.,general_conversation,
Excuse me I am nervous about the surgery please,general_conversation,
Excuse me I am okay for now thank you is that possible?,general_conversation,
Excuse me I am packing my things I am going home,general_conversation,
Excuse me I am scared about what the doctor might say,general_conversation,
Excuse me I am scared about what the doctor might say I would really appreciate it.,general_conversation,
Excuse me I am so bored in this room,general_conversation,
Excuse me I am so excited to go home today,general_conversation,
Excuse me I am so excited to go home today that is all.,general_conversation,
Excuse me I am tired of being in bed all the time,general_conversation,
Excuse me I am worried about the test results that is all.,general_conversation,
Excuse me I appreciate the prompt service this is urgent.,general_conversation,
Excuse me I can hear better today after the treatment thank you so much,general_conversation,
Excuse me I can hear birds outside my window,general_conversation,
Excuse me I can hear birds outside my window I would really appreciate it.,general_conversation,
Excuse me I can move my arm better today can you help?,general_conversation,
Excuse me I can see the parking lot from my window,general_conversation,
Excuse me I changed my mind about the request,general_conversation,
Excuse me I could not sleep at all last night that is all.,general_conversation,
Excuse me I could sleep without pain medication last night,general_conversation,
Excuse me I could sleep without pain medication last night just letting you know.,general_conversation,
Excuse me I dozed off and missed the doctor's visit,general_conversation,
Excuse me I dozed off and missed the doctor's visit that is all.,general_conversation,
Excuse me I drank a full glass of water without help,general_conversation,
Excuse me I enjoy chatting with CareMate,general_conversation,
Excuse me I feel a bit down today but it will pass,general_conversation,
Excuse me I feel comforted by praying thank you so much,general_conversation,
Excuse me I feel comforted by praying that is all.,general_conversation,
Excuse me I feel grateful but also ready to leave is that possible?,general_conversation,
Excuse me I feel homesick I want to go home thank you,general_conversation,
Excuse me I feel like the days are going by very slowly,general_conversation,
Excuse me I feel like the days are going by very slowly is that possible?,general_conversation,
Excuse me I feel stronger after the physiotherapy,general_conversation,
Excuse me I feel stronger after the physiotherapy just letting you know.,general_conversation,
Excuse me I feel very safe and comfortable here I would really appreciate it.,general_conversation,
Excuse me I felt a little ignored earlier but it is okay now,general_conversation,
Excuse me I finally got some rest this afternoon,general_conversation,
Excuse me I finally got some rest this afternoon thank you,general_conversation,
Excuse me I had a good bowel movement today can you help?,general_conversation,
Excuse me I had a nightmare and woke up scared that is all.,general_conversation,
Excuse me I had a nightmare last night,general_conversation,
Excuse me I had a very restful night thank you,general_conversation,
Excuse me I have been counting tiles on the ceiling please,general_conversation,
Excuse me I have been counting tiles on the ceiling this is urgent.,general_conversation,
Excuse me I have nothing to do all day can you help?,general_conversation,
Excuse me I just want to go home already,general_conversation,
Excuse me I just want to go home already please,general_conversation,
Excuse me I just wanted to mention the wait time was a bit long at the earliest please.,general_conversation,
Excuse me I just woke up good morning I would really appreciate it.,general_conversation,
Excuse me I like talking to you CareMate thank you,general_conversation,
Excuse me I managed to eat the entire meal today at the earliest please.,general_conversation,
Excuse me I managed to eat the entire meal today kindly help.,general_conversation,
Excuse me I moved to the chair on my own today,general_conversation,
Excuse me I need some entertainment suggestions,general_conversation,
Excuse me I noticed they changed the flowers in the vase,general_conversation,
Excuse me I saw a cat in the hospital garden today,general_conversation,
Excuse me I saw flowers blooming in the hospital garden,general_conversation,
Excuse me I sleep better during the day than at night here,general_conversation,
Excuse me I sleep better during the day than at night here is that possible?,general_conversation,
Excuse me I slept very well last night at the earliest please.,general_conversation,
Excuse me I slept very well last night kindly help.,general_conversation,
Excuse me I spoke to my family and I feel better,general_conversation,
Excuse me I think it is getting colder outside kindly help.,general_conversation,
Excuse me I thought of something but forgot,general_conversation,
Excuse me I thought someone called my name,general_conversation,
Excuse me I usually sleep at 10 PM can the lights go off by then please,general_conversation,
Excuse me I want to call my daughter can I use the phone just letting you know.,general_conversation,
Excuse me I want to commend the housekeeping staff,general_conversation,
Excuse me I want to meditate for a while please do not disturb at the earliest please.,general_conversation,
Excuse me I want to meditate for a while please do not disturb this is urgent.,general_conversation,
Excuse me I want to observe my fast but I am not sure if I can please,general_conversation,
Excuse me I want to observe my fast but I am not sure if I can this is urgent.,general_conversation,
Excuse me I want to say goodbye I am going home today can you help?,general_conversation,
Excuse me I want to say goodbye I am going home today that is all.,general_conversation,
Excuse me I want to say thank you before I leave kindly help.,general_conversation,
Excuse me I want to write a thank you note for the team thank you,general_conversation,
Excuse me I was able to eat solid food today for the first time is that possible?,general_conversation,
Excuse me I was coughing and hit the button by mistake please,general_conversation,
Excuse me I was feeling sad but the nurse cheered me up,general_conversation,
Excuse me I was talking in my sleep ignore that,general_conversation,
Excuse me I was talking in my sleep ignore that at the earliest please.,general_conversation,
Excuse me I was trying to adjust my pillow and hit the call button,general_conversation,
Excuse me I was trying to adjust my pillow and hit the call button thank you,general_conversation,
Excuse me I will miss CareMate when I go home,general_conversation,
Excuse me I will recommend this hospital to everyone I know,general_conversation,
Excuse me I will recommend this hospital to everyone I know that is all.,general_conversation,
Excuse me I woke up feeling refreshed today at the earliest please.,general_conversation,
Excuse me I woke up feeling refreshed today that is all.,general_conversation,
Excuse me I would like to do my morning prayers,general_conversation,
Excuse me I would like to do my morning prayers I would really appreciate it.,general_conversation,
Excuse me I would like to do my morning prayers please,general_conversation,
Excuse me Ignore that last call I am fine that is all.,general_conversation,
Excuse me Is CareMate connected to the nurses station,general_conversation,
Excuse me Is CareMate recording what I say kindly help.,general_conversation,
Excuse me Is there a book I can borrow from somewhere,general_conversation,
Excuse me Is there a book I can borrow from somewhere I would really appreciate it.,general_conversation,
Excuse me Is there a book I can borrow from somewhere thank you,general_conversation,
Excuse me Is there a chapel or prayer room in the hospital can you help?,general_conversation,
Excuse me Is there a common area where I can sit with my family,general_conversation,
Excuse me Is there a lounge area I can sit in,general_conversation,
Excuse me Is there a park nearby I can see trees from here,general_conversation,
Excuse me Is there something to do here I am bored thank you so much,general_conversation,
Excuse me Is there something to do here I am bored this is urgent.,general_conversation,
Excuse me It looks like it will rain today,general_conversation,
Excuse me Just testing if this thing works that is all.,general_conversation,
Excuse me Leaving the hospital feels bittersweet,general_conversation,
Excuse me Leaving the hospital feels bittersweet at the earliest please.,general_conversation,
Excuse me My appetite is coming back I feel good,general_conversation,
Excuse me My appetite is coming back slowly,general_conversation,
Excuse me My blood pressure seems more stable today,general_conversation,
Excuse me My children made me a card can someone bring it in thank you,general_conversation,
Excuse me My cousin is here from abroad can he come in thank you so much,general_conversation,
Excuse me My daughter called she wants to know how I am doing thank you so much,general_conversation,
Excuse me My discharge is today I feel relieved please,general_conversation,
Excuse me My family is picking me up today please,general_conversation,
Excuse me My family wants to bring home-cooked food is that okay just letting you know.,general_conversation,
Excuse me My fever has come down I feel better,general_conversation,
Excuse me My in-laws are waiting downstairs please let them know,general_conversation,
Excuse me My incision looks cleaner today,general_conversation,
Excuse me My incision looks cleaner today please,general_conversation,
Excuse me My meal was served an hour late today please,general_conversation,
Excuse me My mother is elderly can she sit in a comfortable chair,general_conversation,
Excuse me My mother is elderly can she sit in a comfortable chair at the earliest please.,general_conversation,
Excuse me My pain has reduced a lot,general_conversation,
Excuse me My parents are coming today what time can they visit can you help?,general_conversation,
Excuse me My swelling has gone down I would really appreciate it.,general_conversation,
Excuse me My swelling has gone down this is urgent.,general_conversation,
Excuse me My wife is waiting outside can she visit now,general_conversation,
Excuse me My wound is healing nicely please,general_conversation,
Excuse me Namaskar can you help?,general_conversation,
Excuse me Namaste that is all.,general_conversation,
Excuse me Nandri sister this is urgent.,general_conversation,
Excuse me Nothing important just talking to myself is that possible?,general_conversation,
Excuse me Nothing urgent just saying hi thank you,general_conversation,
Excuse me Oh wait I remember now no it is gone just letting you know.,general_conversation,
Excuse me Salaam alaikum is that possible?,general_conversation,
Excuse me Shubh ratri please,general_conversation,
Excuse me Sorry I did not mean to press the button,general_conversation,
Excuse me Sorry I did not mean to press the button kindly help.,general_conversation,
Excuse me Sorry false alarm everything is okay,general_conversation,
Excuse me Suprabhatam,general_conversation,
Excuse me Thank you all I am heading home now that is all.,general_conversation,
Excuse me Thank you for keeping my family informed,general_conversation,
Excuse me Thank you for keeping my family informed thank you,general_conversation,
Excuse me Thank you for sending the nurse quickly can you help?,general_conversation,
Excuse me Thank you for the blanket it helped a lot at the earliest please.,general_conversation,
Excuse me Thank you for the quick response to my call I would really appreciate it.,general_conversation,
Excuse me Thank you so much for your help thank you so much,general_conversation,
Excuse me The AC was not working properly earlier thank you so much,general_conversation,
Excuse me The TV channels are limited can you add more,general_conversation,
Excuse me The admission process was quick and efficient,general_conversation,
Excuse me The air smells fresh after the rain,general_conversation,
Excuse me The ambulance siren sounds close just letting you know.,general_conversation,
Excuse me The bathroom is very clean and well maintained just letting you know.,general_conversation,
Excuse me The breakfast today was not fresh at the earliest please.,general_conversation,
Excuse me The corridor is always so clean,general_conversation,
Excuse me The curtain between beds does not close fully,general_conversation,
Excuse me The curtain between beds does not close fully I would really appreciate it.,general_conversation,
Excuse me The days feel very long in here,general_conversation,
Excuse me The days feel very long in here I would really appreciate it.,general_conversation,
Excuse me The discharge process was very smooth is that possible?,general_conversation,
Excuse me The elevator works smoothly here,general_conversation,
Excuse me The elevator works smoothly here I would really appreciate it.,general_conversation,
Excuse me The food was very good today thank you can you help?,general_conversation,
Excuse me The garden downstairs looks peaceful,general_conversation,
Excuse me The hallway decorations are cheerful,general_conversation,
Excuse me The hospital has a very nice reception area thank you so much,general_conversation,
Excuse me The intercom sound quality is not great is that possible?,general_conversation,
Excuse me The meal was cold this morning just wanted to let you know,general_conversation,
Excuse me The medication seems to be working well,general_conversation,
Excuse me The monsoon rain sounds nice from in here,general_conversation,
Excuse me The new bedsheets are very comfortable,general_conversation,
Excuse me The new bedsheets are very comfortable that is all.,general_conversation,
Excuse me The night staff could be a bit more responsive,general_conversation,
Excuse me The night staff could be a bit more responsive that is all.,general_conversation,
Excuse me The noise in the corridor at night is disturbing thank you so much,general_conversation,
Excuse me The noise kept me awake all night this is urgent.,general_conversation,
Excuse me The nurse was a little rude please note is that possible?,general_conversation,
Excuse me The nurses here are so kind thank you,general_conversation,
Excuse me The pillow is a bit flat for my liking,general_conversation,
Excuse me The pillow is a bit flat for my liking at the earliest please.,general_conversation,
Excuse me The response time for the call bell could be faster,general_conversation,
Excuse me The room cleaning could be more frequent just letting you know.,general_conversation,
Excuse me The soup today was really delicious,general_conversation,
Excuse me The staff here is very professional,general_conversation,
Excuse me The sunset today was gorgeous,general_conversation,
Excuse me The trees outside my window are swaying,general_conversation,
Excuse me The trees outside my window are swaying thank you so much,general_conversation,
Excuse me The trees outside my window are swaying that is all.,general_conversation,
Excuse me The view from my window is nice,general_conversation,
Excuse me The visiting area is nice for my family is that possible?,general_conversation,
Excuse me The ward has a nice warm feeling to it,general_conversation,
Excuse me The ward is very quiet and peaceful,general_conversation,
Excuse me The ward staff is very efficient thank you so much,general_conversation,
Excuse me The water jug was empty for a long time thank you,general_conversation,
Excuse me There are so many doctors in this hospital at the earliest please.,general_conversation,
Excuse me There is a mosquito problem in my room I would really appreciate it.,general_conversation,
Excuse me There is a nice painting on the wall opposite my bed that is all.,general_conversation,
Excuse me This has been a long stay but I am finally leaving can you help?,general_conversation,
Excuse me This hospital is very clean I am impressed,general_conversation,
Excuse me This is my first time in a hospital just letting you know.,general_conversation,
Excuse me Time is passing so slowly here can you help?,general_conversation,
Excuse me Vanakkam,general_conversation,
Excuse me What day is today just letting you know.,general_conversation,
Excuse me What floor is the cafeteria on,general_conversation,
Excuse me What is the name of this hospital,general_conversation,
Excuse me What language does CareMate understand kindly help.,general_conversation,
,,
,,
,,
,,
,,
,,
,,
,,
,,
,,
,,
,,
,,
,,
,,
,,
,,
,,
,,
,,
,,
,,
,,
,,
,,
,,
,,
,,
,,
,,
,,
,,
,,
,,
,,
,,
,,
,,
,,
,,
,,
,,
,,
,,
,,
,,
,,
,,
,,
,,
,,
,,
,,
,,
,,
,,
,,
,,
,,
,,
,,
,,
,,
,,
,,
,,
,,
,,
,,
,,
,,
,,
,,
,,
,,
,,
,,
,,
,,
,,
,,
,,
,,
,,
,,
,,
,,
,,
,,
,,
,,
,,
,,
,,
,,
,,
,,
,,
,,
,,
,,
,,
,,
,,
,,
,,
,,
,,
,,
,,
,,
,,
,,
,,
,,
,,
,,
,,
,,
,,
,,
,,
,,
,,
,,
,,
,,
,,
,,
,,
,,
,,
,,
,,
,,
,,
,,
,,
,,
,,
,,
,,
,,
,,
,,
,,
,,
,,
,,
,,
,,
,,
,,
,,
,,
,,
,,
,,
,,
,,
,,
,,
,,
,,
,,
,,
,,
,,
,,
,,
,,
,,
,,
,,
,,
,,
,,
,,
,,
,,
,,
,,
,,
,,
,,
,,
,,
,,
,,
,,
,,
,,
,,
,,
,,
,,
,,
,,
,,
,,
,,
,,
,,
,,
,,
,,
,,
,,
,,
,,
,,
,,
,,
,,
,,
,,
,,
,,
,,
,,
,,
,,
,,
,,
,,
,,
,,
,,
,,
,,
,,
,,
,,
,,
,,
,,
,,
,,
,,
,,
,,
,,
,,
,,
,,
,,
,,
,,
,,
,,
,,
,,
,,
,,
,,
,,
,,
,,
,,
,,
,,
,,
,,
,,
,,
,,
,,
,,
,,
,,
,,
,,
,,
,,
,,
,,
,,
,,
,,
,,
,,
,,
,,
,,
,,
,,
,,
,,
,,
,,
,,
,,
,,
,,
,,
,,
,,
,,
,,
,,
,,
,,
,,
,,
,,
,,
,,
,,
,,
,,
,,
,,
,,
,,
,,
,,
,,
,,
,,
,,
,,
,,
,,
,,
,,
,,
,,
,,
,,
,,
,,
,,
,,
,,
,,
,,
,,
,,
,,
,,
,,
,,
,,
,,
,,
,,
,,
,,
,,
,,
,,
,,
,,
,,
,,
,,
,,
,,
,,
,,
,,
,,
,,
,,
,,
,,
,,
,,
,,
,,
,,
,,
,,
,,
,,
,,
,,
,,
,,
,,
,,
,,
,,
,,
,,
,,
,,
,,
,,
,,
,,
,,
,,
,,
,,
,,
,,
,,
,,
,,
,,
,,
,,
,,
,,
,,
,,
,,
,,
,,
,,
,,
,,
,,
,,
,,
,,
,,
,,
,,
,,
,,
,,
,,
,,
,,
,,
,,
,,
,,
,,
,,
,,
,,
,,
,,
,,
,,
,,
,,
,,
,,
,,
,,
,,
,,
,,
,,
,,
,,
,,
,,
,,
,,
,,
,,
,,
,,
,,
,,
,,
,,
,,
,,
,,
,,
,,
,,
,,
,,
,,
,,
,,
,,
,,
,,
,,
,,
,,
,,
,,
,,
,,
,,
,,
,,
,,
,,
,,
,,
,,
,,
,,
,,
,,
,,
,,
,,
,,
,,
,,
,,
,,
,,
,,
,,
,,
,,
,,
,,
,,
,,
,,
,,
,,
,,
,,
,,
,,
,,
,,
,,
,,
,,
,,
,,
,,
,,
,,
,,
,,
,,
,,
,,
,,
,,
,,
,,
,,
,,
,,
,,
,,
,,
,,
,,
,,
,,
,,
,,
,,
,,
,,
,,
,,
,,
,,
,,
,,
,,
,,
,,
,,
,,
,,
,,
,,
,,
,,
,,
,,
,,
,,
,,
,,
,,
,,
,,
,,
,,
,,
,,
,,
,,
,,
,,
,,
,,
,,
,,
,,
,,
,,
,,
,,
,,
,,
,,
,,
,,
,,
,,
,,
,,
,,
,,
,,
,,
,,
,,
,,
,,
,,
,,
,,
,,
,,
,,
,,
,,
,,
,,
,,
,,
,,
,,
,,
,,
,,
,,
,,
,,
,,
,,
,,
,,
,,
,,
,,
,,
,,
,,
,,
,,
,,
,,
,,
,,
,,
,,
,,
,,
,,
,,
,,
,,
,,
,,
,,
,,
,,
,,
,,
,,
,,
,,
,,
,,
,,
,,
,,
,,
,,
,,
,,
,,
,,
,,
,,
,,
,,
,,
,,
,,
,,
,,
,,
,,
,,
,,
,,
,,
,,
,,
,,
,,
,,
,,
,,
,,
,,
,,
,,
,,
,,
,,
,,
,,
,,
,,
,,
,,
,,
,,
,,
,,
,,
,,
,,
,,
,,
,,
,,
,,
,,
,,
,,
,,
,,
,,
,,
,,
,,
,,
,,
,,
,,
,,
,,
,,
,,
,,
,,
,,
,,
,,
,,
,,
,,
,,
,,
,,
,,
,,
,,
,,
,,
,,
,,
,,
,,
,,
,,
,,
,,
,,
,,
,,
,,
,,
,,
,,
,,
,,
,,
,,
,,
,,
,,
,,
,,
,,
,,
,,
,,
,,
,,
,,
,,
,,
,,
,,
,,
,,
,,
,,
,,
,,
,,
,,
,,
,,
,,
,,
,,
,,
,,
,,
,,
,,
,,
,,
,,
,,
,,
,,
,,
,,
,,
,,
,,
,,
,,
,,
,,
,,
,,
,,
,,
,,
,,
,,
,,
,,
,,
,,
,,
,,
,,
,,
,,
,,
,,
,,
,,
,,
,,
,,
,,
,,
,,
,,
,,
,,
,,
,,
,,
,,
,,
,,
,,
,,
,,
,,
,,
,,
,,
,,
,,
,,
,,
,,
,,
,,
,,
,,
,,
,,
,,
,,
,,
,,
,,
,,
,,
,,
,,
,,
,,
,,
,,
,,
,,
,,
,,
,,
,,
,,
,,
,,
,,
,,
,,
,,
,,
,,
,,
,,
,,
,,
,,
,,
,,
,,
,,
,,
,,
,,
,,
,,
,,
,,
,,
,,
,,
,,
,,
,,
,,
,,
,,
,,
,,
,,
,,
,,
,,
,,
,,
,,
,,
,,
,,
,,
,,
,,
,,
,,
,,
,,
,,
,,
,,
,,
,,
,,
,,
,,
,,
,,
,,
,,
,,
,,
,,
,,
,,
,,
,,
,,
,,
,,
,,
,,
,,
,,
,,
,,
,,
,,
,,
,,
,,
,,
,,
,,
,,
,,
,,
,,
,,
,,
,,
,,
,,
,,
,,
,,
,,
,,
,,
,,
,,
,,
,,
,,
,,
,,
,,
,,
,,
,,
,,
,,
,,
,,
,,
,,
,,
,,
,,
,,
,,
,,
,,
,,
,,
,,
,,
,,
,,
,,
,,
,,
,,
,,
,,
,,
,,
,,
,,
,,
,,
,,
,,
,,
,,
,,
,,
,,
,,
,,
,,
,,
,,
,,
,,
,,
,,
,,
,,
,,
,,
,,
,,
,,
,,
,,
,,
,,
,,
,,
,,
,,
,,
,,
,,
,,
,,
,,
,,
,,
,,
,,
,,
,,
,,
,,
,,
,,
,,
,,
,,
,,
,,
,,
,,
,,
,,
,,
,,
,,
,,
,,
,,
,,
,,
,,
,,
,,
,,
,,
,,
,,
,,
,,
,,
,,
,,
,,
,,
,,
,,
,,
,,
,,
,,
,,
,,
,,
,,
,,
,,
,,
,,
,,
,,
,,
,,
,,
,,
,,
,,
,,
,,
,,
,,
,,
,,
,,
,,
,,
,,
,,
,,
,,
,,
,,
,,
,,
,,
,,
,,
,,
,,
,,
,,
,,
,,
,,
,,
,,
,,
,,
,,
,,
,,
,,
,,
,,
,,
,,
,,
,,
,,
,,
,,
,,
,,
,,
,,
,,
,,
,,
,,
,,
,,
,,
,,
,,
,,
,,
,,
,,
,,
,,
,,
,,
,,
,,
,,
,,
,,
,,
,,
,,
,,
,,
,,
,,
,,
,,
,,
,,
,,
,,
,,
,,
,,
,,
,,
,,
,,
,,
,,
,,
,,
,,
,,
,,
,,
,,
,,
,,
,,
,,
,,
,,
,,
,,
,,
,,
,,
,,
,,
,,
,,
,,
,,
,,
,,
,,
,,
,,
,,
,,
,,
,,
,,
,,
,,
,,
,,
,,
,,
,,
,,
,,
,,
,,
,,
,,
,,
,,
,,
,,
,,
,,
,,
,,
,,
,,
,,
,,
,,
,,
,,
,,
,,
,,
,,
,,
,,
,,
,,
,,
,,
,,
,,
,,
,,
,,
,,
,,
,,
,,
,,
,,
,,
,,
,,
,,
,,
,,
,,
,,
,,
,,
,,
,,
,,
,,
,,
,,
,,
,,
,,
,,
,,
,,
,,
,,
,,
,,
,,
,,
,,
,,
,,
,,
,,
,,
,,
,,
,,
,,
,,
,,
,,
,,
,,
,,
,,
,,
,,
,,
,,
,,
,,
,,
,,
,,
,,
,,
,,
,,
,,
,,
,,
,,
,,
,,
,,
,,
,,
,,
,,
,,
,,
,,
,,
,,
,,
,,
,,
,,
,,
,,
,,
,,
,,
,,
,,
,,
,,
,,
,,
,,
,,
,,
,,
,,
,,
,,
,,
,,
,,
,,
,,
,,
,,
,,
,,
,,
,,
,,
,,
,,
,,
,,
,,
,,
,,
,,
,,
,,
,,
,,
,,
,,
,,
,,
,,
,,
,,
,,
,,
,,
,,
,,
,,
,,
,,
,,
,,
,,
,,
,,
,,
,,
,,
,,
,,
,,
,,
,,
,,
,,
,,
,,
,,
,,
,,
,,
,,
,,
,,
,,
,,
,,
,,
,,
,,
,,
,,
,,
,,
,,
,,
,,
,,
,,
,,
,,
,,
,,
,,
,,
,,
,,
,,
,,
,,
,,
,,
,,
,,
,,
,,
,,
,,
,,
,,
,,
,,
,,
,,
,,
,,
,,
,,
,,
,,
,,
,,
,,
,,
,,
,,
,,
,,
,,
,,
,,
,,
,,
,,
,,
,,
,,
,,
,,
,,
,,
,,
,,
,,
,,
,,
,,
,,
,,
,,
,,
,,
,,
,,
,,
,,
,,
,,
,,
,,
,,
,,
,,
,,
,,
,,
,,
,,
,,
,,
,,
,,
,,
,,
,,
,,
,,
,,
,,
,,
,,
,,
,,
,,
,,
,,
,,
,,
,,
,,
,,
,,
,,
,,
,,
,,
,,
,,
,,
,,
,,
,,
,,
,,
,,
,,
,,
,,
,,
,,
,,
,,
,,
,,
,,
,,
,,
,,
,,
,,
,,
,,
,,
,,
,,
,,
,,
,,
,,
,,
,,
,,
,,
,,
,,
,,
,,
,,
,,
,,
,,
,,
,,
,,
,,
,,
,,
,,
,,
,,
,,
,,
,,
,,
,,
,,
,,
,,
,,
,,
,,
,,
,,
,,
,,
,,
,,
,,
,,
,,
,,
,,
,,
,,
,,
,,
,,
,,
,,
,,
,,
,,
,,
,,
,,
,,
,,
,,
,,
,,
,,
,,
,,
,,
,,
,,
,,
,,
,,
,,
,,
,,
,,
,,
,,
,,
,,
,,
,,
,,
,,
,,
,,
,,
,,
,,
,,
,,
,,
,,
,,
,,
,,
,,
,,
,,
,,
,,
,,
,,
,,
,,
,,
,,
,,
,,
,,
,,
,,
,,
,,
,,
,,
,,
,,
,,
,,
,,
,,
,,
,,
,,
,,
,,
,,
,,
,,
,,
,,
,,
,,
,,
,,
,,
,,
,,
,,
,,
,,
,,
,,
,,
,,
,,
,,
,,
,,
,,
,,
,,
,,
,,
,,
,,
,,
,,
,,
,,
,,
,,
,,
,,
,,
,,
,,
,,
,,
,,
,,
,,
,,
,,
,,
,,
,,
,,
,,
,,
,,
,,
,,
,,
,,
,,
,,
,,
,,
,,
,,
,,
,,
,,
,,
,,
,,
,,
,,
,,
,,
,,
,,
,,
,,
,,
,,
,,
,,
,,
,,
,,
,,
,,
,,
,,
,,
,,
,,
,,
,,
,,
,,
,,
,,
,,
,,
,,
,,
,,
,,
,,
,,
,,
,,
,,
,,
,,
,,
,,
,,
,,
,,
,,
,,
,,
,,
,,
,,
,,
,,
,,
,,
,,
,,
,,
,,
,,
,,
,,
,,
,,
,,
,,
,,
,,
,,
,,
,,
,,
,,
,,
,,
,,
,,
,,
,,
,,
,,
,,
,,
,,
,,
,,
,,
,,
,,
,,
,,
,,
,,
,,
,,
,,
,,
,,
,,
,,
,,
,,
,,
,,
,,
,,
,,
,,
,,
,,
,,
,,
,,
,,
,,
,,
,,
,,
,,
,,
,,
,,
,,
,,
,,
,,
,,
,,
,,
,,
,,
,,
,,
,,
,,
,,
,,
,,
,,
,,
,,
,,
,,
,,
,,
,,
,,
,,
,,
,,
,,
,,
,,
,,
,,
,,
,,
,,
,,
,,
,,
,,
,,
,,
,,
,,
,,
,,
,,
,,
,,
,,
,,
,,
,,
,,
,,
,,
,,
,,
,,
,,
,,
,,
,,
,,
,,
,,
,,
,,
,,
,,
,,
,,
,,
,,
,,
,,
,,
,,
,,
,,
,,
,,
,,
,,
,,
,,
,,
,,
,,
,,
,,
,,
,,
,,
,,
,,
,,
,,
,,
,,
,,
,,
,,
,,
,,
,,
,,
,,
,,
,,
,,
,,
,,
,,
,,
,,
,,
,,
,,
,,
,,
,,
,,
,,
,,
,,
,,
,,
,,
,,
,,
,,
,,
,,
,,
,,
,,
,,
,,
,,
,,
,,
,,
,,
,,
,,
,,
,,
,,
,,
,,
,,
,,
,,
,,
,,
,,
,,
,,
,,
,,
,,
,,
,,
,,
,,
,,
,,
,,
,,
,,
,,
,,
,,
,,
,,
,,
,,
,,
,,
,,
,,
,,
,,
,,
,,
,,
,,
,,
,,
,,
,,
,,
,,
,,
,,
,,
,,
,,
,,
,,
,,
,,
,,
,,
,,
,,
,,
,,
,,
,,
,,
,,
,,
,,
,,
,,
,,
,,
,,
,,
,,
,,
,,
,,
,,
,,
,,
,,
,,
,,
,,
,,
,,
,,
,,
,,
,,
,,
,,
,,
,,
,,
,,
,,
,,
,,
,,
,,
,,
,,
,,
,,
,,
,,
,,
,,
,,
,,
,,
,,
,,
,,
,,
,,
,,
,,
,,
,,
,,
,,
,,
,,
,,
,,
,,
,,
,,
,,
,,
,,
,,
,,
,,
,,
,,
,,
,,
,,
,,
,,
,,
,,
,,
,,
,,
,,
,,
,,
,,
,,
,,
,,
,,
,,
,,
,,
,,
,,
,,
,,
,,
,,
,,
,,
,,
,,
,,
,,
,,
,,
,,
,,
,,
,,
,,
,,
,,
,,
,,
,,
,,
,,
,,
,,
,,
,,
,,
,,
,,
,,
,,
,,
,,
,,
,,
,,
,,
,,
,,
,,
,,
,,
,,
,,
,,
,,
,,
,,
,,
,,
,,
,,
,,
,,
,,
,,
,,
,,
,,
,,
,,
,,
,,
,,
,,
,,
,,
,,
,,
,,
,,
,,
,,
,,
,,
,,
,,
,,
,,
,,
,,
,,
,,
,,
,,
,,
,,
,,
,,
,,
,,
,,
,,
,,
,,
,,
,,
,,
,,
,,
,,
,,
,,
,,
,,
,,
,,
,,
,,
,,
,,
,,
,,
,,
,,
,,
,,
,,
,,
,,
,,
,,
,,
,,
,,
,,
,,
,,
,,
,,
,,
,,
,,
,,
,,
,,
,,
,,
,,
,,
,,
,,
,,
,,
,,
,,
,,
,,
,,
,,
,,
,,
,,
,,
,,
,,
,,
,,
,,
,,
,,
,,
,,
,,
,,
,,
,,
,,
,,
,,
,,
,,
,,
,,
,,
,,
,,
,,
,,
,,
,,
,,
,,
,,
,,
,,
,,
,,
,,
,,
,,
,,
,,
,,
,,
,,
,,
,,
,,
,,
,,
,,
,,
,,
,,
,,
,,
,,
,,
,,
,,
,,
,,
,,
,,
,,
,,
,,
,,
,,
,,
,,
,,
,,
,,
,,
,,
,,
,,
,,
,,
,,
,,
,,
,,
,,
,,
,,
,,
,,
,,
,,
,,
,,
,,
,,
,,
,,
,,
,,
,,
,,
,,
,,
,,
,,
,,
,,
,,
,,
,,
,,
,,
,,
,,
,,
,,
,,
,,
,,
,,
,,
,,
,,
,,
,,
,,
,,
,,
,,
,,
,,
,,
,,
,,
,,
,,
,,
,,
,,
,,
,,
,,
,,
,,
,,
,,
,,
,,
,,
,,
,,
,,
,,
,,
,,
,,
,,
,,
,,
,,
,,
,,
,,
,,
,,
,,
,,
,,
,,
,,
,,
,,
,,
,,
,,
,,
,,
,,
,,
,,
,,
,,
,,
,,
,,
,,
,,
,,
,,
,,
,,
,,
,,
,,
,,
,,
,,
,,
,,
,,
,,
,,
,,
,,
,,
,,
,,
,,
,,
,,
,,
,,
,,
,,
,,
,,
,,
,,
,,
,,
,,
,,
,,
,,
,,
,,
,,
,,
,,
,,
,,
,,
,,
,,
,,
,,
,,
,,
,,
,,
,,
,,
,,
,,
,,
,,
,,
,,
,,
,,
,,
,,
,,
,,
,,
,,
,,
,,
,,
,,
,,
,,
,,
,,
,,
,,
,,
,,
,,
,,
,,
,,
,,
,,
,,
,,
,,
,,
,,
,,
,,
,,
,,
,,
,,
,,
,,
,,
,,
,,
,,
,,
,,
,,
,,
,,
,,
,,
,,
,,
,,
,,
,,
,,
,,
,,
,,
,,
,,
,,
,,
,,
,,
,,
,,
,,
,,
,,
,,
,,
,,
,,
,,
,,
,,
,,
,,
,,
,,
,,
,,
,,
,,
,,
,,
,,
,,
,,
,,
,,
,,
,,
,,
,,
,,
,,
,,
,,
,,
,,
,,
,,
,,
,,
,,
,,
,,
,,
,,
,,
,,
,,
,,
,,
,,
,,
,,
,,
,,
,,
,,
,,
,,
,,
,,
,,
,,
,,
,,
,,
,,
,,
,,
,,
,,
,,
,,
,,
,,
,,
,,
,,
,,
,,
,,
,,
,,
,,
,,
,,
,,
,,
,,
,,
,,
,,
,,
,,
,,
,,
,,
,,
,,
,,
,,
,,
,,
,,
,,
,,
,,
,,
,,
,,
,,
,,
,,
,,
,,
,,
,,
,,
,,
,,
,,
,,
,,
,,
,,
,,
,,
,,
,,
,,
,,
,,
,,
,,
,,
,,
,,
,,
,,
,,
,,
,,
,,
,,
,,
,,
,,
,,
,,
,,
,,
,,
,,
,,
,,
,,
,,
,,
,,
,,
,,
,,
,,
,,
,,
,,
,,
,,
,,
,,
,,
,,
,,
,,
,,
,,
,,
,,
,,
,,
,,
,,
,,
,,
,,
,,
,,
,,
,,
,,
,,
,,
,,
,,
,,
,,
,,
,,
,,
,,
,,
,,
,,
,,
,,
,,
,,
,,
,,
,,
,,
,,
,,
,,
,,
,,
,,
,,
,,
,,
,,
,,
,,
,,
,,
,,
,,
,,
,,
,,
,,
,,
,,
,,
,,
,,
,,
,,
,,
,,
,,
,,
,,
,,
,,
,,
,,
,,
,,
,,
,,
,,
,,
,,
,,
,,
,,
,,
,,
,,
,,
,,
,,
,,
,,
,,
,,
,,
,,
,,
,,
,,
,,
,,
,,
,,
,,
,,
,,
,,
,,
,,
,,
,,
,,
,,
,,
,,
,,
,,
,,
,,
,,
,,
,,
,,
,,
,,
,,
,,
,,
,,
,,
,,
,,
,,
,,
,,
,,
,,
,,
,,
,,
,,
,,
,,
,,
,,
,,
,,
,,
,,
,,
,,
,,
,,
,,
,,
,,
,,
,,
,,
,,
,,
,,
,,
,,
,,
,,
,,
,,
,,
,,
,,
,,
,,
,,
,,
,,
,,
,,
,,
,,
,,
,,
,,
,,
,,
,,
,,
,,
,,
,,
,,
,,
,,
,,
,,
,,
,,
,,
,,
,,
,,
,,
,,
,,
,,
,,
,,
,,
,,
,,
,,
,,
,,
,,
,,
,,
,,
,,
,,
,,
,,
,,
,,
,,
,,
,,
,,
,,
,,
,,
,,
,,
,,
,,
,,
,,
,,
,,
,,
,,
,,
,,
,,
,,
,,
,,
,,
,,
,,
,,
,,
,,
,,
,,
,,
,,
,,
,,
,,
,,
,,
,,
,,
,,
,,
,,
,,
,,
,,
,,
,,
,,
,,
,,
,,
,,
,,
,,
,,
,,
,,
,,
,,
,,
,,
,,
,,
,,
,,
,,
,,
,,
,,
,,
,,
,,
,,
,,
,,
,,
,,
,,
,,
,,
,,
,,
,,
,,
,,
,,
,,
,,
,,
,,
,,
,,
,,
,,
,,
,,
,,
,,
,,
,,
,,
,,
,,
,,
,,
,,
,,
,,
,,
,,
,,
,,
,,
,,
,,
,,
,,
,,
,,
,,
,,
,,
,,
,,
,,
,,
,,
,,
,,
,,
,,
,,
,,
,,
,,
,,
,,
,,
,,
,,
,,
,,
,,
,,
,,
,,
,,
,,
,,
,,
,,
,,
,,
,,
,,
,,
,,
,,
,,
,,
,,
,,
,,
,,
,,
,,
,,
,,
,,
,,
,,
,,
,,
,,
,,
,,
,,
,,
,,
,,
,,
,,
,,
,,
,,
,,
,,
,,
,,
,,
,,
,,
,,
,,
,,
,,
,,
,,
,,
,,
,,
,,
,,
,,
,,
,,
,,
,,
,,
,,
,,
,,
,,
,,
,,
,,
,,
,,
,,
,,
,,
,,
,,
,,
,,
,,
,,
,,
,,
,,
,,
,,
,,
,,
,,
,,
,,
,,
,,
,,
,,
,,
,,
,,
,,
,,
,,
,,
,,
,,
,,
,,
,,
,,
,,
,,
,,
,,
,,
,,
,,
,,
,,
,,
,,
,,
,,
,,
,,
,,
,,
,,
,,
,,
,,
,,
,,
,,
,,
,,
,,
,,
,,
,,
,,
,,
,,
,,
,,
,,
,,
,,
,,
,,
,,
,,
,,
,,
,,
,,
,,
,,
,,
,,
,,
,,
,,
,,
,,
,,
,,
,,
,,
,,
,,
,,
,,
,,
,,
,,
,,
,,
,,
,,
,,
,,
,,
,,
,,
,,
,,
,,
,,
,,
,,
,,
,,
,,
,,
,,
,,
,,
,,
,,
,,
,,
,,
,,
,,
,,
,,
,,
,,
,,
,,
,,
,,
,,
,,
,,
,,
,,
,,
,,
,,
,,
,,
,,
,,
,,
,,
,,
,,
,,
,,
,,
,,
,,
,,
,,
,,
,,
,,
,,
,,
,,
,,
,,
,,
,,
,,
,,
,,
,,
,,
,,
,,
,,
,,
,,
,,
,,
,,
,,
,,
,,
,,
,,
,,
,,
,,
,,
,,
,,
,,
,,
,,
,,
,,
,,
,,
,,
,,
,,
,,
,,
,,
,,
,,
,,
,,
,,
,,
,,
,,
,,
,,
,,
,,
,,
,,
,,
,,
,,
,,
,,
,,
,,
,,
,,
,,
,,
,,
,,
,,
,,
,,
,,
,,
,,
,,
,,
,,
,,
,,
,,
,,
,,
,,
,,
,,
,,
,,
,,
,,
,,
,,
,,
,,
,,
,,
,,
,,
,,
,,
,,
,,
,,
,,
,,
,,
,,
,,
,,
,,
,,
,,
,,
,,
,,
,,
,,
,,
,,
,,
,,
,,
,,
,,
,,
,,
,,
,,
,,
,,
,,
,,
,,
,,
,,
,,
,,
,,
,,
,,
,,
,,
,,
,,
,,
,,
,,
,,
,,
,,
,,
,,
,,
,,
,,
,,
,,
,,
,,
,,
,,
,,
,,
,,
,,
,,
,,
,,
,,
,,
,,
,,
,,
,,
,,
,,
,,
,,
,,
,,
,,
,,
,,
,,
,,
,,
,,
,,
,,
,,
,,
,,
,,
,,
,,
,,
,,
,,
,,
,,
,,
,,
,,
,,
,,
,,
,,
,,
,,
,,
,,
,,
,,
,,
,,
,,
,,
,,
,,
,,
,,
,,
,,
,,
,,
,,
,,
,,
,,
,,
,,
,,
,,
,,
,,
,,
,,
,,
,,
,,
,,
,,
,,
,,
,,
,,
,,
,,
,,
,,
,,
,,
,,
,,
,,
,,
,,
,,
,,
,,
,,
,,
,,
,,
,,
,,
,,
,,
,,
,,
,,
,,
,,
,,
,,
,,
,,
,,
,,
,,
,,
,,
,,
,,
,,
,,
,,
,,
,,
,,
,,
,,
,,
,,
,,
,,
,,
,,
,,
,,
,,
,,
,,
,,
,,
,,
,,
,,
,,
,,
,,
,,
,,
,,
,,
,,
,,
,,
,,
,,
,,
,,
,,
,,
,,
,,
,,
,,
,,
,,
,,
,,
,,
,,
,,
,,
,,
,,
,,
,,
,,
,,
,,
,,
,,
,,
,,
,,
,,
,,
,,
,,
,,
,,
,,
,,
,,
,,
,,
,,
,,
,,
,,
,,
,,
,,
,,
,,
,,
,,
,,
,,
,,
,,
,,
,,
,,
,,
,,
,,
,,
,,
,,
,,
,,
,,
,,
,,
,,
,,
,,
,,
,,
,,
,,
,,
,,
,,
,,
,,
,,
,,
,,
,,
,,
,,
,,
,,
,,
,,
,,
,,
,,
,,
,,
,,
,,
,,
,,
,,
,,
,,
,,
,,
,,
,,
,,
,,
,,
,,
,,
,,
,,
,,
,,
,,
,,
,,
,,
,,
,,
,,
,,
,,
,,
,,
,,
,,
,,
,,
,,
,,
,,
,,
,,
,,
,,
,,
,,
,,
,,
,,
,,
,,
,,
,,
,,
,,
,,
,,
,,
,,
,,
,,
,,
,,
,,
,,
,,
,,
,,
,,
,,
,,
,,
,,
,,
,,
,,
,,
,,
,,
,,
,,
,,
,,
,,
,,
,,
,,
,,
,,
,,
,,
,,
,,
,,
,,
,,
,,
,,
,,
,,
,,
,,
,,
,,
,,
,,
,,
,,
,,
,,
,,
,,
,,
,,
,,
,,
,,
,,
,,
,,
,,
,,
,,
,,
,,
,,
,,
,,
,,
,,
,,
,,
,,
,,
,,
,,
,,
,,
,,
,,
,,
,,
,,
,,
,,
,,
,,
,,
,,
,,
,,
,,
,,
,,
,,
,,
,,
,,
,,
,,
,,
,,
,,
,,
,,
,,
,,
,,
,,
,,
,,
,,
,,
,,
,,
,,
,,
,,
,,
,,
,,
,,
,,
,,
,,
,,
,,
,,
,,
,,
,,
,,
,,
,,
,,
,,
,,
,,
,,
,,
,,
,,
,,
,,
,,
,,
,,
,,
,,
,,
,,
,,
,,
,,
,,
,,
,,
,,
,,
,,
,,
,,
,,
,,
,,
,,
,,
,,
,,
,,
,,
,,
,,
,,
,,
,,
,,
,,
,,
,,
,,
,,
,,
,,
,,
,,
,,
,,
,,
,,
,,
,,
,,
,,
,,
,,
,,
,,
,,
,,
,,
,,
,,
,,
,,
,,
,,
,,
,,
,,
,,
,,
,,
,,
,,
,,
,,
,,
,,
,,
,,
,,
,,
,,
,,
,,
,,
,,
,,
,,
,,
,,
,,
,,
,,
,,
,,
,,
,,
,,
,,
,,
,,
,,
,,
,,
,,
,,
,,
,,
,,
,,
,,
,,
,,
,,
,,
,,
,,
,,
,,
,,
,,
,,
,,
,,
,,
,,
,,
,,
,,
,,
,,
,,
,,
,,
,,
,,
,,
,,
,,
,,
,,
,,
,,
,,
,,
,,
,,
,,
,,
,,
,,
,,
,,
,,
,,
,,
,,
,,
,,
,,
,,
,,
,,
,,
,,
,,
,,
,,
,,
,,
,,
,,
,,
,,
,,
,,
,,
,,
,,
,,
,,
,,
,,
,,
,,
,,
,,
,,
,,
,,
,,
,,
,,
,,
,,
,,
,,
,,
,,
,,
,,
,,
,,
,,
,,
,,
,,
,,
,,
,,
,,
,,
,,
,,
,,
,,
,,
,,
,,
,,
,,
,,
,,
,,
,,
,,
,,
,,
,,
,,
,,
,,
,,
,,
,,
,,
,,
,,
,,
,,
,,
,,
,,
,,
,,
,,
,,
,,
,,
,,
,,
,,
,,
,,
,,
,,
,,
,,
,,
,,
,,
,,
,,
,,
,,
,,
,,
,,
,,
,,
,,
,,
,,
,,
,,
,,
,,
,,
,,
,,
,,
,,
,,
,,
,,
,,
,,
,,
,,
,,
,,
,,
,,
,,
,,
,,
,,
,,
,,
,,
,,
,,
,,
,,
,,
,,
,,
,,
,,
,,
,,
,,
,,
,,
,,
,,
,,
,,
,,
,,
,,
,,
,,
,,
,,
,,
,,
,,
,,
,,
,,
,,
,,
,,
,,
,,
,,
,,
,,
,,
,,
,,
,,
,,
,,
,,
,,
,,
,,
,,
,,
,,
,,
,,
,,
,,
,,
,,
,,
,,
,,
,,
,,
,,
,,
,,
,,
,,
,,
,,
,,
,,
,,
,,
,,
,,
,,
,,
,,
,,
,,
,,
,,
,,
,,
,,
,,
,,
,,
,,
,,
,,
,,
,,
,,
,,
,,
,,
,,
,,
,,
,,
,,
,,
,,
,,
,,
,,
,,
,,
,,
,,
,,
,,
,,
,,
,,
,,
,,
,,
,,
,,
,,
,,
,,
,,
,,
,,
,,
,,
,,
,,
,,
,,
,,
,,
,,
,,
,,
,,
,,
,,
,,
,,
,,
,,
,,
,,
,,
,,
,,
,,
,,
,,
,,
,,
,,
,,
,,
,,
,,
,,
,,
,,
,,
,,
,,
,,
,,
,,
,,
,,
,,
,,
,,
,,
,,
,,
,,
,,
,,
,,
,,
,,
,,
,,
,,
,,
,,
,,
,,
,,
,,
,,
,,
,,
,,
,,
,,
,,
,,
,,
,,
,,
,,
,,
,,
,,
,,
,,
,,
,,
,,
,,
,,
,,
,,
,,
,,
,,
,,
,,
,,
,,
,,
,,
,,
,,
,,
,,
,,
,,
,,
,,
,,
,,
,,
,,
,,
,,
,,
,,
,,
,,
,,
,,
,,
,,
,,
,,
,,
,,
,,
,,
,,
,,
,,
,,
,,
,,
,,
,,
,,
,,
,,
,,
,,
,,
,,
,,
,,
,,
,,
,,
,,
,,
,,
,,
,,
,,
,,
,,
,,
,,
,,
,,
,,
,,
,,
,,
,,
,,
,,
,,
,,
,,
,,
,,
,,
,,
,,
,,
,,
,,
,,
,,
,,
,,
,,
,,
,,
,,
,,
,,
,,
,,
,,
,,
,,
,,
,,
,,
,,
,,
,,
,,
,,
,,
,,
,,
,,
,,
,,
,,
,,
,,
,,
,,
,,
,,
,,
,,
,,
,,
,,
,,
,,
,,
,,
,,
,,
,,
,,
,,
,,
,,
,,
,,
,,
,,
,,
,,
,,
,,
,,
,,
,,
,,
,,
,,
,,
,,
,,
,,
,,
,,
,,
,,
,,
,,
,,
,,
,,
,,
,,
,,
,,
,,
,,
,,
,,
,,
,,
,,
,,
,,
,,
,,
,,
,,
,,
,,
,,
,,
,,
,,
,,
,,
,,
,,
,,
,,
,,
,,
,,
,,
,,
,,
,,
,,
,,
,,
,,
,,
,,
,,
,,
,,
,,
,,
,,
,,
,,
,,
,,
,,
,,
,,
,,
,,
,,
,,
,,
,,
,,
,,
,,
,,
,,
,,
,,
,,
,,
,,
,,
,,
,,
,,
,,
,,
,,
,,
,,
,,
,,
,,
,,
,,
,,
,,
,,
,,
,,
,,
,,
,,
,,
,,
,,
,,
,,
,,
,,
,,
,,
,,
,,
,,
,,
,,
,,
,,
,,
,,
,,
,,
,,
,,
,,
,,
,,
,,
,,
,,
,,
,,
,,
,,
,,
,,
,,
,,
,,
,,
,,
,,
,,
,,
,,
,,
,,
,,
,,
,,
,,
,,
,,
,,
,,
,,
,,
,,
,,
,,
,,
,,
,,
,,
,,
,,
,,
,,
,,
,,
,,
,,
,,
,,
,,
,,
,,
,,
,,
,,
,,
,,
,,
,,
,,
,,
,,
,,
,,
,,
,,
,,
,,
,,
,,
,,
,,
,,
,,
,,
,,
,,
,,
,,
,,
,,
,,
,,
,,
,,
,,
,,
,,
,,
,,
,,
,,
,,
,,
,,
,,
,,
,,
,,
,,
,,
,,
,,
,,
,,
,,
,,
,,
,,
,,
,,
,,
,,
,,
,,
,,
,,
,,
,,
,,
,,
,,
,,
,,
,,
,,
,,
,,
,,
,,
,,
,,
,,
,,
,,
,,
,,
,,
,,
,,
,,
,,
,,
,,
,,
,,
,,
,,
,,
,,
,,
,,
,,
,,
,,
,,
,,
,,
,,
,,
,,
,,
,,
,,
,,
,,
,,
,,
,,
,,
,,
,,
,,
,,
,,
,,
,,
,,
,,
,,
,,
,,
,,
,,
,,
,,
,,
,,
,,
,,
,,
,,
,,
,,
,,
,,
,,
,,
,,
,,
,,
,,
,,
,,
,,
,,
,,
,,
,,
,,
,,
,,
,,
,,
,,
,,
,,
,,
,,
,,
,,
,,
,,
,,
,,
,,
,,
,,
,,
,,
,,
,,
,,
,,
,,
,,
,,
,,
,,
,,
,,
,,
,,
,,
,,
,,
,,
,,
,,
,,
,,
,,
,,
,,
,,
,,
,,
,,
,,
,,
,,
,,
,,
,,
,,
,,
,,
,,
,,
,,
,,
,,
,,
,,
,,
,,
,,
,,
,,
,,
,,
,,
,,
,,
,,
,,
,,
,,
,,
,,
,,
,,
,,
,,
,,
,,
,,
,,
,,
,,
,,
,,
,,
,,
,,
,,
,,
,,
,,
,,
,,
,,
,,
,,
,,
,,
,,
,,
,,
,,
,,
,,
,,
,,
,,
,,
,,
,,
,,
,,
,,
,,
,,
,,
,,
,,
,,
,,
,,
,,
,,
,,
,,
,,
,,
,,
,,
,,
,,
,,
,,
,,
,,
,,
,,
,,
,,
,,
,,
,,
,,
,,
,,
,,
,,
,,
,,
,,
,,
,,
,,
,,
,,
,,
,,
,,
,,
,,
,,
,,
,,
,,
,,
,,
,,
,,
,,
,,
,,
,,
,,
,,
,,
,,
,,
,,
,,
,,
,,
,,
,,
,,
,,
,,
,,
,,
,,
,,
,,
,,
,,
,,
,,
,,
,,
,,
,,
,,
,,
,,
,,
,,
,,
,,
,,
,,
,,
,,
,,
,,
,,
,,
,,
,,
,,
,,
,,
,,
,,
,,
,,
,,
,,
,,
,,
,,
,,
,,
,,
,,
,,
,,
,,
,,
,,
,,
,,
,,
,,
,,
,,
,,
,,
,,
,,
,,
,,
,,
,,
,,
,,
,,
,,
,,
,,
,,
,,
,,
,,
,,
,,
,,
,,
,,
,,
,,
,,
,,
,,
,,
,,
,,
,,
,,
,,
,,
,,
,,
,,
,,
,,
,,
,,
,,
,,
,,
,,
,,
,,
,,
,,
,,
,,
,,
,,
,,
,,
,,
,,
,,
,,
,,
,,
,,
,,
,,
,,
,,
,,
,,
,,
,,
,,
,,
,,
,,
,,
,,
,,
,,
,,
,,
,,
,,
,,
,,
,,
,,
,,
,,
,,
,,
,,
,,
,,
,,
,,
,,
,,
,,
,,
,,
,,
,,
,,
,,
,,
,,
,,
,,
,,
,,
,,
,,
,,
,,
,,
,,
,,
,,
,,
,,
,,
,,
,,
,,
,,
,,
,,
,,
,,
,,
,,
,,
,,
,,
,,
,,
,,
,,
,,
,,
,,
,,
,,
,,
,,
,,
,,
,,
,,
,,
,,
,,
,,
,,
,,
,,
,,
,,
,,
,,
,,
,,
,,
,,
,,
,,
,,
,,
,,
,,
,,
,,
,,
,,
,,
,,
,,
,,
,,
,,
,,
,,
,,
,,
,,
,,
,,
,,
,,
,,
,,
,,
,,
,,
,,
,,
,,
,,
,,
,,
,,
,,
,,
,,
,,
,,
,,
,,
,,
,,
,,
,,
,,
,,
,,
,,
,,
,,
,,
,,
,,
,,
,,
,,
,,
,,
,,
,,
,,
,,
,,
,,
,,
,,
,,
,,
,,
,,
,,
,,
,,
,,
,,
,,
,,
,,
,,
,,
,,
,,
,,
,,
,,
,,
,,
,,
,,
,,
,,
,,
,,
,,
,,
,,
,,
,,
,,
,,
,,
,,
,,
,,
,,
,,
,,
,,
,,
,,
,,
,,
,,
,,
,,
,,
,,
,,
,,
,,
,,
,,
,,
,,
,,
,,
,,
,,
,,
,,
,,
,,
,,
,,
,,
,,
,,
,,
,,
,,
,,
,,
,,
,,
,,
,,
,,
,,
,,
,,
,,
,,
,,
,,
,,
,,
,,
,,
,,
,,
,,
,,
,,
,,
,,
,,
,,
,,
,,
,,
,,
,,
,,
,,
,,
,,
,,
,,
,,
,,
,,
,,
,,
,,
,,
,,
,,
,,
,,
,,
,,
,,
,,
,,
,,
,,
,,
,,
,,
,,
,,
,,
,,
,,
,,
,,
,,
,,
,,
,,
,,
,,
,,
,,
,,
,,
,,
,,
,,
,,
,,
,,
,,
,,
,,
,,
,,
,,
,,
,,
,,
,,
,,
,,
,,
,,
,,
,,
,,
,,
,,
,,
,,
,,
,,
,,
,,
,,
,,
,,
,,
,,
,,
,,
,,
,,
,,
,,
,,
,,
,,
,,
,,
,,
,,
,,
,,
,,
,,
,,
,,
,,
,,
,,
,,
,,
,,
,,
,,
,,
,,
,,
,,
,,
,,
,,
,,
,,
,,
,,
,,
,,
,,
,,
,,
,,
,,
,,
,,
,,
,,
,,
,,
,,
,,
,,
,,
,,
,,
,,
,,
,,
,,
,,
,,
,,
,,
,,
,,
,,
,,
,,
,,
,,
,,
,,
,,
,,
,,
,,
,,
,,
,,
,,
,,
,,
,,
,,
,,
,,
,,
,,
,,
,,
,,
,,
,,
,,
,,
,,
,,
,,
,,
,,
,,
,,
,,
,,
,,
,,
,,
,,
,,
,,
,,
,,
,,
,,
,,
,,
,,
,,
,,
,,
,,
,,
,,
,,
,,
,,
,,
,,
,,
,,
,,
,,
,,
,,
,,
,,
,,
,,
,,
,,
,,
,,
,,
,,
,,
,,
,,
,,
,,
,,
,,
,,
,,
,,
,,
,,
,,
,,
,,
,,
,,
,,
,,
,,
,,
,,
,,
,,
,,
,,
,,
,,
,,
,,
,,
,,
,,
,,
,,
,,
,,
,,
,,
,,
,,
,,
,,
,,
,,
,,
,,
,,
,,
,,
,,
,,
,,
,,
,,
,,
,,
,,
,,
,,
,,
,,
,,
,,
,,
,,
,,
,,
,,
,,
,,
,,
,,
,,
,,
,,
,,
,,
,,
,,
,,
,,
,,
,,
,,
,,
,,
,,
,,
,,
,,
,,
,,
,,
,,
,,
,,
,,
,,
,,
,,
,,
,,
,,
,,
,,
,,
,,
,,
,,
,,
,,
,,
,,
,,
,,
,,
,,
,,
,,
,,
,,
,,
,,
,,
,,
,,
,,
,,
,,
,,
,,
,,
,,
,,
,,
,,
,,
,,
,,
,,
,,
,,
,,
,,
,,
,,
,,
,,
,,
,,
,,
,,
,,
,,
,,
,,
,,
,,
,,
,,
,,
,,
,,
,,
,,
,,
,,
,,
,,
,,
,,
,,
,,
,,
,,
,,
,,
,,
,,
,,
,,
,,
,,
,,
,,
,,
,,
,,
,,
,,
,,
,,
,,
,,
,,
,,
,,
,,
,,
,,
,,
,,
,,
,,
,,
,,
,,
,,
,,
,,
,,
,,
,,
,,
,,
,,
,,
,,
,,
,,
,,
,,
,,
,,
,,
,,
,,
,,
,,
,,
,,
,,
,,
,,
,,
,,
,,
,,
,,
,,
,,
,,
,,
,,
,,
,,
,,
,,
,,
,,
,,
,,
,,
,,
,,
,,
,,
,,
,,
,,
,,
,,
,,
,,
,,
,,
,,
,,
,,
,,
,,
,,
,,
,,
,,
,,
,,
,,
,,
,,
,,
,,
,,
,,
,,
,,
,,
,,
,,
,,
,,
,,
,,
,,
,,
,,
,,
,,
,,
,,
,,
,,
,,
,,
,,
,,
,,
,,
,,
,,
,,
,,
,,
,,
,,
,,
,,
,,
,,
,,
,,
,,
,,
,,
,,
,,
,,
,,
,,
,,
,,
,,
,,
,,
,,
,,
,,
,,
,,
,,
,,
,,
,,
,,
,,
,,
,,
,,
,,
,,
,,
,,
,,
,,
,,
,,
,,
,,
,,
,,
,,
,,
,,
,,
,,
,,
,,
,,
,,
,,
,,
,,
,,
,,
,,
,,
,,
,,
,,
,,
,,
,,
,,
,,
,,
,,
,,
,,
,,
,,
,,
,,
,,
,,
,,
,,
,,
,,
,,
,,
,,
,,
,,
,,
,,
,,
,,
,,
,,
,,
,,
,,
,,
,,
,,
,,
,,
,,
,,
,,
,,
,,
,,
,,
,,
,,
,,
,,
,,
,,
,,
,,
,,
,,
,,
,,
,,
,,
,,
,,
,,
,,
,,
,,
,,
,,
,,
,,
,,
,,
,,
,,
,,
,,
,,
,,
,,
,,
,,
,,
,,
,,
,,
,,
,,
,,
,,
,,
,,
,,
,,
,,
,,
,,
,,
,,
,,
,,
,,
,,
,,
,,
,,
,,
,,
,,
,,
,,
,,
,,
,,
,,
,,
,,
,,
,,
,,
,,
,,
,,
,,
,,
,,
,,
,,
,,
,,
,,
,,
,,
,,
,,
,,
,,
,,
,,
,,
,,
,,
,,
,,
,,
,,
,,
,,
,,
,,
,,
,,
,,
,,
,,
,,
,,
,,
,,
,,
,,
,,
,,
,,
,,
,,
,,
,,
,,
,,
,,
,,
,,
,,
,,
,,
,,
,,
,,
,,
,,
,,
,,
,,
,,
,,
,,
,,
,,
,,
,,
,,
,,
,,
,,
,,
,,
,,
,,
,,
,,
,,
,,
,,
,,
,,
,,
,,
,,
,,
,,
,,
,,
,,
,,
,,
,,
,,
,,
,,
,,
,,
,,
,,
,,
,,
,,
,,
,,
,,
,,
,,
,,
,,
,,
,,
,,
,,
,,
,,
,,
,,
,,
,,
,,
,,
,,
,,
,,
,,
,,
,,
,,
,,
,,
,,
,,
,,
,,
,,
,,
,,
,,
,,
,,
,,
,,
,,
,,
,,
,,
,,
,,
,,
,,
,,
,,
,,
,,
,,
,,
,,
,,
,,
,,
,,
,,
,,
,,
,,
,,
,,
,,
,,
,,
,,
,,
,,
,,
,,
,,
,,
,,
,,
,,
,,
,,
,,
,,
,,
,,
,,
,,
,,
,,
,,
,,
,,
,,
,,
,,
,,
,,
,,
,,
,,
,,
,,
,,
,,
,,
,,
,,
,,
,,
,,
,,
,,
,,
,,
,,
,,
,,
,,
,,
,,
,,
,,
,,
,,
,,
,,
,,
,,
,,
,,
,,
,,
,,
,,
,,
,,
,,
,,
,,
,,
,,
,,
,,
,,
,,
,,
,,
,,
,,
,,
,,
,,
,,
,,
,,
,,
,,
,,
,,
,,
,,
,,
,,
,,
,,
,,
,,
,,
,,
,,
,,
,,
,,
,,
,,
,,
,,
,,
,,
,,
,,
,,
,,
,,
,,
,,
,,
,,
,,
,,
,,
,,
,,
,,
,,
,,
,,
,,
,,
,,
,,
,,
,,
,,
,,
,,
,,
,,
,,
,,
,,
,,
,,
,,
,,
,,
,,
,,
,,
,,
,,
,,
,,
,,
,,
,,
,,
,,
,,
,,
,,
,,
,,
,,
,,
,,
,,
,,
,,
,,
,,
,,
,,
,,
,,
,,
,,
,,
,,
,,
,,
,,
,,
,,
,,
,,
,,
,,
,,
,,
,,
,,
,,
,,
,,
,,
,,
,,
,,
,,
,,
,,
,,
,,
,,
,,
,,
,,
,,
,,
,,
,,
,,
,,
,,
,,
,,
,,
,,
,,
,,
,,
,,
,,
,,
,,
,,
,,
,,
,,
,,
,,
,,
,,
,,
,,
,,
,,
,,
,,
,,
,,
,,
,,
,,
,,
,,
,,
,,
,,
,,
,,
,,
,,
,,
,,
,,
,,
,,
,,
,,
,,
,,
,,
,,
,,
,,
,,
,,
,,
,,
,,
,,
,,
,,
,,
,,
,,
,,
,,
,,
,,
,,
,,
,,
,,
,,
,,
,,
,,
,,
,,
,,
,,
,,
,,
,,
,,
,,
,,
,,
,,
,,
,,
,,
,,
,,
,,
,,
,,
,,
,,
,,
,,
,,
,,
,,
,,
,,
,,
,,
,,
,,
,,
,,
,,
,,
,,
,,
,,
,,
,,
,,
,,
,,
,,
,,
,,
,,
,,
,,
,,
,,
,,
,,
,,
,,
,,
,,
,,
,,
,,
,,
,,
,,
,,
,,
,,
,,
,,
,,
,,
,,
,,
,,
,,
,,
,,
,,
,,
,,
,,
,,
,,
,,
,,
,,
,,
,,
,,
,,
,,
,,
,,
,,
,,
,,
,,
,,
,,
,,
,,
,,
,,
,,
,,
,,
,,
,,
,,
,,
,,
,,
,,
,,
,,
,,
,,
,,
,,
,,
,,
,,
,,
,,
,,
,,
,,
,,
,,
,,
,,
,,
,,
,,
,,
,,
,,
,,
,,
,,
,,
,,
,,
,,
,,
,,
,,
,,
,,
,,
,,
,,
,,
,,
,,
,,
,,
,,
,,
,,
,,
,,
,,
,,
,,
,,
,,
,,
,,
,,
,,
,,
,,
,,
,,
,,
,,
,,
,,
,,
,,
,,
,,
,,
,,
,,
,,
,,
,,
,,
,,
,,
,,
,,
,,
,,
,,
,,
,,
,,
,,
,,
,,
,,
,,
,,
,,
,,
,,
,,
,,
,,
,,
,,
,,
,,
,,
,,
,,
,,
,,
,,
,,
,,
,,
,,
,,
,,
,,
,,
,,
,,
,,
,,
,,
,,
,,
,,
,,
,,
,,
,,
,,
,,
,,
,,
,,
,,
,,
,,
,,
,,
,,
,,
,,
,,
,,
,,
,,
,,
,,
,,
,,
,,
,,
,,
,,
,,
,,
,,
,,
,,
,,
,,
,,
,,
,,
,,
,,
,,
,,
,,
,,
,,
,,
,,
,,
,,
,,
,,
,,
,,
,,
,,
,,
,,
,,
,,
,,
,,
,,
,,
,,
,,
,,
,,
,,
,,
,,
,,
,,
,,
,,
,,
,,
,,
,,
,,
,,
,,
,,
,,
,,
,,
,,
,,
,,
,,
,,
,,
,,
,,
,,
,,
,,
,,
,,
,,
,,
,,
,,
,,
,,
,,
,,
,,
,,
,,
,,
,,
,,
,,
,,
,,
,,
,,
,,
,,
,,
,,
,,
,,
,,
,,
,,
,,
,,
,,
,,
,,
,,
,,
,,
,,
,,
,,
,,
,,
,,
,,
,,
,,
,,
,,
,,
,,
,,
,,
,,
,,
,,
,,
,,
,,
,,
,,
,,
,,
,,
,,
,,
,,
,,
,,
,,
,,
,,
,,
,,
,,
,,
,,
,,
,,
,,
,,
,,
,,
,,
,,
,,
,,
,,
,,
,,
,,
,,
,,
,,
,,
,,
,,
,,
,,
,,
,,
,,
,,
,,
,,
,,
,,
,,
,,
,,
,,
,,
,,
,,
,,
,,
,,
,,
,,
,,
,,
,,
,,
,,
,,
,,
,,
,,
,,
,,
,,
,,
,,
,,
,,
,,
,,
,,
,,
,,
,,
,,
,,
,,
,,
,,
,,
,,
,,
,,
,,
,,
,,
,,
,,
,,
,,
,,
,,
,,
,,
,,
,,
,,
,,
,,
,,
,,
,,
,,
,,
,,
,,
,,
,,
,,
,,
,,
,,
,,
,,
,,
,,
,,
,,
,,
,,
,,
,,
,,
,,
,,
,,
,,
,,
,,
,,
,,
,,
,,
,,
,,
,,
,,
,,
,,
,,
,,
,,
,,
,,
,,
,,
,,
,,
,,
,,
,,
,,
,,
,,
,,
,,
,,
,,
,,
,,
,,
,,
,,
,,
,,
,,
,,
,,
,,
,,
,,
,,
,,
,,
,,
,,
,,
,,
,,
,,
,,
,,
,,
,,
,,
,,
,,
,,
,,
,,
,,
,,
,,
,,
,,
,,
,,
,,
,,
,,
,,
,,
,,
,,
,,
,,
,,
,,
,,
,,
,,
,,
,,
,,
,,
,,
,,
,,
,,
,,
,,
,,
,,
,,
,,
,,
,,
,,
,,
,,
,,
,,
,,
,,
,,
,,
,,
,,
,,
,,
,,
,,
,,
,,
,,
,,
,,
,,
,,
,,
,,
,,
,,
,,
,,
,,
,,
,,
,,
,,
,,
,,
,,
,,
,,
,,
,,
,,
,,
,,
,,
,,
,,
,,
,,
,,
,,
,,
,,
,,
,,
,,
,,
,,
,,
,,
,,
,,
,,
,,
,,
,,
,,
,,
,,
,,
,,
,,
,,
,,
,,
,,
,,
,,
,,
,,
,,
,,
,,
,,
,,
,,
,,
,,
,,
,,
,,
,,
,,
,,
,,
,,
,,
,,
,,
,,
,,
,,
,,
,,
,,
,,
,,
,,
,,
,,
,,
,,
,,
,,
,,
,,
,,
,,
,,
,,
,,
,,
,,
,,
,,
,,
,,
,,
,,
,,
,,
,,
,,
,,
,,
,,
,,
,,
,,
,,
,,
,,
,,
,,
,,
,,
,,
,,
,,
,,
,,
,,
,,
,,
,,
,,
,,
,,
,,
,,
,,
,,
,,
,,
,,
,,
,,
,,
,,
,,
,,
,,
,,
,,
,,
,,
,,
,,
,,
,,
,,
,,
,,
,,
,,
,,
,,
,,
,,
,,
,,
,,
,,
,,
,,
,,
,,
,,
,,
,,
,,
,,
,,
,,
,,
,,
,,
,,
,,
,,
,,
,,
,,
,,
,,
,,
,,
,,
,,
,,
,,
,,
,,
,,
,,
,,
,,
,,
,,
,,
,,
,,
,,
,,
,,
,,
,,
,,
,,
,,
,,
,,
,,
,,
,,
,,
,,
,,
,,
,,
,,
,,
,,
,,
,,
,,
,,
,,
,,
,,
,,
,,
,,
,,
,,
,,
,,
,,
,,
,,
,,
,,
,,
,,
,,
,,
,,
,,
,,
,,
,,
,,
,,
,,
,,
,,
,,
,,
,,
,,
,,
,,
,,
,,
,,
,,
,,
,,
,,
,,
,,
,,
,,
,,
,,
,,
,,
,,
,,
,,
,,
,,
,,
,,
,,
,,
,,
,,
,,
,,
,,
,,
,,
,,
,,
,,
,,
,,
,,
,,
,,
,,
,,
,,
,,
,,
,,
,,
,,
,,
,,
,,
,,
,,
,,
,,
,,
,,
,,
,,
,,
,,
,,
,,
,,
,,
,,
,,
,,
,,
,,
,,
,,
,,
,,
,,
,,
,,
,,
,,
,,
,,
,,
,,
,,
,,
,,
,,
,,
,,
,,
,,
,,
,,
,,
,,
,,
,,
,,
,,
,,
,,
,,
,,
,,
,,
,,
,,
,,
,,
,,
,,
,,
,,
,,
,,
,,
,,
,,
,,
,,
,,
,,
,,
,,
,,
,,
,,
,,
,,
,,
,,
,,
,,
,,
,,
,,
,,
,,
,,
,,
,,
,,
,,
,,
,,
,,
,,
,,
,,
,,
,,
,,
,,
,,
,,
,,
,,
,,
,,
,,
,,
,,
,,
,,
,,
,,
,,
,,
,,
,,
,,
,,
,,
,,
,,
,,
,,
,,
,,
,,
,,
,,
,,
,,
,,
,,
,,
,,
,,
,,
,,
,,
,,
,,
,,
,,
,,
,,
,,
,,
,,
,,
,,
,,
,,
,,
,,
,,
,,
,,
,,
,,
,,
,,
,,
,,
,,
,,
,,
,,
,,
,,
,,
,,
,,
,,
,,
,,
,,
,,
,,
,,
,,
,,
,,
,,
,,
,,
,,
,,
,,
,,
,,
,,
,,
,,
,,
,,
,,
,,
,,
,,
,,
,,
,,
,,
,,
,,
,,
,,
,,
,,
,,
,,
,,
,,
,,
,,
,,
,,
,,
,,
,,
,,
,,
,,
,,
,,
,,
,,
,,
,,
,,
,,
,,
,,
,,
,,
,,
,,
,,
,,
,,
,,
,,
,,
,,
,,
,,
,,
,,
,,
,,
,,
,,
,,
,,
,,
,,
,,
,,
,,
,,
,,
,,
,,
,,
,,
,,
,,
,,
,,
,,
,,
,,
,,
,,
,,
,,
,,
,,
,,
,,
,,
,,
,,
,,
,,
,,
,,
,,
,,
,,
,,
,,
,,
,,
,,
,,
,,
,,
,,
,,
,,
,,
,,
,,
,,
,,
,,
,,
,,
,,
,,
,,
,,
,,
,,
,,
,,
,,
,,
,,
,,
,,
,,
,,
,,
,,
,,
,,
,,
,,
,,
,,
,,
,,
,,
,,
,,
,,
,,
,,
,,
,,
,,
,,
,,
,,
,,
,,
,,
,,
,,
,,
,,
,,
,,
,,
,,
,,
,,
,,
,,
,,
,,
,,
,,
,,
,,
,,
,,
,,
,,
,,
,,
,,
,,
,,
,,
,,
,,
,,
,,
,,
,,
,,
,,
,,
,,
,,
,,
,,
,,
,,
,,
,,
,,
,,
,,
,,
,,
,,
,,
,,
,,
,,
,,
,,
,,
,,
,,
,,
,,
,,
,,
,,
,,
,,
,,
,,
,,
,,
,,
,,
,,
,,
,,
,,
,,
,,
,,
,,
,,
,,
,,
,,
,,
,,
,,
,,
,,
,,
,,
,,
,,
,,
,,
,,
,,
,,
,,
,,
,,
,,
,,
,,
,,
,,
,,
,,
,,
,,
,,
,,
,,
,,
,,
,,
,,
,,
,,
,,
,,
,,
,,
,,
,,
,,
,,
,,
,,
,,
,,
,,
,,
,,
,,
,,
,,
,,
,,
,,
,,
,,
,,
,,
,,
,,
,,
,,
,,
,,
,,
,,
,,
,,
,,
,,
,,
,,
,,
,,
,,
,,
,,
,,
,,
,,
,,
,,
,,
,,
,,
,,
,,
,,
,,
,,
,,
,,
,,
,,
,,
,,
,,
,,
,,
,,
,,
,,
,,
,,
,,
,,
,,
,,
,,
,,
,,
,,
,,
,,
,,
,,
,,
,,
,,
,,
,,
,,
,,
,,
,,
,,
,,
,,
,,
,,
,,
,,
,,
,,
,,
,,
,,
,,
,,
,,
,,
,,
,,
,,
,,
,,
,,
,,
,,
,,
,,
,,
,,
,,
,,
,,
,,
,,
,,
,,
,,
,,
,,
,,
,,
,,
,,
,,
,,
,,
,,
,,
,,
,,
,,
,,
,,
,,
,,
,,
,,
,,
,,
,,
,,
,,
,,
,,
,,
,,
,,
,,
,,
,,
,,
,,
,,
,,
,,
,,
,,
,,
,,
,,
,,
,,
,,
,,
,,
,,
,,
,,
,,
,,
,,
,,
,,
,,
,,
,,
,,
,,
,,
,,
,,
,,
,,
,,
,,
,,
,,
,,
,,
,,
,,
,,
,,
,,
,,
,,
,,
,,
,,
,,
,,
,,
,,
,,
,,
,,
,,
,,
,,
,,
,,
,,
,,
,,
,,
,,
,,
,,
,,
,,
,,
,,
,,
,,
,,
,,
,,
,,
,,
,,
,,
,,
,,
,,
,,
,,
,,
,,
,,
,,
,,
,,
,,
,,
,,
,,
,,
,,
,,
,,
,,
,,
,,
,,
,,
,,
,,
,,
,,
,,
,,
,,
,,
,,
,,
,,
,,
,,
,,
,,
,,
,,
,,
,,
,,
,,
,,
,,
,,
,,
,,
,,
,,
,,
,,
,,
,,
,,
,,
,,
,,
,,
,,
,,
,,
,,
,,
,,
,,
,,
,,
,,
,,
,,
,,
,,
,,
,,
,,
,,
,,
,,
,,
,,
,,
,,
,,
,,
,,
,,
,,
,,
,,
,,
,,
,,
,,
,,
,,
,,
,,
,,
,,
,,
,,
,,
,,
,,
,,
,,
,,
,,
,,
,,
,,
,,
,,
,,
,,
,,
,,
,,
,,
,,
,,
,,
,,
,,
,,
,,
,,
,,
,,
,,
,,
,,
,,
,,
,,
,,
,,
,,
,,
,,
,,
,,
,,
,,
,,
,,
,,
,,
,,
,,
,,
,,
,,
,,
,,
,,
,,
,,
,,
,,
,,
,,
,,
,,
,,
,,
,,
,,
,,
,,
,,
,,
,,
,,
,,
,,
,,
,,
,,
,,
,,
,,
,,
,,
,,
,,
,,
,,
,,
,,
,,
,,
,,
,,
,,
,,
,,
,,
,,
,,
,,
,,
,,
,,
,,
,,
,,
,,
,,
,,
,,
,,
,,
,,
,,
,,
,,
,,
,,
,,
,,
,,
,,
,,
,,
,,
,,
,,
,,
,,
,,
,,
,,
,,
,,
,,
,,
,,
,,
,,
,,
,,
,,
,,
,,
,,
,,
,,
,,
,,
,,
,,
,,
,,
,,
,,
,,
,,
,,
,,
,,
,,
,,
,,
,,
,,
,,
,,
,,
,,
,,
,,
,,
,,
,,
,,
,,
,,
,,
,,
,,
,,
,,
,,
,,
,,
,,
,,
,,
,,
,,
,,
,,
,,
,,
,,
,,
,,
,,
,,
,,
,,
,,
,,
,,
,,
,,
,,
,,
,,
,,
,,
,,
,,
,,
,,
,,
,,
,,
,,
,,
,,
,,
,,
,,
,,
,,
,,
,,
,,
,,
,,
,,
,,
,,
,,
,,
,,
,,
,,
,,
,,
,,
,,
,,
,,
,,
,,
,,
,,
,,
,,
,,
,,
,,
,,
,,
,,
,,
,,
,,
,,
,,
,,
,,
,,
,,
,,
,,
,,
,,
,,
,,
,,
,,
,,
,,
,,
,,
,,
,,
,,
,,
,,
,,
,,
,,
,,
,,
,,
,,
,,
,,
,,
,,
,,
,,
,,
,,
,,
,,
,,
,,
,,
,,
,,
,,
